Timestamp,FrameID,CameraFPS,CameraWidth,CameraHeight,CameraSize,AlgoInferenceMs,AlgoFPS,AlgoAvgProcMs,AlgoTotalProcMs,AlgoCudaKernelMs,AlgoDroppedFrames,AlgoGpuFree,AlgoGpuTotal,DisplayRenderMs,DisplayLatencyMs,ProcLatencyMs,DisplayLatencyMs,EndToEndLatencyMs,JoulesPerFrame,SoC_TotalRAM,SoC_UsedRAM,SoC_CPU1_Util,SoC_CPU2_Util,SoC_CPU3_Util,SoC_CPU4_Util,SoC_CPU1_Freq,SoC_CPU2_Freq,SoC_CPU3_Freq,SoC_CPU4_Freq,PowerSensor0_Power,PowerSensor0_Volt,PowerSensor0_Curr,PowerSensor1_Power,PowerSensor1_Volt,PowerSensor1_Curr,PowerSensor2_Power,PowerSensor2_Volt,PowerSensor2_Curr,PowerSensor3_Power,PowerSensor3_Volt,PowerSensor3_Curr
2026-05-17 21:24:53.032,0,0,0,0,0,0,0,0,0,0,0,0,0,0,0,0,0,0,0,1952,895,47,92,22,78,1479,1479,1479,1479,4,4,4,0,0,0,0,0,0,0,0,0
2026-05-17 21:24:53.536,0,0,0,0,0,0,0,0,0,0,0,0,0,0,0,0,0,0,0,1952,895,81,62,64,24,1479,1479,1479,1479,4,4,4,0,0,0,0,0,0,0,0,0
2026-05-17 21:24:54.036,0,0,0,0,0,0,0,0,0,0,0,0,0,0,0,0,0,0,0,1952,906,94,72,91,78,1479,1479,1479,1479,4,4,4,0,0,0,0,0,0,0,0,0
2026-05-17 21:24:54.058,6,30,320,240,153600,1.08977,2.98927,4.60635,32.2445,0,0,0,0,0,0,1.08987,0,1.17352,0.133333,0,0,0,0,0,0,0,0,0,0,4,4,4,0,0,0,0,0,0,0,0,0
2026-05-17 21:24:54.134,7,30,320,240,153600,0.892731,3.30918,4.14215,33.1372,0,0,0,0,0,0,0.892731,0,0.957993,0.133333,0,0,0,0,0,0,0,0,0,0,4,4,4,0,0,0,0,0,0,0,0,0
2026-05-17 21:24:54.214,8,30,320,240,153600,1.72671,3.60238,3.87377,34.8639,0,0,0,0,0,0,1.72681,0,1.81135,0.133333,0,0,0,0,0,0,0,0,0,0,4,4,4,0,0,0,0,0,0,0,0,0
2026-05-17 21:24:54.290,9,30,320,240,153600,1.66504,3.88454,3.65289,36.5289,0,0,0,0,0,0,1.66509,0,1.74598,0.133333,0,0,0,0,0,0,0,0,0,0,4,4,4,0,0,0,0,0,0,0,0,0
2026-05-17 21:24:54.366,10,30,320,240,153600,1.65379,4.15043,3.47116,38.1827,0,0,0,0,0,0,1.65379,0,1.73004,0.133333,0,0,0,0,0,0,0,0,0,0,4,4,4,0,0,0,0,0,0,0,0,0
2026-05-17 21:24:54.446,11,30,320,240,153600,1.75291,4.39494,3.32797,39.9356,0,0,0,0,0,0,1.75301,0,1.85291,0.133333,0,0,0,0,0,0,0,0,0,0,4,4,4,0,0,0,0,0,0,0,0,0
2026-05-17 21:24:54.537,0,0,0,0,0,0,0,0,0,0,0,0,0,0,0,0,0,0,0,1952,906,97,38,40,95,1479,1479,1479,1479,4,4,4,0,0,0,0,0,0,0,0,0
2026-05-17 21:24:54.522,12,30,320,240,153600,1.65926,4.63245,3.19961,41.5949,0,0,0,0,0,0,1.65942,0,1.72567,0.133333,0,0,0,0,0,0,0,0,0,0,4,4,4,0,0,0,0,0,0,0,0,0
2026-05-17 21:24:54.602,13,30,320,240,153600,1.59728,4.85059,3.08516,43.1922,0,0,0,0,0,0,1.59728,0,1.69499,0.133333,0,0,0,0,0,0,0,0,0,0,4,4,4,0,0,0,0,0,0,0,0,0
2026-05-17 21:24:54.678,14,30,320,240,153600,1.57546,5.0637,2.98451,44.7676,0,0,0,0,0,0,1.57546,0,1.6527,0.133333,0,0,0,0,0,0,0,0,0,0,4,4,4,0,0,0,0,0,0,0,0,0
2026-05-17 21:24:54.754,15,30,320,240,153600,1.88822,5.2656,2.91599,46.6559,0,0,0,0,0,0,1.88817,0,1.97109,0.133333,0,0,0,0,0,0,0,0,0,0,4,4,4,0,0,0,0,0,0,0,0,0
2026-05-17 21:24:54.834,16,30,320,240,153600,1.67931,5.45162,2.84325,48.3352,0,0,0,0,0,0,1.67931,0,1.76025,0.133333,0,0,0,0,0,0,0,0,0,0,4,4,4,0,0,0,0,0,0,0,0,0
2026-05-17 21:24:54.910,17,30,320,240,153600,1.5454,5.63499,2.77114,49.8806,0,0,0,0,0,0,1.54551,0,1.75109,0.133333,0,0,0,0,0,0,0,0,0,0,4,4,4,0,0,0,0,0,0,0,0,0
2026-05-17 21:24:55.044,0,0,0,0,0,0,0,0,0,0,0,0,0,0,0,0,0,0,0,1952,906,72,46,64,94,1479,1479,1479,1479,4,4,4,0,0,0,0,0,0,0,0,0
2026-05-17 21:24:54.990,18,30,320,240,153600,0.866428,5.80139,2.6709,50.747,0,0,0,0,0,0,0.866481,0,2.48105,0.133333,0,0,0,0,0,0,0,0,0,0,4,4,4,0,0,0,0,0,0,0,0,0
2026-05-17 21:24:55.068,19,30,320,240,153600,6.79876,5.95729,2.87729,57.5458,0,0,0,0,0,0,6.79876,0,6.87496,0.133333,0,0,0,0,0,0,0,0,0,0,4,4,4,0,0,0,0,0,0,0,0,0
2026-05-17 21:24:55.142,20,30,320,240,153600,1.61488,6.129,2.81717,59.1607,0,0,0,0,0,0,1.61494,0,1.69207,0.133333,0,0,0,0,0,0,0,0,0,0,4,4,4,0,0,0,0,0,0,0,0,0
2026-05-17 21:24:55.298,22,30,320,240,153600,7.21982,6.41048,3.30108,75.9249,0,0,0,0,0,0,7.21997,0,7.28393,0.133333,0,0,0,0,0,0,0,0,0,0,4,4,4,0,0,0,0,0,0,0,0,0
2026-05-17 21:24:55.378,23,30,320,240,153600,1.66171,6.55326,3.23278,77.5866,0,0,0,0,0,0,1.66176,0,1.7352,0.133333,0,0,0,0,0,0,0,0,0,0,4,4,4,0,0,0,0,0,0,0,0,0
2026-05-17 21:24:55.455,24,30,320,240,153600,1.72223,6.68641,3.17235,79.3089,0,0,0,0,0,0,1.72239,0,1.81447,0.133333,0,0,0,0,0,0,0,0,0,0,4,4,4,0,0,0,0,0,0,0,0,0
2026-05-17 21:24:55.549,0,0,0,0,0,0,0,0,0,0,0,0,0,0,0,0,0,0,0,1952,909,86,55,57,87,1479,1479,1479,1479,4,4,4,0,0,0,0,0,0,0,0,0
2026-05-17 21:24:55.530,25,30,320,240,153600,7.1669,6.80654,3.32599,86.4758,0,0,0,0,0,0,7.167,0,7.25289,0.133333,0,0,0,0,0,0,0,0,0,0,4,4,4,0,0,0,0,0,0,0,0,0
2026-05-17 21:24:55.610,26,30,320,240,153600,1.51993,6.93334,3.2591,87.9957,0,0,0,0,0,0,1.52004,0,1.62488,0.133333,0,0,0,0,0,0,0,0,0,0,4,4,4,0,0,0,0,0,0,0,0,0
2026-05-17 21:24:55.686,27,30,320,240,153600,11.7478,7.03429,3.56227,99.7436,0,0,0,0,0,0,11.7478,0,11.836,0.133333,0,0,0,0,0,0,0,0,0,0,4,4,4,0,0,0,0,0,0,0,0,0
2026-05-17 21:24:55.767,28,30,320,240,153600,3.13451,7.1555,3.54752,102.878,0,0,0,0,0,0,3.13451,0,3.21175,0.133333,0,0,0,0,0,0,0,0,0,0,4,4,4,0,0,0,0,0,0,0,0,0
2026-05-17 21:24:55.842,29,30,320,240,153600,1.93145,7.26955,3.49365,104.81,0,0,0,0,0,0,1.93151,0,2.18005,0.133333,0,0,0,0,0,0,0,0,0,0,4,4,4,0,0,0,0,0,0,0,0,0
2026-05-17 21:24:55.918,30,30,320,240,153600,3.83499,7.37299,3.50466,108.645,0,0,0,0,0,0,3.8351,0,3.91421,0.133333,0,0,0,0,0,0,0,0,0,0,4,4,4,0,0,0,0,0,0,0,0,0
2026-05-17 21:24:56.050,0,0,0,0,0,0,0,0,0,0,0,0,0,0,0,0,0,0,0,1952,908,75,52,57,78,1479,1479,1479,1479,4,4,4,0,0,0,0,0,0,0,0,0
2026-05-17 21:24:55.998,31,30,320,240,153600,1.61895,7.47262,3.44573,110.263,0,0,0,0,0,0,1.61895,0,1.7028,0.133333,0,0,0,0,0,0,0,0,0,0,4,4,4,0,0,0,0,0,0,0,0,0
2026-05-17 21:24:56.074,32,30,320,240,153600,6.26068,7.56071,3.53103,116.524,0,0,0,0,0,0,6.26073,0,8.00244,0.133333,0,0,0,0,0,0,0,0,0,0,4,4,4,0,0,0,0,0,0,0,0,0
2026-05-17 21:24:56.154,33,30,320,240,153600,1.78729,7.66027,3.47975,118.311,0,0,0,0,0,0,1.78734,0,1.88968,0.133333,0,0,0,0,0,0,0,0,0,0,4,4,4,0,0,0,0,0,0,0,0,0
2026-05-17 21:24:56.230,34,30,320,240,153600,1.57697,7.75319,3.42538,119.888,0,0,0,0,0,0,1.57702,0,1.66504,0.133333,0,0,0,0,0,0,0,0,0,0,4,4,4,0,0,0,0,0,0,0,0,0
2026-05-17 21:24:56.306,35,30,320,240,153600,1.75577,7.84228,3.379,121.644,0,0,0,0,0,0,1.75577,0,1.85833,0.133333,0,0,0,0,0,0,0,0,0,0,4,4,4,0,0,0,0,0,0,0,0,0
2026-05-17 21:24:56.386,36,30,320,240,153600,1.54947,7.92253,3.32956,123.194,0,0,0,0,0,0,1.54947,0,1.61593,0.133333,0,0,0,0,0,0,0,0,0,0,4,4,4,0,0,0,0,0,0,0,0,0
2026-05-17 21:24:56.462,37,30,320,240,153600,1.62431,8.00612,3.28468,124.818,0,0,0,0,0,0,1.62442,0,1.70963,0.133333,0,0,0,0,0,0,0,0,0,0,4,4,4,0,0,0,0,0,0,0,0,0
2026-05-17 21:24:56.550,0,0,0,0,0,0,0,0,0,0,0,0,0,0,0,0,0,0,0,1952,909,93,46,50,85,1479,1479,1479,1479,4,4,4,0,0,0,0,0,0,0,0,0
2026-05-17 21:24:56.542,38,30,320,240,153600,11.7781,8.06372,3.50246,136.596,0,0,0,0,0,0,11.7781,0,11.8738,0.133333,0,0,0,0,0,0,0,0,0,0,4,4,4,0,0,0,0,0,0,0,0,0
2026-05-17 21:24:56.618,39,30,320,240,153600,11.8196,8.14248,3.71039,148.416,0,0,0,0,0,0,11.8197,0,11.8851,0.133333,0,0,0,0,0,0,0,0,0,0,4,4,4,0,0,0,0,0,0,0,0,0
2026-05-17 21:24:56.694,40,30,320,240,153600,1.65593,8.23552,3.66028,150.072,0,0,0,0,0,0,1.65603,0,1.73775,0.133333,0,0,0,0,0,0,0,0,0,0,4,4,4,0,0,0,0,0,0,0,0,0
2026-05-17 21:24:56.774,41,30,320,240,153600,1.7501,8.3029,3.6148,151.822,0,0,0,0,0,0,1.75025,0,1.84869,0.133333,0,0,0,0,0,0,0,0,0,0,4,4,4,0,0,0,0,0,0,0,0,0
2026-05-17 21:24:56.850,42,30,320,240,153600,1.57452,8.37509,3.56735,153.396,0,0,0,0,0,0,1.57452,0,1.6466,0.133333,0,0,0,0,0,0,0,0,0,0,4,4,4,0,0,0,0,0,0,0,0,0
2026-05-17 21:24:56.930,43,30,320,240,153600,6.19724,8.43048,3.62712,159.593,0,0,0,0,0,0,6.19724,0,6.46162,0.133333,0,0,0,0,0,0,0,0,0,0,4,4,4,0,0,0,0,0,0,0,0,0
2026-05-17 21:24:57.051,0,0,0,0,0,0,0,0,0,0,0,0,0,0,0,0,0,0,0,1952,909,76,78,66,50,1479,1479,1479,1479,4,4,4,0,0,0,0,0,0,0,0,0
2026-05-17 21:24:57.006,44,30,320,240,153600,1.56124,8.50621,3.58121,161.155,0,0,0,0,0,0,1.56124,0,1.634,0.133333,0,0,0,0,0,0,0,0,0,0,4,4,4,0,0,0,0,0,0,0,0,0
2026-05-17 21:24:57.082,45,30,320,240,153600,1.69296,8.5718,3.54016,162.848,0,0,0,0,0,0,1.69296,0,1.76801,0.133333,0,0,0,0,0,0,0,0,0,0,4,4,4,0,0,0,0,0,0,0,0,0
2026-05-17 21:24:57.162,46,30,320,240,153600,1.61848,8.62961,3.49928,164.466,0,0,0,0,0,0,1.61848,0,1.69577,0.133333,0,0,0,0,0,0,0,0,0,0,4,4,4,0,0,0,0,0,0,0,0,0
2026-05-17 21:24:57.238,47,30,320,240,153600,1.67603,8.69187,3.46129,166.142,0,0,0,0,0,0,1.67603,0,1.75838,0.133333,0,0,0,0,0,0,0,0,0,0,4,4,4,0,0,0,0,0,0,0,0,0
2026-05-17 21:24:57.318,48,30,320,240,153600,7.24867,8.73734,3.53859,173.391,0,0,0,0,0,0,7.24867,0,7.47758,0.133333,0,0,0,0,0,0,0,0,0,0,4,4,4,0,0,0,0,0,0,0,0,0
2026-05-17 21:24:57.394,49,30,320,240,153600,1.56327,8.80552,3.49908,174.954,0,0,0,0,0,0,1.56348,0,1.62577,0.133333,0,0,0,0,0,0,0,0,0,0,4,4,4,0,0,0,0,0,0,0,0,0
2026-05-17 21:24:57.470,50,30,320,240,153600,1.50358,8.86303,3.45995,176.458,0,0,0,0,0,0,1.50353,0,1.57374,0.133333,0,0,0,0,0,0,0,0,0,0,4,4,4,0,0,0,0,0,0,0,0,0
2026-05-17 21:24:57.551,0,0,0,0,0,0,0,0,0,0,0,0,0,0,0,0,0,0,0,1952,909,79,91,65,52,1479,1479,1479,1479,4,4,4,0,0,0,0,0,0,0,0,0
2026-05-17 21:24:57.550,51,30,320,240,153600,3.99281,8.90914,3.4702,180.45,0,0,0,0,0,0,3.99286,0,4.05682,0.133333,0,0,0,0,0,0,0,0,0,0,4,4,4,0,0,0,0,0,0,0,0,0
2026-05-17 21:24:57.626,52,30,320,240,153600,1.56322,8.96743,3.43422,182.014,0,0,0,0,0,0,1.56316,0,1.62962,0.133333,0,0,0,0,0,0,0,0,0,0,4,4,4,0,0,0,0,0,0,0,0,0
2026-05-17 21:24:57.706,53,30,320,240,153600,1.60822,9.01447,3.4004,183.622,0,0,0,0,0,0,1.60832,0,1.71812,0.133333,0,0,0,0,0,0,0,0,0,0,4,4,4,0,0,0,0,0,0,0,0,0
2026-05-17 21:24:57.782,54,30,320,240,153600,1.56238,9.06651,3.36699,185.184,0,0,0,0,0,0,1.56233,0,1.63416,0.133333,0,0,0,0,0,0,0,0,0,0,4,4,4,0,0,0,0,0,0,0,0,0
2026-05-17 21:24:57.862,55,30,320,240,153600,1.56566,9.11123,3.33482,186.75,0,0,0,0,0,0,1.56566,0,1.63379,0.133333,0,0,0,0,0,0,0,0,0,0,4,4,4,0,0,0,0,0,0,0,0,0
2026-05-17 21:24:57.938,56,30,320,240,153600,1.78234,9.16019,3.30758,188.532,0,0,0,0,0,0,1.78228,0,1.8802,0.133333,0,0,0,0,0,0,0,0,0,0,4,4,4,0,0,0,0,0,0,0,0,0
2026-05-17 21:24:58.055,0,0,0,0,0,0,0,0,0,0,0,0,0,0,0,0,0,0,0,1952,910,44,61,94,74,1479,1479,1479,1479,4,4,4,0,0,0,0,0,0,0,0,0
2026-05-17 21:24:58.014,57,30,320,240,153600,1.65869,9.2087,3.27915,190.191,0,0,0,0,0,0,1.6589,0,1.73155,0.133333,0,0,0,0,0,0,0,0,0,0,4,4,4,0,0,0,0,0,0,0,0,0
2026-05-17 21:24:58.094,58,30,320,240,153600,0.884293,9.2506,3.23856,191.075,0,0,0,0,0,0,0.884293,0,1.31826,0.133333,0,0,0,0,0,0,0,0,0,0,4,4,4,0,0,0,0,0,0,0,0,0
2026-05-17 21:24:58.170,59,30,320,240,153600,1.8063,9.29533,3.21469,192.882,0,0,0,0,0,0,1.8065,0,2.03693,0.133333,0,0,0,0,0,0,0,0,0,0,4,4,4,0,0,0,0,0,0,0,0,0
2026-05-17 21:24:58.250,60,30,320,240,153600,1.57796,9.33537,3.18786,194.459,0,0,0,0,0,0,1.57801,0,1.64665,0.133333,0,0,0,0,0,0,0,0,0,0,4,4,4,0,0,0,0,0,0,0,0,0
2026-05-17 21:24:58.326,61,30,320,240,153600,1.66426,9.37905,3.16329,196.124,0,0,0,0,0,0,1.66431,0,1.76504,0.133333,0,0,0,0,0,0,0,0,0,0,4,4,4,0,0,0,0,0,0,0,0,0
2026-05-17 21:24:58.402,62,30,320,240,153600,11.3657,9.40839,3.29348,207.489,0,0,0,0,0,0,11.3658,0,11.4708,0.133333,0,0,0,0,0,0,0,0,0,0,4,4,4,0,0,0,0,0,0,0,0,0
2026-05-17 21:24:58.482,63,30,320,240,153600,1.63728,9.45846,3.26761,209.127,0,0,0,0,0,0,1.63728,0,1.72093,0.133333,0,0,0,0,0,0,0,0,0,0,4,4,4,0,0,0,0,0,0,0,0,0
2026-05-17 21:24:58.556,0,0,0,0,0,0,0,0,0,0,0,0,0,0,0,0,0,0,0,1952,911,62,69,80,74,1479,1479,1479,1479,4,4,4,0,0,0,0,0,0,0,0,0
2026-05-17 21:24:58.558,64,30,320,240,153600,5.26013,9.49208,3.29826,214.387,0,0,0,0,0,0,5.26029,0,7.13846,0.133333,0,0,0,0,0,0,0,0,0,0,4,4,4,0,0,0,0,0,0,0,0,0
2026-05-17 21:24:58.638,65,30,320,240,153600,1.61171,9.53435,3.27271,215.999,0,0,0,0,0,0,1.61186,0,1.69166,0.133333,0,0,0,0,0,0,0,0,0,0,4,4,4,0,0,0,0,0,0,0,0,0
2026-05-17 21:24:58.714,66,30,320,240,153600,1.60353,9.57366,3.24779,217.602,0,0,0,0,0,0,1.60353,0,1.69645,0.133333,0,0,0,0,0,0,0,0,0,0,4,4,4,0,0,0,0,0,0,0,0,0
2026-05-17 21:24:58.790,67,30,320,240,153600,4.76085,9.60778,3.27004,222.363,0,0,0,0,0,0,4.76085,0,4.85814,0.133333,0,0,0,0,0,0,0,0,0,0,4,4,4,0,0,0,0,0,0,0,0,0
2026-05-17 21:24:58.870,68,30,320,240,153600,1.55233,9.64457,3.24515,223.915,0,0,0,0,0,0,1.55233,0,1.61869,0.133333,0,0,0,0,0,0,0,0,0,0,4,4,4,0,0,0,0,0,0,0,0,0
2026-05-17 21:24:58.946,69,30,320,240,153600,1.78359,9.68078,3.22427,225.699,0,0,0,0,0,0,1.78353,0,1.88958,0.133333,0,0,0,0,0,0,0,0,0,0,4,4,4,0,0,0,0,0,0,0,0,0
2026-05-17 21:24:59.058,0,0,0,0,0,0,0,0,0,0,0,0,0,0,0,0,0,0,0,1952,910,82,72,46,72,1479,1479,1479,1479,4,4,4,0,0,0,0,0,0,0,0,0
2026-05-17 21:24:59.026,70,30,320,240,153600,0.897626,9.71309,3.1915,226.596,0,0,0,0,0,0,0.897679,0,1.00539,0.133333,0,0,0,0,0,0,0,0,0,0,4,4,4,0,0,0,0,0,0,0,0,0
2026-05-17 21:24:59.102,71,30,320,240,153600,0.893304,9.74859,3.15958,227.49,0,0,0,0,0,0,0.893304,0,0.95867,0.133333,0,0,0,0,0,0,0,0,0,0,4,4,4,0,0,0,0,0,0,0,0,0
2026-05-17 21:24:59.178,72,30,320,240,153600,1.64889,9.7823,3.13889,229.139,0,0,0,0,0,0,1.64889,0,1.74978,0.133333,0,0,0,0,0,0,0,0,0,0,4,4,4,0,0,0,0,0,0,0,0,0
2026-05-17 21:24:59.258,73,30,320,240,153600,1.95218,9.81012,3.12285,231.091,0,0,0,0,0,0,1.95224,0,2.53069,0.133333,0,0,0,0,0,0,0,0,0,0,4,4,4,0,0,0,0,0,0,0,0,0
2026-05-17 21:24:59.334,74,30,320,240,153600,5.00653,9.84017,3.14797,236.097,0,0,0,0,0,0,5.00653,0,5.10716,0.133333,0,0,0,0,0,0,0,0,0,0,4,4,4,0,0,0,0,0,0,0,0,0
2026-05-17 21:24:59.414,75,30,320,240,153600,3.80259,9.86941,3.15658,239.9,0,0,0,0,0,0,3.80259,0,3.88161,0.133333,0,0,0,0,0,0,0,0,0,0,4,4,4,0,0,0,0,0,0,0,0,0
2026-05-17 21:24:59.567,0,0,0,0,0,0,0,0,0,0,0,0,0,0,0,0,0,0,0,1952,910,50,90,44,90,1479,1479,1479,1479,4,4,4,0,0,0,0,0,0,0,0,0
2026-05-17 21:24:59.490,76,30,320,240,153600,3.16664,9.9023,3.15671,243.067,0,0,0,0,0,0,3.16664,0,3.26571,0.133333,0,0,0,0,0,0,0,0,0,0,4,4,4,0,0,0,0,0,0,0,0,0
2026-05-17 21:24:59.567,77,30,320,240,153600,4.77486,9.93027,3.17746,247.841,0,0,0,0,0,0,4.77486,0,4.85132,0.133333,0,0,0,0,0,0,0,0,0,0,4,4,4,0,0,0,0,0,0,0,0,0
2026-05-17 21:24:59.646,78,30,320,240,153600,1.5504,9.96169,3.15686,249.392,0,0,0,0,0,0,1.5504,0,1.65957,0.133333,0,0,0,0,0,0,0,0,0,0,4,4,4,0,0,0,0,0,0,0,0,0
2026-05-17 21:24:59.722,79,30,320,240,153600,11.7085,9.97939,3.26375,261.1,0,0,0,0,0,0,11.7085,0,11.8096,0.133333,0,0,0,0,0,0,0,0,0,0,4,4,4,0,0,0,0,0,0,0,0,0
2026-05-17 21:24:59.802,80,30,320,240,153600,1.73015,10.0166,3.24482,262.831,0,0,0,0,0,0,1.73036,0,1.83687,0.133333,0,0,0,0,0,0,0,0,0,0,4,4,4,0,0,0,0,0,0,0,0,0
2026-05-17 21:24:59.878,81,30,320,240,153600,1.62233,10.046,3.22503,264.453,0,0,0,0,0,0,1.62233,0,1.69973,0.133333,0,0,0,0,0,0,0,0,0,0,4,4,4,0,0,0,0,0,0,0,0,0
2026-05-17 21:24:59.954,82,30,320,240,153600,10.2805,10.0639,3.31004,274.733,0,0,0,0,0,0,10.2805,0,10.3705,0.133333,0,0,0,0,0,0,0,0,0,0,4,4,4,0,0,0,0,0,0,0,0,0
2026-05-17 21:25:00.034,83,30,320,240,153600,1.55348,10.098,3.28913,276.287,0,0,0,0,0,0,1.55348,0,1.74973,0.133333,0,0,0,0,0,0,0,0,0,0,4,4,4,0,0,0,0,0,0,0,0,0
2026-05-17 21:25:00.068,0,0,0,0,0,0,0,0,0,0,0,0,0,0,0,0,0,0,0,1952,910,61,82,82,66,1479,1479,1479,1479,4,4,4,0,0,0,0,0,0,0,0,0
2026-05-17 21:25:00.110,84,30,320,240,153600,1.57587,10.1258,3.26897,277.863,0,0,0,0,0,0,1.57593,0,1.64942,0.133333,0,0,0,0,0,0,0,0,0,0,4,4,4,0,0,0,0,0,0,0,0,0
2026-05-17 21:25:00.190,85,30,320,240,153600,15.694,10.1314,3.41345,293.557,0,0,0,0,0,0,15.6939,0,15.7835,0.133333,0,0,0,0,0,0,0,0,0,0,4,4,4,0,0,0,0,0,0,0,0,0
2026-05-17 21:25:00.266,86,30,320,240,153600,1.59566,10.1749,3.39256,295.152,0,0,0,0,0,0,1.59572,0,1.67879,0.133333,0,0,0,0,0,0,0,0,0,0,4,4,4,0,0,0,0,0,0,0,0,0
2026-05-17 21:25:00.342,87,30,320,240,153600,1.58843,10.2011,3.37205,296.741,0,0,0,0,0,0,1.58848,0,1.79801,0.133333,0,0,0,0,0,0,0,0,0,0,4,4,4,0,0,0,0,0,0,0,0,0
2026-05-17 21:25:00.422,88,30,320,240,153600,19.6018,10.2011,3.55441,316.343,0,0,0,0,0,0,19.6018,0,19.8057,0.133333,0,0,0,0,0,0,0,0,0,0,4,4,4,0,0,0,0,0,0,0,0,0
2026-05-17 21:25:00.498,89,30,320,240,153600,4.08427,10.2449,3.5603,320.427,0,0,0,0,0,0,4.08427,0,4.15099,0.133333,0,0,0,0,0,0,0,0,0,0,4,4,4,0,0,0,0,0,0,0,0,0
2026-05-17 21:25:00.570,0,0,0,0,0,0,0,0,0,0,0,0,0,0,0,0,0,0,0,1952,910,51,91,87,41,1479,1479,1479,1479,4,4,4,0,0,0,0,0,0,0,0,0
2026-05-17 21:25:00.578,90,30,320,240,153600,2.67121,10.2667,3.55053,323.098,0,0,0,0,0,0,2.67127,0,2.78189,0.133333,0,0,0,0,0,0,0,0,0,0,4,4,4,0,0,0,0,0,0,0,0,0
2026-05-17 21:25:00.654,91,30,320,240,153600,0.826218,10.2935,3.52092,323.924,0,0,0,0,0,0,0.826427,0,0.930284,0.133333,0,0,0,0,0,0,0,0,0,0,4,4,4,0,0,0,0,0,0,0,0,0
2026-05-17 21:25:00.730,92,30,320,240,153600,1.11123,10.3174,3.495,325.035,0,0,0,0,0,0,1.11128,0,1.19206,0.133333,0,0,0,0,0,0,0,0,0,0,4,4,4,0,0,0,0,0,0,0,0,0
2026-05-17 21:25:00.810,93,30,320,240,153600,13.8968,10.3217,3.60566,338.932,0,0,0,0,0,0,13.8968,0,14.1933,0.133333,0,0,0,0,0,0,0,0,0,0,4,4,4,0,0,0,0,0,0,0,0,0
2026-05-17 21:25:00.886,94,30,320,240,153600,1.62275,10.3593,3.58479,340.555,0,0,0,0,0,0,1.62275,0,1.70556,0.133333,0,0,0,0,0,0,0,0,0,0,4,4,4,0,0,0,0,0,0,0,0,0
2026-05-17 21:25:00.966,95,30,320,240,153600,0.874136,10.3786,3.55655,341.429,0,0,0,0,0,0,0.874501,0,0.962576,0.133333,0,0,0,0,0,0,0,0,0,0,4,4,4,0,0,0,0,0,0,0,0,0
2026-05-17 21:25:01.071,0,0,0,0,0,0,0,0,0,0,0,0,0,0,0,0,0,0,0,1952,910,52,86,67,78,1479,1479,1479,1479,4,4,4,0,0,0,0,0,0,0,0,0
2026-05-17 21:25:01.042,96,30,320,240,153600,14.0427,10.3844,3.66466,355.472,0,0,0,0,0,0,14.0428,0,16.1236,0.133333,0,0,0,0,0,0,0,0,0,0,4,4,4,0,0,0,0,0,0,0,0,0
2026-05-17 21:25:01.118,97,30,320,240,153600,1.63337,10.4228,3.64393,357.105,0,0,0,0,0,0,1.63343,0,1.71655,0.133333,0,0,0,0,0,0,0,0,0,0,4,4,4,0,0,0,0,0,0,0,0,0
2026-05-17 21:25:01.198,98,30,320,240,153600,12.733,10.4281,3.73574,369.838,0,0,0,0,0,0,12.733,0,12.8236,0.133333,0,0,0,0,0,0,0,0,0,0,4,4,4,0,0,0,0,0,0,0,0,0
2026-05-17 21:25:01.274,99,30,320,240,153600,1.56707,10.462,3.71405,371.405,0,0,0,0,0,0,1.56717,0,1.63306,0.133333,0,0,0,0,0,0,0,0,0,0,4,4,4,0,0,0,0,0,0,0,0,0
2026-05-17 21:25:01.354,100,30,320,240,153600,1.59186,10.4789,3.69304,372.997,0,0,0,0,0,0,1.59197,0,1.66681,0.133333,0,0,0,0,0,0,0,0,0,0,4,4,4,0,0,0,0,0,0,0,0,0
2026-05-17 21:25:01.430,101,30,320,240,153600,2.9358,10.4976,3.68562,375.933,0,0,0,0,0,0,2.9358,0,3.74634,0.133333,0,0,0,0,0,0,0,0,0,0,4,4,4,0,0,0,0,0,0,0,0,0
2026-05-17 21:25:01.506,102,30,320,240,153600,1.79937,10.5202,3.6673,377.732,0,0,0,0,0,0,1.79947,0,1.89609,0.133333,0,0,0,0,0,0,0,0,0,0,4,4,4,0,0,0,0,0,0,0,0,0
2026-05-17 21:25:01.572,0,0,0,0,0,0,0,0,0,0,0,0,0,0,0,0,0,0,0,1952,910,46,62,96,70,1479,1479,1479,1479,4,4,4,0,0,0,0,0,0,0,0,0
2026-05-17 21:25:01.587,103,30,320,240,153600,15.1428,10.5214,3.77765,392.875,0,0,0,0,0,0,15.1428,0,15.2887,0.133333,0,0,0,0,0,0,0,0,0,0,4,4,4,0,0,0,0,0,0,0,0,0
2026-05-17 21:25:01.662,104,30,320,240,153600,1.6789,10.5565,3.75766,394.554,0,0,0,0,0,0,1.6789,0,1.74275,0.133333,0,0,0,0,0,0,0,0,0,0,4,4,4,0,0,0,0,0,0,0,0,0
2026-05-17 21:25:01.742,105,30,320,240,153600,1.56368,10.5721,3.73696,396.118,0,0,0,0,0,0,1.56368,0,1.63322,0.133333,0,0,0,0,0,0,0,0,0,0,4,4,4,0,0,0,0,0,0,0,0,0
2026-05-17 21:25:01.818,106,30,320,240,153600,15.8189,10.5766,3.84987,411.937,0,0,0,0,0,0,15.8189,0,15.9049,0.133333,0,0,0,0,0,0,0,0,0,0,4,4,4,0,0,0,0,0,0,0,0,0
2026-05-17 21:25:01.894,107,30,320,240,153600,1.05742,10.6112,3.82402,412.994,0,0,0,0,0,0,1.05742,0,1.138,0.133333,0,0,0,0,0,0,0,0,0,0,4,4,4,0,0,0,0,0,0,0,0,0
2026-05-17 21:25:01.974,108,30,320,240,153600,1.58889,10.6254,3.80351,414.583,0,0,0,0,0,0,1.589,0,1.70338,0.133333,0,0,0,0,0,0,0,0,0,0,4,4,4,0,0,0,0,0,0,0,0,0
2026-05-17 21:25:02.074,0,0,0,0,0,0,0,0,0,0,0,0,0,0,0,0,0,0,0,1952,911,71,88,54,74,1479,1479,1479,1479,4,4,4,0,0,0,0,0,0,0,0,0
2026-05-17 21:25:02.050,109,30,320,240,153600,1.73515,10.6437,3.78471,416.318,0,0,0,0,0,0,1.7352,0,1.96198,0.133333,0,0,0,0,0,0,0,0,0,0,4,4,4,0,0,0,0,0,0,0,0,0
2026-05-17 21:25:02.130,110,30,320,240,153600,0.89398,10.659,3.75867,417.212,0,0,0,0,0,0,0.893981,0,0.955597,0.133333,0,0,0,0,0,0,0,0,0,0,4,4,4,0,0,0,0,0,0,0,0,0
2026-05-17 21:25:02.206,111,30,320,240,153600,1.9063,10.6759,3.74213,419.118,0,0,0,0,0,0,1.9064,0,2.11526,0.133333,0,0,0,0,0,0,0,0,0,0,4,4,4,0,0,0,0,0,0,0,0,0
2026-05-17 21:25:02.286,112,30,320,240,153600,0.846636,10.691,3.7165,419.965,0,0,0,0,0,0,0.846636,0,0.918409,0.133333,0,0,0,0,0,0,0,0,0,0,4,4,4,0,0,0,0,0,0,0,0,0
2026-05-17 21:25:02.362,113,30,320,240,153600,4.00297,10.7054,3.71902,423.968,0,0,0,0,0,0,4.00302,0,4.10401,0.133333,0,0,0,0,0,0,0,0,0,0,4,4,4,0,0,0,0,0,0,0,0,0
2026-05-17 21:25:02.438,114,30,320,240,153600,1.01122,10.7258,3.69547,424.979,0,0,0,0,0,0,1.01153,0,1.0806,0.133333,0,0,0,0,0,0,0,0,0,0,4,4,4,0,0,0,0,0,0,0,0,0
2026-05-17 21:25:02.518,115,30,320,240,153600,0.993254,10.7389,3.67218,425.972,0,0,0,0,0,0,0.993306,0,1.07878,0.133333,0,0,0,0,0,0,0,0,0,0,4,4,4,0,0,0,0,0,0,0,0,0
2026-05-17 21:25:02.575,0,0,0,0,0,0,0,0,0,0,0,0,0,0,0,0,0,0,0,1952,910,46,94,42,92,1479,1479,1479,1479,4,4,4,0,0,0,0,0,0,0,0,0
2026-05-17 21:25:02.594,116,30,320,240,153600,16.5758,10.7403,3.78246,442.548,0,0,0,0,0,0,16.5758,0,16.6849,0.133333,0,0,0,0,0,0,0,0,0,0,4,4,4,0,0,0,0,0,0,0,0,0
2026-05-17 21:25:02.674,117,30,320,240,153600,0.838198,10.7686,3.75751,443.386,0,0,0,0,0,0,0.83825,0,0.944451,0.133333,0,0,0,0,0,0,0,0,0,0,4,4,4,0,0,0,0,0,0,0,0,0
2026-05-17 21:25:02.750,118,30,320,240,153600,0.993566,10.7849,3.73429,444.38,0,0,0,0,0,0,0.993671,0,1.09331,0.133333,0,0,0,0,0,0,0,0,0,0,4,4,4,0,0,0,0,0,0,0,0,0
2026-05-17 21:25:02.826,119,30,320,240,153600,11.6298,10.7909,3.80008,456.01,0,0,0,0,0,0,11.6298,0,11.7289,0.133333,0,0,0,0,0,0,0,0,0,0,4,4,4,0,0,0,0,0,0,0,0,0
2026-05-17 21:25:02.906,120,30,320,240,153600,1.6691,10.8127,3.78247,457.679,0,0,0,0,0,0,1.6691,0,1.75801,0.133333,0,0,0,0,0,0,0,0,0,0,4,4,4,0,0,0,0,0,0,0,0,0
2026-05-17 21:25:02.982,121,30,320,240,153600,4.44412,10.8258,3.78789,462.123,0,0,0,0,0,0,4.44412,0,4.51959,0.133333,0,0,0,0,0,0,0,0,0,0,4,4,4,0,0,0,0,0,0,0,0,0
2026-05-17 21:25:03.077,0,0,0,0,0,0,0,0,0,0,0,0,0,0,0,0,0,0,0,1952,910,72,89,58,65,1479,1479,1479,1479,4,4,4,0,0,0,0,0,0,0,0,0
2026-05-17 21:25:03.069,122,30,320,240,153600,1.97406,10.8332,3.77315,464.097,0,0,0,0,0,0,1.97422,0,2.07349,0.133333,0,0,0,0,0,0,0,0,0,0,4,4,4,0,0,0,0,0,0,0,0,0
2026-05-17 21:25:03.138,123,30,320,240,153600,1.61989,10.8557,3.75578,465.717,0,0,0,0,0,0,1.62004,0,1.69608,0.133333,0,0,0,0,0,0,0,0,0,0,4,4,4,0,0,0,0,0,0,0,0,0
2026-05-17 21:25:03.214,124,30,320,240,153600,13.2666,10.86,3.83187,478.983,0,0,0,0,0,0,13.2666,0,13.3567,0.133333,0,0,0,0,0,0,0,0,0,0,4,4,4,0,0,0,0,0,0,0,0,0
2026-05-17 21:25:03.294,125,30,320,240,153600,1.76437,10.8821,3.81546,480.748,0,0,0,0,0,0,1.76437,0,1.8501,0.133333,0,0,0,0,0,0,0,0,0,0,4,4,4,0,0,0,0,0,0,0,0,0
2026-05-17 21:25:03.370,126,30,320,240,153600,1.5579,10.8968,3.79768,482.306,0,0,0,0,0,0,1.55837,0,1.98239,0.133333,0,0,0,0,0,0,0,0,0,0,4,4,4,0,0,0,0,0,0,0,0,0
2026-05-17 21:25:03.450,127,30,320,240,153600,11.6346,10.8988,3.85891,493.94,0,0,0,0,0,0,11.6347,0,11.7032,0.133333,0,0,0,0,0,0,0,0,0,0,4,4,4,0,0,0,0,0,0,0,0,0
2026-05-17 21:25:03.578,0,0,0,0,0,0,0,0,0,0,0,0,0,0,0,0,0,0,0,1952,910,64,52,90,68,1479,1479,1479,1479,4,4,4,0,0,0,0,0,0,0,0,0
2026-05-17 21:25:03.526,128,30,320,240,153600,11.6046,10.9133,3.91895,505.545,0,0,0,0,0,0,11.6047,0,11.6716,0.133333,0,0,0,0,0,0,0,0,0,0,4,4,4,0,0,0,0,0,0,0,0,0
2026-05-17 21:25:03.602,129,30,320,240,153600,1.61509,10.9367,3.90123,507.16,0,0,0,0,0,0,1.61514,0,1.73353,0.133333,0,0,0,0,0,0,0,0,0,0,4,4,4,0,0,0,0,0,0,0,0,0
2026-05-17 21:25:03.682,130,30,320,240,153600,1.57118,10.9473,3.88344,508.731,0,0,0,0,0,0,1.57145,0,1.63697,0.133333,0,0,0,0,0,0,0,0,0,0,4,4,4,0,0,0,0,0,0,0,0,0
2026-05-17 21:25:03.758,131,30,320,240,153600,1.61374,10.9612,3.86625,510.345,0,0,0,0,0,0,1.61395,0,1.69525,0.133333,0,0,0,0,0,0,0,0,0,0,4,4,4,0,0,0,0,0,0,0,0,0
2026-05-17 21:25:03.838,132,30,320,240,153600,16.1087,10.9582,3.9583,526.454,0,0,0,0,0,0,16.1087,0,16.2162,0.133333,0,0,0,0,0,0,0,0,0,0,4,4,4,0,0,0,0,0,0,0,0,0
2026-05-17 21:25:03.914,133,30,320,240,153600,1.61973,10.9849,3.94085,528.073,0,0,0,0,0,0,1.61978,0,1.69582,0.133333,0,0,0,0,0,0,0,0,0,0,4,4,4,0,0,0,0,0,0,0,0,0
2026-05-17 21:25:03.990,134,30,320,240,153600,1.08274,10.9989,3.91967,529.156,0,0,0,0,0,0,1.08274,0,1.16654,0.133333,0,0,0,0,0,0,0,0,0,0,4,4,4,0,0,0,0,0,0,0,0,0
2026-05-17 21:25:04.080,0,0,0,0,0,0,0,0,0,0,0,0,0,0,0,0,0,0,0,1952,910,78,82,75,50,1479,1479,1479,1479,4,4,4,0,0,0,0,0,0,0,0,0
2026-05-17 21:25:04.070,135,30,320,240,153600,8.32781,11.0022,3.95209,537.484,0,0,0,0,0,0,8.32786,0,8.39693,0.133333,0,0,0,0,0,0,0,0,0,0,4,4,4,0,0,0,0,0,0,0,0,0
2026-05-17 21:25:04.146,136,30,320,240,153600,11.5685,11.0124,4.00768,549.052,0,0,0,0,0,0,11.5685,0,11.6634,0.133333,0,0,0,0,0,0,0,0,0,0,4,4,4,0,0,0,0,0,0,0,0,0
2026-05-17 21:25:04.226,137,30,320,240,153600,7.94655,11.0251,4.03622,556.999,0,0,0,0,0,0,7.94655,0,8.0551,0.133333,0,0,0,0,0,0,0,0,0,0,4,4,4,0,0,0,0,0,0,0,0,0
2026-05-17 21:25:04.302,138,30,320,240,153600,11.593,11.0348,4.09059,568.592,0,0,0,0,0,0,11.593,0,11.6651,0.133333,0,0,0,0,0,0,0,0,0,0,4,4,4,0,0,0,0,0,0,0,0,0
2026-05-17 21:25:04.378,139,30,320,240,153600,1.56353,11.0562,4.07254,570.155,0,0,0,0,0,0,1.56353,0,1.67119,0.133333,0,0,0,0,0,0,0,0,0,0,4,4,4,0,0,0,0,0,0,0,0,0
2026-05-17 21:25:04.458,140,30,320,240,153600,1.55785,11.0653,4.0547,571.713,0,0,0,0,0,0,1.55785,0,1.70317,0.133333,0,0,0,0,0,0,0,0,0,0,4,4,4,0,0,0,0,0,0,0,0,0
2026-05-17 21:25:04.534,141,30,320,240,153600,0.938148,11.0783,4.03276,572.651,0,0,0,0,0,0,0.938148,0,1.01852,0.133333,0,0,0,0,0,0,0,0,0,0,4,4,4,0,0,0,0,0,0,0,0,0
2026-05-17 21:25:04.581,0,0,0,0,0,0,0,0,0,0,0,0,0,0,0,0,0,0,0,1952,910,69,70,72,60,1479,1479,1479,1479,4,4,4,0,0,0,0,0,0,0,0,0
2026-05-17 21:25:04.614,142,30,320,240,153600,1.60181,11.0865,4.01576,574.253,0,0,0,0,0,0,1.60186,0,1.72608,0.133333,0,0,0,0,0,0,0,0,0,0,4,4,4,0,0,0,0,0,0,0,0,0
2026-05-17 21:25:04.690,143,30,320,240,153600,1.5954,11.0987,3.99895,575.849,0,0,0,0,0,0,1.59546,0,1.66202,0.133333,0,0,0,0,0,0,0,0,0,0,4,4,4,0,0,0,0,0,0,0,0,0
2026-05-17 21:25:04.766,144,30,320,240,153600,1.61738,11.1106,3.98252,577.466,0,0,0,0,0,0,1.61744,0,1.69395,0.133333,0,0,0,0,0,0,0,0,0,0,4,4,4,0,0,0,0,0,0,0,0,0
2026-05-17 21:25:04.847,145,30,320,240,153600,11.1513,11.1107,4.03163,588.617,0,0,0,0,0,0,11.1513,0,11.2799,0.133333,0,0,0,0,0,0,0,0,0,0,4,4,4,0,0,0,0,0,0,0,0,0
2026-05-17 21:25:04.922,146,30,320,240,153600,0.982993,11.1314,4.01089,589.6,0,0,0,0,0,0,0.983097,0,1.0494,0.133333,0,0,0,0,0,0,0,0,0,0,4,4,4,0,0,0,0,0,0,0,0,0
2026-05-17 21:25:05.002,147,30,320,240,153600,3.99224,11.137,4.01076,593.593,0,0,0,0,0,0,3.99234,0,4.1826,0.133333,0,0,0,0,0,0,0,0,0,0,4,4,4,0,0,0,0,0,0,0,0,0
2026-05-17 21:25:05.082,0,0,0,0,0,0,0,0,0,0,0,0,0,0,0,0,0,0,0,1952,910,53,70,72,91,1479,1479,1479,1479,4,4,4,0,0,0,0,0,0,0,0,0
2026-05-17 21:25:05.079,148,30,320,240,153600,15.3472,11.1388,4.08684,608.94,0,0,0,0,0,0,15.3472,0,15.6271,0.133333,0,0,0,0,0,0,0,0,0,0,4,4,4,0,0,0,0,0,0,0,0,0
2026-05-17 21:25:05.154,149,30,320,240,153600,0.884762,11.1625,4.0655,609.825,0,0,0,0,0,0,0.88497,0,0.948826,0.133333,0,0,0,0,0,0,0,0,0,0,4,4,4,0,0,0,0,0,0,0,0,0
2026-05-17 21:25:05.234,150,30,320,240,153600,11.7406,11.1615,4.11633,621.565,0,0,0,0,0,0,11.7406,0,11.8445,0.133333,0,0,0,0,0,0,0,0,0,0,4,4,4,0,0,0,0,0,0,0,0,0
2026-05-17 21:25:05.310,151,30,320,240,153600,11.5373,11.1728,4.16515,633.102,0,0,0,0,0,0,11.5373,0,11.6061,0.133333,0,0,0,0,0,0,0,0,0,0,4,4,4,0,0,0,0,0,0,0,0,0
2026-05-17 21:25:05.390,152,30,320,240,153600,11.5812,11.1806,4.21362,644.684,0,0,0,0,0,0,11.5812,0,11.6515,0.133333,0,0,0,0,0,0,0,0,0,0,4,4,4,0,0,0,0,0,0,0,0,0
2026-05-17 21:25:05.466,153,30,320,240,153600,7.54608,11.1946,4.23526,652.23,0,0,0,0,0,0,7.54613,0,7.678,0.133333,0,0,0,0,0,0,0,0,0,0,4,4,4,0,0,0,0,0,0,0,0,0
2026-05-17 21:25:05.587,0,0,0,0,0,0,0,0,0,0,0,0,0,0,0,0,0,0,0,1952,910,81,56,64,72,1479,1479,1479,1479,4,4,4,0,0,0,0,0,0,0,0,0
2026-05-17 21:25:05.542,154,30,320,240,153600,1.5652,11.2103,4.21803,653.795,0,0,0,0,0,0,1.56525,0,1.67525,0.133333,0,0,0,0,0,0,0,0,0,0,4,4,4,0,0,0,0,0,0,0,0,0
2026-05-17 21:25:05.622,155,30,320,240,153600,1.70832,11.2176,4.20194,655.503,0,0,0,0,0,0,1.70838,0,1.78692,0.133333,0,0,0,0,0,0,0,0,0,0,4,4,4,0,0,0,0,0,0,0,0,0
2026-05-17 21:25:05.698,156,30,320,240,153600,1.66645,11.2283,4.18579,657.17,0,0,0,0,0,0,1.66676,0,1.73062,0.133333,0,0,0,0,0,0,0,0,0,0,4,4,4,0,0,0,0,0,0,0,0,0
2026-05-17 21:25:05.778,157,30,320,240,153600,1.62598,11.2355,4.16959,658.796,0,0,0,0,0,0,1.62603,0,1.70728,0.133333,0,0,0,0,0,0,0,0,0,0,4,4,4,0,0,0,0,0,0,0,0,0
2026-05-17 21:25:05.854,158,30,320,240,153600,12.1239,11.2375,4.21962,670.92,0,0,0,0,0,0,12.1241,0,12.2212,0.133333,0,0,0,0,0,0,0,0,0,0,4,4,4,0,0,0,0,0,0,0,0,0
2026-05-17 21:25:05.930,159,30,320,240,153600,11.568,11.2482,4.26555,682.488,0,0,0,0,0,0,11.568,0,11.6388,0.133333,0,0,0,0,0,0,0,0,0,0,4,4,4,0,0,0,0,0,0,0,0,0
2026-05-17 21:25:06.010,160,30,320,240,153600,1.63056,11.263,4.24918,684.118,0,0,0,0,0,0,1.63051,0,1.7103,0.133333,0,0,0,0,0,0,0,0,0,0,4,4,4,0,0,0,0,0,0,0,0,0
2026-05-17 21:25:06.088,0,0,0,0,0,0,0,0,0,0,0,0,0,0,0,0,0,0,0,1952,911,89,50,58,85,1479,1479,1479,1479,4,4,4,0,0,0,0,0,0,0,0,0
2026-05-17 21:25:06.086,161,30,320,240,153600,2.30641,11.2725,4.23719,686.425,0,0,0,0,0,0,2.30641,0,2.35714,0.133333,0,0,0,0,0,0,0,0,0,0,4,4,4,0,0,0,0,0,0,0,0,0
2026-05-17 21:25:06.166,162,30,320,240,153600,1.5728,11.2799,4.22084,687.997,0,0,0,0,0,0,1.57285,0,1.64671,0.133333,0,0,0,0,0,0,0,0,0,0,4,4,4,0,0,0,0,0,0,0,0,0
2026-05-17 21:25:06.242,163,30,320,240,153600,3.60014,11.2881,4.21706,691.597,0,0,0,0,0,0,3.60025,0,3.69014,0.133333,0,0,0,0,0,0,0,0,0,0,4,4,4,0,0,0,0,0,0,0,0,0
2026-05-17 21:25:06.318,164,30,320,240,153600,1.65436,11.2993,4.20153,693.252,0,0,0,0,0,0,1.65452,0,1.7314,0.133333,0,0,0,0,0,0,0,0,0,0,4,4,4,0,0,0,0,0,0,0,0,0
2026-05-17 21:25:06.398,165,30,320,240,153600,1.584,11.306,4.18576,694.836,0,0,0,0,0,0,1.584,0,1.65343,0.133333,0,0,0,0,0,0,0,0,0,0,4,4,4,0,0,0,0,0,0,0,0,0
2026-05-17 21:25:06.474,166,30,320,240,153600,7.42565,11.3109,4.20516,702.262,0,0,0,0,0,0,7.42571,0,7.54066,0.133333,0,0,0,0,0,0,0,0,0,0,4,4,4,0,0,0,0,0,0,0,0,0
2026-05-17 21:25:06.554,167,30,320,240,153600,1.62915,11.3218,4.18983,703.891,0,0,0,0,0,0,1.62915,0,1.70937,0.133333,0,0,0,0,0,0,0,0,0,0,4,4,4,0,0,0,0,0,0,0,0,0
2026-05-17 21:25:06.590,0,0,0,0,0,0,0,0,0,0,0,0,0,0,0,0,0,0,0,1952,911,66,74,80,63,1479,1479,1479,1479,4,4,4,0,0,0,0,0,0,0,0,0
2026-05-17 21:25:06.630,168,30,320,240,153600,1.63244,11.3311,4.17469,705.523,0,0,0,0,0,0,1.63238,0,1.7476,0.133333,0,0,0,0,0,0,0,0,0,0,4,4,4,0,0,0,0,0,0,0,0,0
2026-05-17 21:25:06.710,169,30,320,240,153600,1.62655,11.3372,4.1597,707.15,0,0,0,0,0,0,1.62655,0,1.98416,0.133333,0,0,0,0,0,0,0,0,0,0,4,4,4,0,0,0,0,0,0,0,0,0
2026-05-17 21:25:06.786,170,30,320,240,153600,4.0375,11.3448,4.15899,711.187,0,0,0,0,0,0,4.0375,0,4.11969,0.133333,0,0,0,0,0,0,0,0,0,0,4,4,4,0,0,0,0,0,0,0,0,0
2026-05-17 21:25:06.862,171,30,320,240,153600,2.67158,11.3549,4.15034,713.859,0,0,0,0,0,0,2.67168,0,2.77793,0.133333,0,0,0,0,0,0,0,0,0,0,4,4,4,0,0,0,0,0,0,0,0,0
2026-05-17 21:25:06.942,172,30,320,240,153600,8.86481,11.3563,4.17759,722.724,0,0,0,0,0,0,8.86481,0,8.95804,0.133333,0,0,0,0,0,0,0,0,0,0,4,4,4,0,0,0,0,0,0,0,0,0
2026-05-17 21:25:07.018,173,30,320,240,153600,0.851845,11.3712,4.15848,723.575,0,0,0,0,0,0,0.851949,0,0.917887,0.133333,0,0,0,0,0,0,0,0,0,0,4,4,4,0,0,0,0,0,0,0,0,0
2026-05-17 21:25:07.091,0,0,0,0,0,0,0,0,0,0,0,0,0,0,0,0,0,0,0,1952,911,75,66,50,75,1479,1479,1479,1479,4,4,4,0,0,0,0,0,0,0,0,0
2026-05-17 21:25:07.098,174,30,320,240,153600,12.6539,11.3662,4.20702,736.229,0,0,0,0,0,0,12.6539,0,15.5426,0.133333,0,0,0,0,0,0,0,0,0,0,4,4,4,0,0,0,0,0,0,0,0,0
2026-05-17 21:25:07.174,175,30,320,240,153600,3.52707,11.3838,4.20316,739.756,0,0,0,0,0,0,3.52712,0,3.63738,0.133333,0,0,0,0,0,0,0,0,0,0,4,4,4,0,0,0,0,0,0,0,0,0
2026-05-17 21:25:07.250,176,30,320,240,153600,1.51577,11.394,4.18798,741.272,0,0,0,0,0,0,1.51577,0,1.58686,0.133333,0,0,0,0,0,0,0,0,0,0,4,4,4,0,0,0,0,0,0,0,0,0
2026-05-17 21:25:07.330,177,30,320,240,153600,1.56322,11.3996,4.17323,742.835,0,0,0,0,0,0,1.56342,0,1.6727,0.133333,0,0,0,0,0,0,0,0,0,0,4,4,4,0,0,0,0,0,0,0,0,0
2026-05-17 21:25:07.407,178,30,320,240,153600,2.89882,11.4067,4.16611,745.734,0,0,0,0,0,0,2.89887,0,3.00237,0.133333,0,0,0,0,0,0,0,0,0,0,4,4,4,0,0,0,0,0,0,0,0,0
2026-05-17 21:25:07.486,179,30,320,240,153600,1.53217,11.4137,4.15148,747.266,0,0,0,0,0,0,1.53217,0,1.60447,0.133333,0,0,0,0,0,0,0,0,0,0,4,4,4,0,0,0,0,0,0,0,0,0
2026-05-17 21:25:07.592,0,0,0,0,0,0,0,0,0,0,0,0,0,0,0,0,0,0,0,1952,911,90,67,51,68,1479,1479,1479,1479,4,4,4,0,0,0,0,0,0,0,0,0
2026-05-17 21:25:07.562,180,30,320,240,153600,11.5782,11.4148,4.19251,758.844,0,0,0,0,0,0,11.5782,0,11.671,0.133333,0,0,0,0,0,0,0,0,0,0,4,4,4,0,0,0,0,0,0,0,0,0
2026-05-17 21:25:07.638,181,30,320,240,153600,1.65457,11.4303,4.17857,760.499,0,0,0,0,0,0,1.65463,0,1.7189,0.133333,0,0,0,0,0,0,0,0,0,0,4,4,4,0,0,0,0,0,0,0,0,0
2026-05-17 21:25:07.725,182,30,320,240,153600,17.0646,11.42,4.24898,777.564,0,0,0,0,0,0,17.0646,0,17.2022,0.133333,0,0,0,0,0,0,0,0,0,0,4,4,4,0,0,0,0,0,0,0,0,0
2026-05-17 21:25:07.794,183,30,320,240,153600,0.877939,11.4443,4.23066,778.442,0,0,0,0,0,0,0.877991,0,0.959451,0.133333,0,0,0,0,0,0,0,0,0,0,4,4,4,0,0,0,0,0,0,0,0,0
2026-05-17 21:25:07.874,184,30,320,240,153600,1.67858,11.4489,4.21687,780.12,0,0,0,0,0,0,1.67864,0,1.86223,0.133333,0,0,0,0,0,0,0,0,0,0,4,4,4,0,0,0,0,0,0,0,0,0
2026-05-17 21:25:07.950,185,30,320,240,153600,7.498,11.4527,4.23451,787.618,0,0,0,0,0,0,7.498,0,7.73733,0.133333,0,0,0,0,0,0,0,0,0,0,4,4,4,0,0,0,0,0,0,0,0,0
2026-05-17 21:25:08.026,186,30,320,240,153600,1.86692,11.4647,4.22185,789.485,0,0,0,0,0,0,1.86708,0,1.96052,0.133333,0,0,0,0,0,0,0,0,0,0,4,4,4,0,0,0,0,0,0,0,0,0
2026-05-17 21:25:08.094,0,0,0,0,0,0,0,0,0,0,0,0,0,0,0,0,0,0,0,1952,912,55,92,76,60,1479,1479,1479,1479,4,4,4,0,0,0,0,0,0,0,0,0
2026-05-17 21:25:08.107,187,30,320,240,153600,12.0024,11.4626,4.26323,801.488,0,0,0,0,0,0,12.0024,0,12.123,0.133333,0,0,0,0,0,0,0,0,0,0,4,4,4,0,0,0,0,0,0,0,0,0
2026-05-17 21:25:08.182,188,30,320,240,153600,1.10654,11.4781,4.24653,802.594,0,0,0,0,0,0,1.10654,0,1.21336,0.133333,0,0,0,0,0,0,0,0,0,0,4,4,4,0,0,0,0,0,0,0,0,0
2026-05-17 21:25:08.262,189,30,320,240,153600,1.17998,11.483,4.23039,803.774,0,0,0,0,0,0,1.18008,0,1.2554,0.133333,0,0,0,0,0,0,0,0,0,0,4,4,4,0,0,0,0,0,0,0,0,0
2026-05-17 21:25:08.338,190,30,320,240,153600,13.543,11.4821,4.27915,817.317,0,0,0,0,0,0,13.543,0,13.6267,0.133333,0,0,0,0,0,0,0,0,0,0,4,4,4,0,0,0,0,0,0,0,0,0
2026-05-17 21:25:08.415,191,30,320,240,153600,1.65702,11.4972,4.26549,818.974,0,0,0,0,0,0,1.65707,0,1.82114,0.133333,0,0,0,0,0,0,0,0,0,0,4,4,4,0,0,0,0,0,0,0,0,0
2026-05-17 21:25:08.494,192,30,320,240,153600,1.71702,11.5026,4.25229,820.691,0,0,0,0,0,0,1.71707,0,1.819,0.133333,0,0,0,0,0,0,0,0,0,0,4,4,4,0,0,0,0,0,0,0,0,0
2026-05-17 21:25:08.595,0,0,0,0,0,0,0,0,0,0,0,0,0,0,0,0,0,0,0,1952,912,75,88,47,72,1479,1479,1479,1479,4,4,4,0,0,0,0,0,0,0,0,0
2026-05-17 21:25:08.570,193,30,320,240,153600,1.56087,11.5102,4.23841,822.252,0,0,0,0,0,0,1.56108,0,1.66931,0.133333,0,0,0,0,0,0,0,0,0,0,4,4,4,0,0,0,0,0,0,0,0,0
2026-05-17 21:25:08.650,194,30,320,240,153600,1.67483,11.5148,4.22527,823.927,0,0,0,0,0,0,1.67483,0,1.81635,0.133333,0,0,0,0,0,0,0,0,0,0,4,4,4,0,0,0,0,0,0,0,0,0
2026-05-17 21:25:08.727,195,30,320,240,153600,11.5675,11.5154,4.26273,835.494,0,0,0,0,0,0,11.5676,0,11.6877,0.133333,0,0,0,0,0,0,0,0,0,0,4,4,4,0,0,0,0,0,0,0,0,0
2026-05-17 21:25:08.802,196,30,320,240,153600,11.5149,11.5228,4.29954,847.009,0,0,0,0,0,0,11.515,0,11.5841,0.133333,0,0,0,0,0,0,0,0,0,0,4,4,4,0,0,0,0,0,0,0,0,0
2026-05-17 21:25:08.882,197,30,320,240,153600,1.64801,11.534,4.28615,848.657,0,0,0,0,0,0,1.64801,0,1.73931,0.133333,0,0,0,0,0,0,0,0,0,0,4,4,4,0,0,0,0,0,0,0,0,0
2026-05-17 21:25:08.958,198,30,320,240,153600,11.4741,11.5346,4.32227,860.131,0,0,0,0,0,0,11.4741,0,11.5433,0.133333,0,0,0,0,0,0,0,0,0,0,4,4,4,0,0,0,0,0,0,0,0,0
2026-05-17 21:25:09.038,199,30,320,240,153600,1.61379,11.5456,4.30873,861.745,0,0,0,0,0,0,1.61379,0,1.69603,0.133333,0,0,0,0,0,0,0,0,0,0,4,4,4,0,0,0,0,0,0,0,0,0
2026-05-17 21:25:09.097,0,0,0,0,0,0,0,0,0,0,0,0,0,0,0,0,0,0,0,1952,911,98,42,54,81,1479,1479,1479,1479,4,4,4,0,0,0,0,0,0,0,0,0
2026-05-17 21:25:09.114,200,30,320,240,153600,11.6276,11.546,4.34514,873.373,0,0,0,0,0,0,11.6276,0,11.7227,0.133333,0,0,0,0,0,0,0,0,0,0,4,4,4,0,0,0,0,0,0,0,0,0
2026-05-17 21:25:09.190,201,30,320,240,153600,1.67275,11.5596,4.33191,875.045,0,0,0,0,0,0,1.67275,0,1.76286,0.133333,0,0,0,0,0,0,0,0,0,0,4,4,4,0,0,0,0,0,0,0,0,0
2026-05-17 21:25:09.270,202,30,320,240,153600,1.62848,11.5639,4.31859,876.674,0,0,0,0,0,0,1.62863,0,1.71588,0.133333,0,0,0,0,0,0,0,0,0,0,4,4,4,0,0,0,0,0,0,0,0,0
2026-05-17 21:25:09.349,203,30,320,240,153600,0.948513,11.5693,4.30207,877.622,0,0,0,0,0,0,0.948513,0,1.01784,0.133333,0,0,0,0,0,0,0,0,0,0,4,4,4,0,0,0,0,0,0,0,0,0
2026-05-17 21:25:09.426,204,30,320,240,153600,0.878355,11.5754,4.28537,878.501,0,0,0,0,0,0,0.87846,0,0.959816,0.133333,0,0,0,0,0,0,0,0,0,0,4,4,4,0,0,0,0,0,0,0,0,0
2026-05-17 21:25:09.502,205,30,320,240,153600,0.885699,11.5822,4.26887,879.387,0,0,0,0,0,0,0.885752,0,0.950336,0.133333,0,0,0,0,0,0,0,0,0,0,4,4,4,0,0,0,0,0,0,0,0,0
2026-05-17 21:25:09.598,0,0,0,0,0,0,0,0,0,0,0,0,0,0,0,0,0,0,0,1952,912,68,83,54,67,1479,1479,1479,1479,4,4,4,0,0,0,0,0,0,0,0,0
2026-05-17 21:25:09.589,206,30,320,240,153600,12.9267,11.5741,4.31069,892.313,0,0,0,0,0,0,12.9267,0,13.0117,0.133333,0,0,0,0,0,0,0,0,0,0,4,4,4,0,0,0,0,0,0,0,0,0
2026-05-17 21:25:09.659,207,30,320,240,153600,1.91192,11.5922,4.29916,894.225,0,0,0,0,0,0,1.91197,0,2.01234,0.133333,0,0,0,0,0,0,0,0,0,0,4,4,4,0,0,0,0,0,0,0,0,0
2026-05-17 21:25:09.735,208,30,320,240,153600,2.0263,11.5972,4.28828,896.251,0,0,0,0,0,0,2.02635,0,4.15568,0.133333,0,0,0,0,0,0,0,0,0,0,4,4,4,0,0,0,0,0,0,0,0,0
2026-05-17 21:25:09.817,209,30,320,240,153600,2.55387,11.6006,4.28003,898.805,0,0,0,0,0,0,2.55381,0,2.61496,0.133333,0,0,0,0,0,0,0,0,0,0,4,4,4,0,0,0,0,0,0,0,0,0
2026-05-17 21:25:09.891,210,30,320,240,153600,1.62145,11.6095,4.26743,900.427,0,0,0,0,0,0,1.62139,0,1.70015,0.133333,0,0,0,0,0,0,0,0,0,0,4,4,4,0,0,0,0,0,0,0,0,0
2026-05-17 21:25:09.967,211,30,320,240,153600,1.89088,11.6158,4.25622,902.318,0,0,0,0,0,0,1.89088,0,1.98,0.133333,0,0,0,0,0,0,0,0,0,0,4,4,4,0,0,0,0,0,0,0,0,0
2026-05-17 21:25:10.099,0,0,0,0,0,0,0,0,0,0,0,0,0,0,0,0,0,0,0,1952,912,48,77,92,60,1479,1479,1479,1479,4,4,4,0,0,0,0,0,0,0,0,0
2026-05-17 21:25:10.046,212,30,320,240,153600,1.94901,11.618,4.24538,904.267,0,0,0,0,0,0,1.94901,0,4.66329,0.133333,0,0,0,0,0,0,0,0,0,0,4,4,4,0,0,0,0,0,0,0,0,0
2026-05-17 21:25:10.123,213,30,320,240,153600,1.68311,11.6262,4.23341,905.95,0,0,0,0,0,0,1.68312,0,1.77765,0.133333,0,0,0,0,0,0,0,0,0,0,4,4,4,0,0,0,0,0,0,0,0,0
2026-05-17 21:25:10.205,214,30,320,240,153600,7.26742,11.6247,4.24752,913.217,0,0,0,0,0,0,7.26737,0,7.34836,0.133333,0,0,0,0,0,0,0,0,0,0,4,4,4,0,0,0,0,0,0,0,0,0
2026-05-17 21:25:10.279,215,30,320,240,153600,5.61316,11.6337,4.25384,918.83,0,0,0,0,0,0,5.61316,0,5.69181,0.133333,0,0,0,0,0,0,0,0,0,0,4,4,4,0,0,0,0,0,0,0,0,0
2026-05-17 21:25:10.355,216,30,320,240,153600,11.4518,11.6363,4.28701,930.282,0,0,0,0,0,0,11.4519,0,11.5478,0.133333,0,0,0,0,0,0,0,0,0,0,4,4,4,0,0,0,0,0,0,0,0,0
2026-05-17 21:25:10.434,217,30,320,240,153600,1.68046,11.6461,4.27506,931.963,0,0,0,0,0,0,1.68051,0,1.77109,0.133333,0,0,0,0,0,0,0,0,0,0,4,4,4,0,0,0,0,0,0,0,0,0
2026-05-17 21:25:10.511,218,30,320,240,153600,1.58066,11.6523,4.26275,933.543,0,0,0,0,0,0,1.58066,0,1.64994,0.133333,0,0,0,0,0,0,0,0,0,0,4,4,4,0,0,0,0,0,0,0,0,0
2026-05-17 21:25:10.601,0,0,0,0,0,0,0,0,0,0,0,0,0,0,0,0,0,0,0,1952,912,72,58,58,93,1479,1479,1479,1479,4,4,4,0,0,0,0,0,0,0,0,0
2026-05-17 21:25:10.597,219,30,320,240,153600,12.5366,11.6448,4.30036,946.08,0,0,0,0,0,0,12.5367,0,12.6513,0.133333,0,0,0,0,0,0,0,0,0,0,4,4,4,0,0,0,0,0,0,0,0,0
2026-05-17 21:25:10.666,220,30,320,240,153600,1.80468,11.6596,4.28907,947.885,0,0,0,0,0,0,1.80478,0,5.29763,0.133333,0,0,0,0,0,0,0,0,0,0,4,4,4,0,0,0,0,0,0,0,0,0
2026-05-17 21:25:10.743,221,30,320,240,153600,1.70306,11.6677,4.27742,949.588,0,0,0,0,0,0,1.70312,0,1.88937,0.133333,0,0,0,0,0,0,0,0,0,0,4,4,4,0,0,0,0,0,0,0,0,0
2026-05-17 21:25:10.822,222,30,320,240,153600,1.76978,11.6712,4.26618,951.357,0,0,0,0,0,0,1.76978,0,1.87114,0.133333,0,0,0,0,0,0,0,0,0,0,4,4,4,0,0,0,0,0,0,0,0,0
2026-05-17 21:25:10.899,223,30,320,240,153600,1.56113,11.6772,4.2541,952.919,0,0,0,0,0,0,1.56113,0,1.63567,0.133333,0,0,0,0,0,0,0,0,0,0,4,4,4,0,0,0,0,0,0,0,0,0
2026-05-17 21:25:10.978,224,30,320,240,153600,11.4592,11.6746,4.28612,964.378,0,0,0,0,0,0,11.4592,0,11.5533,0.133333,0,0,0,0,0,0,0,0,0,0,4,4,4,0,0,0,0,0,0,0,0,0
2026-05-17 21:25:11.054,225,30,320,240,153600,11.4146,11.6805,4.31767,975.792,0,0,0,0,0,0,11.4148,0,11.4861,0.133333,0,0,0,0,0,0,0,0,0,0,4,4,4,0,0,0,0,0,0,0,0,0
2026-05-17 21:25:11.102,0,0,0,0,0,0,0,0,0,0,0,0,0,0,0,0,0,0,0,1952,912,94,70,56,52,1479,1479,1479,1479,4,4,4,0,0,0,0,0,0,0,0,0
2026-05-17 21:25:11.134,226,30,320,240,153600,1.59259,11.6898,4.30566,977.385,0,0,0,0,0,0,1.59259,0,1.70223,0.133333,0,0,0,0,0,0,0,0,0,0,4,4,4,0,0,0,0,0,0,0,0,0
2026-05-17 21:25:11.287,228,30,320,240,153600,1.62369,11.7012,4.35959,998.346,0,0,0,0,0,0,1.62374,0,1.70759,0.133333,0,0,0,0,0,0,0,0,0,0,4,4,4,0,0,0,0,0,0,0,0,0
2026-05-17 21:25:11.367,229,30,320,240,153600,1.00575,11.7047,4.34501,999.352,0,0,0,0,0,0,1.00575,0,1.11503,0.133333,0,0,0,0,0,0,0,0,0,0,4,4,4,0,0,0,0,0,0,0,0,0
2026-05-17 21:25:11.444,230,30,320,240,153600,11.098,11.7036,4.37424,1010.45,0,0,0,0,0,0,11.098,0,11.3161,0.133333,0,0,0,0,0,0,0,0,0,0,4,4,4,0,0,0,0,0,0,0,0,0
2026-05-17 21:25:11.523,231,30,320,240,153600,1.62811,11.7132,4.36241,1012.08,0,0,0,0,0,0,1.62827,0,1.70718,0.133333,0,0,0,0,0,0,0,0,0,0,4,4,4,0,0,0,0,0,0,0,0,0
2026-05-17 21:25:11.604,0,0,0,0,0,0,0,0,0,0,0,0,0,0,0,0,0,0,0,1952,912,81,53,64,77,1479,1479,1479,1479,4,4,4,0,0,0,0,0,0,0,0,0
2026-05-17 21:25:11.599,232,30,320,240,153600,15.9254,11.7102,4.41203,1028,0,0,0,0,0,0,15.9256,0,16.0367,0.133333,0,0,0,0,0,0,0,0,0,0,4,4,4,0,0,0,0,0,0,0,0,0
2026-05-17 21:25:11.675,233,30,320,240,153600,11.391,11.7185,4.44186,1039.39,0,0,0,0,0,0,11.391,0,11.4601,0.133333,0,0,0,0,0,0,0,0,0,0,4,4,4,0,0,0,0,0,0,0,0,0
2026-05-17 21:25:11.755,234,30,320,240,153600,1.56546,11.7274,4.42962,1040.96,0,0,0,0,0,0,1.56566,0,1.63811,0.133333,0,0,0,0,0,0,0,0,0,0,4,4,4,0,0,0,0,0,0,0,0,0
2026-05-17 21:25:11.831,235,30,320,240,153600,1.74135,11.7325,4.41823,1042.7,0,0,0,0,0,0,1.74135,0,1.96515,0.133333,0,0,0,0,0,0,0,0,0,0,4,4,4,0,0,0,0,0,0,0,0,0
2026-05-17 21:25:11.910,236,30,320,240,153600,1.55655,11.7358,4.40615,1044.26,0,0,0,0,0,0,1.55655,0,1.65817,0.133333,0,0,0,0,0,0,0,0,0,0,4,4,4,0,0,0,0,0,0,0,0,0
2026-05-17 21:25:11.987,237,30,320,240,153600,7.77712,11.7373,4.42031,1052.03,0,0,0,0,0,0,7.77712,0,8.2138,0.133333,0,0,0,0,0,0,0,0,0,0,4,4,4,0,0,0,0,0,0,0,0,0
2026-05-17 21:25:12.063,238,30,320,240,153600,0.829292,11.7468,4.40529,1052.86,0,0,0,0,0,0,0.829292,0,0.894606,0.133333,0,0,0,0,0,0,0,0,0,0,4,4,4,0,0,0,0,0,0,0,0,0
2026-05-17 21:25:12.105,0,0,0,0,0,0,0,0,0,0,0,0,0,0,0,0,0,0,0,1952,912,86,43,54,72,1479,1479,1479,1479,4,4,4,0,0,0,0,0,0,0,0,0
2026-05-17 21:25:12.143,239,30,320,240,153600,1.57306,11.7494,4.39349,1054.44,0,0,0,0,0,0,1.57316,0,1.64025,0.133333,0,0,0,0,0,0,0,0,0,0,4,4,4,0,0,0,0,0,0,0,0,0
2026-05-17 21:25:12.219,240,30,320,240,153600,3.38331,11.7535,4.3893,1057.82,0,0,0,0,0,0,3.38331,0,3.48337,0.133333,0,0,0,0,0,0,0,0,0,0,4,4,4,0,0,0,0,0,0,0,0,0
2026-05-17 21:25:12.299,241,30,320,240,153600,1.71536,11.7571,4.37825,1059.54,0,0,0,0,0,0,1.71546,0,1.89583,0.133333,0,0,0,0,0,0,0,0,0,0,4,4,4,0,0,0,0,0,0,0,0,0
2026-05-17 21:25:12.375,242,30,320,240,153600,1.83593,11.7624,4.36779,1061.37,0,0,0,0,0,0,1.83635,0,1.91031,0.133333,0,0,0,0,0,0,0,0,0,0,4,4,4,0,0,0,0,0,0,0,0,0
2026-05-17 21:25:12.451,243,30,320,240,153600,1.6164,11.7677,4.35651,1062.99,0,0,0,0,0,0,1.61645,0,1.69129,0.133333,0,0,0,0,0,0,0,0,0,0,4,4,4,0,0,0,0,0,0,0,0,0
2026-05-17 21:25:12.531,244,30,320,240,153600,7.61858,11.7671,4.36982,1070.61,0,0,0,0,0,0,7.61858,0,7.70009,0.133333,0,0,0,0,0,0,0,0,0,0,4,4,4,0,0,0,0,0,0,0,0,0
2026-05-17 21:25:12.607,0,0,0,0,0,0,0,0,0,0,0,0,0,0,0,0,0,0,0,1952,912,48,86,86,50,1479,1479,1479,1479,4,4,4,0,0,0,0,0,0,0,0,0
2026-05-17 21:25:12.607,245,30,320,240,153600,3.01424,11.7748,4.36431,1073.62,0,0,0,0,0,0,3.0144,0,3.09721,0.133333,0,0,0,0,0,0,0,0,0,0,4,4,4,0,0,0,0,0,0,0,0,0
2026-05-17 21:25:12.687,246,30,320,240,153600,1.60905,11.7783,4.35316,1075.23,0,0,0,0,0,0,1.60915,0,1.67999,0.133333,0,0,0,0,0,0,0,0,0,0,4,4,4,0,0,0,0,0,0,0,0,0
2026-05-17 21:25:12.763,247,30,320,240,153600,5.5392,11.7811,4.35794,1080.77,0,0,0,0,0,0,5.5392,0,5.64806,0.133333,0,0,0,0,0,0,0,0,0,0,4,4,4,0,0,0,0,0,0,0,0,0
2026-05-17 21:25:12.839,248,30,320,240,153600,1.64525,11.7873,4.34705,1082.41,0,0,0,0,0,0,1.6453,0,3.2931,0.133333,0,0,0,0,0,0,0,0,0,0,4,4,4,0,0,0,0,0,0,0,0,0
2026-05-17 21:25:12.919,249,30,320,240,153600,1.62212,11.7909,4.33615,1084.04,0,0,0,0,0,0,1.62212,0,1.70796,0.133333,0,0,0,0,0,0,0,0,0,0,4,4,4,0,0,0,0,0,0,0,0,0
2026-05-17 21:25:12.995,250,30,320,240,153600,2.44642,11.7953,4.32862,1086.48,0,0,0,0,0,0,2.44642,0,2.55423,0.133333,0,0,0,0,0,0,0,0,0,0,4,4,4,0,0,0,0,0,0,0,0,0
2026-05-17 21:25:13.075,251,30,320,240,153600,1.63442,11.7984,4.31793,1088.12,0,0,0,0,0,0,1.63447,0,1.71124,0.133333,0,0,0,0,0,0,0,0,0,0,4,4,4,0,0,0,0,0,0,0,0,0
2026-05-17 21:25:13.108,0,0,0,0,0,0,0,0,0,0,0,0,0,0,0,0,0,0,0,1952,912,55,64,60,90,1479,1479,1479,1479,4,4,4,0,0,0,0,0,0,0,0,0
2026-05-17 21:25:13.227,253,30,320,240,153600,1.5629,11.808,4.31208,1095.27,0,0,0,0,0,0,1.56296,0,1.67186,0.133333,0,0,0,0,0,0,0,0,0,0,4,4,4,0,0,0,0,0,0,0,0,0
2026-05-17 21:25:13.307,254,30,320,240,153600,1.77192,11.8105,4.30212,1097.04,0,0,0,0,0,0,1.77192,0,1.84854,0.133333,0,0,0,0,0,0,0,0,0,0,4,4,4,0,0,0,0,0,0,0,0,0
2026-05-17 21:25:13.383,255,30,320,240,153600,3.48425,11.8143,4.29893,1100.53,0,0,0,0,0,0,3.48431,0,3.60394,0.133333,0,0,0,0,0,0,0,0,0,0,4,4,4,0,0,0,0,0,0,0,0,0
2026-05-17 21:25:13.463,256,30,320,240,153600,11.4203,11.8126,4.32664,1111.95,0,0,0,0,0,0,11.4204,0,11.4866,0.133333,0,0,0,0,0,0,0,0,0,0,4,4,4,0,0,0,0,0,0,0,0,0
2026-05-17 21:25:13.539,257,30,320,240,153600,0.950805,11.8229,4.31355,1112.9,0,0,0,0,0,0,0.950805,0,1.0369,0.133333,0,0,0,0,0,0,0,0,0,0,4,4,4,0,0,0,0,0,0,0,0,0
2026-05-17 21:25:13.610,0,0,0,0,0,0,0,0,0,0,0,0,0,0,0,0,0,0,0,1952,912,64,53,79,79,1479,1479,1479,1479,4,4,4,0,0,0,0,0,0,0,0,0
2026-05-17 21:25:13.615,258,30,320,240,153600,1.65936,11.8271,4.30331,1114.56,0,0,0,0,0,0,1.65947,0,1.72494,0.133333,0,0,0,0,0,0,0,0,0,0,4,4,4,0,0,0,0,0,0,0,0,0
2026-05-17 21:25:13.695,259,30,320,240,153600,1.12492,11.8299,4.29108,1115.68,0,0,0,0,0,0,1.12498,0,1.20513,0.133333,0,0,0,0,0,0,0,0,0,0,4,4,4,0,0,0,0,0,0,0,0,0
2026-05-17 21:25:13.771,260,30,320,240,153600,15.1836,11.8268,4.33281,1130.86,0,0,0,0,0,0,15.1836,0,15.4065,0.133333,0,0,0,0,0,0,0,0,0,0,4,4,4,0,0,0,0,0,0,0,0,0
2026-05-17 21:25:13.851,261,30,320,240,153600,1.6614,11.8366,4.32262,1132.53,0,0,0,0,0,0,1.66145,0,1.73338,0.133333,0,0,0,0,0,0,0,0,0,0,4,4,4,0,0,0,0,0,0,0,0,0
2026-05-17 21:25:13.927,262,30,320,240,153600,0.982264,11.8414,4.30992,1133.51,0,0,0,0,0,0,0.982316,0,1.08649,0.133333,0,0,0,0,0,0,0,0,0,0,4,4,4,0,0,0,0,0,0,0,0,0
2026-05-17 21:25:14.003,263,30,320,240,153600,1.70739,11.8453,4.30006,1135.22,0,0,0,0,0,0,1.70744,0,1.82072,0.133333,0,0,0,0,0,0,0,0,0,0,4,4,4,0,0,0,0,0,0,0,0,0
2026-05-17 21:25:14.111,0,0,0,0,0,0,0,0,0,0,0,0,0,0,0,0,0,0,0,1952,912,46,74,62,94,1479,1479,1479,1479,4,4,4,0,0,0,0,0,0,0,0,0
2026-05-17 21:25:14.083,264,30,320,240,153600,0.921221,11.8483,4.28731,1136.14,0,0,0,0,0,0,0.921482,0,0.987993,0.133333,0,0,0,0,0,0,0,0,0,0,4,4,4,0,0,0,0,0,0,0,0,0
2026-05-17 21:25:14.159,265,30,320,240,153600,6.94168,11.8495,4.29729,1143.08,0,0,0,0,0,0,6.94168,0,7.04137,0.133333,0,0,0,0,0,0,0,0,0,0,4,4,4,0,0,0,0,0,0,0,0,0
2026-05-17 21:25:14.239,266,30,320,240,153600,3.1193,11.8539,4.29288,1146.2,0,0,0,0,0,0,3.1193,0,3.19097,0.133333,0,0,0,0,0,0,0,0,0,0,4,4,4,0,0,0,0,0,0,0,0,0
2026-05-17 21:25:14.315,267,30,320,240,153600,8.08515,11.8557,4.30703,1154.28,0,0,0,0,0,0,8.08515,0,8.1538,0.133333,0,0,0,0,0,0,0,0,0,0,4,4,4,0,0,0,0,0,0,0,0,0
2026-05-17 21:25:14.391,268,30,320,240,153600,2.01385,11.8631,4.2985,1156.3,0,0,0,0,0,0,2.01406,0,2.12375,0.133333,0,0,0,0,0,0,0,0,0,0,4,4,4,0,0,0,0,0,0,0,0,0
2026-05-17 21:25:14.471,269,30,320,240,153600,1.61749,11.8657,4.28857,1157.91,0,0,0,0,0,0,1.61744,0,1.70213,0.133333,0,0,0,0,0,0,0,0,0,0,4,4,4,0,0,0,0,0,0,0,0,0
2026-05-17 21:25:14.547,270,30,320,240,153600,1.73666,11.8698,4.27916,1159.65,0,0,0,0,0,0,1.73687,0,1.82869,0.133333,0,0,0,0,0,0,0,0,0,0,4,4,4,0,0,0,0,0,0,0,0,0
2026-05-17 21:25:14.612,0,0,0,0,0,0,0,0,0,0,0,0,0,0,0,0,0,0,0,1952,912,86,63,72,70,1479,1479,1479,1479,4,4,4,0,0,0,0,0,0,0,0,0
2026-05-17 21:25:14.627,271,30,320,240,153600,11.3366,11.8671,4.3051,1170.99,0,0,0,0,0,0,11.3367,0,11.4073,0.133333,0,0,0,0,0,0,0,0,0,0,4,4,4,0,0,0,0,0,0,0,0,0
2026-05-17 21:25:14.703,272,30,320,240,153600,1.55717,11.8764,4.29504,1172.54,0,0,0,0,0,0,1.55723,0,1.62389,0.133333,0,0,0,0,0,0,0,0,0,0,4,4,4,0,0,0,0,0,0,0,0,0
2026-05-17 21:25:14.779,273,30,320,240,153600,11.337,11.8756,4.32074,1183.88,0,0,0,0,0,0,11.337,0,11.4279,0.133333,0,0,0,0,0,0,0,0,0,0,4,4,4,0,0,0,0,0,0,0,0,0
2026-05-17 21:25:14.859,274,30,320,240,153600,1.55941,11.8828,4.3107,1185.44,0,0,0,0,0,0,1.55936,0,1.62546,0.133333,0,0,0,0,0,0,0,0,0,0,4,4,4,0,0,0,0,0,0,0,0,0
2026-05-17 21:25:14.935,275,30,320,240,153600,1.62025,11.8869,4.30095,1187.06,0,0,0,0,0,0,1.62025,0,1.70343,0.133333,0,0,0,0,0,0,0,0,0,0,4,4,4,0,0,0,0,0,0,0,0,0
2026-05-17 21:25:15.015,276,30,320,240,153600,11.8433,11.8837,4.32818,1198.9,0,0,0,0,0,0,11.8434,0,11.937,0.133333,0,0,0,0,0,0,0,0,0,0,4,4,4,0,0,0,0,0,0,0,0,0
2026-05-17 21:25:15.091,277,30,320,240,153600,1.68223,11.8931,4.31866,1200.59,0,0,0,0,0,0,1.68223,0,1.75218,0.133333,0,0,0,0,0,0,0,0,0,0,4,4,4,0,0,0,0,0,0,0,0,0
2026-05-17 21:25:15.114,0,0,0,0,0,0,0,0,0,0,0,0,0,0,0,0,0,0,0,1952,912,91,55,50,70,1479,1479,1479,1479,4,4,4,0,0,0,0,0,0,0,0,0
2026-05-17 21:25:15.171,278,30,320,240,153600,1.39003,11.8952,4.30816,1201.98,0,0,0,0,0,0,1.39024,0,1.59441,0.133333,0,0,0,0,0,0,0,0,0,0,4,4,4,0,0,0,0,0,0,0,0,0
2026-05-17 21:25:15.247,279,30,320,240,153600,1.5752,11.8993,4.2984,1203.55,0,0,0,0,0,0,1.5752,0,1.6865,0.133333,0,0,0,0,0,0,0,0,0,0,4,4,4,0,0,0,0,0,0,0,0,0
2026-05-17 21:25:15.323,280,30,320,240,153600,1.62509,11.9033,4.28889,1205.18,0,0,0,0,0,0,1.62514,0,1.70718,0.133333,0,0,0,0,0,0,0,0,0,0,4,4,4,0,0,0,0,0,0,0,0,0
2026-05-17 21:25:15.403,281,30,320,240,153600,1.6577,11.9053,4.27956,1206.84,0,0,0,0,0,0,1.65791,0,1.76181,0.133333,0,0,0,0,0,0,0,0,0,0,4,4,4,0,0,0,0,0,0,0,0,0
2026-05-17 21:25:15.479,282,30,320,240,153600,2.36693,11.909,4.2728,1209.2,0,0,0,0,0,0,2.36699,0,2.46204,0.133333,0,0,0,0,0,0,0,0,0,0,4,4,4,0,0,0,0,0,0,0,0,0
2026-05-17 21:25:15.559,283,30,320,240,153600,1.56817,11.9114,4.26328,1210.77,0,0,0,0,0,0,1.56816,0,1.63738,0.133333,0,0,0,0,0,0,0,0,0,0,4,4,4,0,0,0,0,0,0,0,0,0
2026-05-17 21:25:15.619,0,0,0,0,0,0,0,0,0,0,0,0,0,0,0,0,0,0,0,1952,913,94,61,48,71,1479,1479,1479,1479,4,4,4,0,0,0,0,0,0,0,0,0
2026-05-17 21:25:15.635,284,30,320,240,153600,1.60634,11.9153,4.25395,1212.38,0,0,0,0,0,0,1.60634,0,1.6839,0.133333,0,0,0,0,0,0,0,0,0,0,4,4,4,0,0,0,0,0,0,0,0,0
2026-05-17 21:25:15.711,285,30,320,240,153600,1.61593,11.9192,4.24473,1213.99,0,0,0,0,0,0,1.61587,0,1.69629,0.133333,0,0,0,0,0,0,0,0,0,0,4,4,4,0,0,0,0,0,0,0,0,0
2026-05-17 21:25:15.791,286,30,320,240,153600,15.0675,11.9144,4.28244,1229.06,0,0,0,0,0,0,15.0675,0,15.1963,0.133333,0,0,0,0,0,0,0,0,0,0,4,4,4,0,0,0,0,0,0,0,0,0
2026-05-17 21:25:15.867,287,30,320,240,153600,1.54853,11.9251,4.27295,1230.61,0,0,0,0,0,0,1.54858,0,1.66197,0.133333,0,0,0,0,0,0,0,0,0,0,4,4,4,0,0,0,0,0,0,0,0,0
2026-05-17 21:25:15.947,288,30,320,240,153600,1.54519,11.927,4.26351,1232.15,0,0,0,0,0,0,1.54546,0,1.65072,0.133333,0,0,0,0,0,0,0,0,0,0,4,4,4,0,0,0,0,0,0,0,0,0
2026-05-17 21:25:16.023,289,30,320,240,153600,15.6554,11.9239,4.30279,1247.81,0,0,0,0,0,0,15.6554,0,15.7466,0.133333,0,0,0,0,0,0,0,0,0,0,4,4,4,0,0,0,0,0,0,0,0,0
2026-05-17 21:25:16.120,0,0,0,0,0,0,0,0,0,0,0,0,0,0,0,0,0,0,0,1952,912,68,84,76,50,1479,1479,1479,1479,4,4,4,0,0,0,0,0,0,0,0,0
2026-05-17 21:25:16.099,290,30,320,240,153600,1.65832,11.9346,4.2937,1249.47,0,0,0,0,0,0,1.65837,0,1.72509,0.133333,0,0,0,0,0,0,0,0,0,0,4,4,4,0,0,0,0,0,0,0,0,0
2026-05-17 21:25:16.179,291,30,320,240,153600,0.889397,11.9368,4.28204,1250.36,0,0,0,0,0,0,0.889397,0,0.973722,0.133333,0,0,0,0,0,0,0,0,0,0,4,4,4,0,0,0,0,0,0,0,0,0
2026-05-17 21:25:16.255,292,30,320,240,153600,5.59681,11.9383,4.28653,1255.95,0,0,0,0,0,0,5.59681,0,5.80035,0.133333,0,0,0,0,0,0,0,0,0,0,4,4,4,0,0,0,0,0,0,0,0,0
2026-05-17 21:25:16.335,293,30,320,240,153600,1.60468,11.9421,4.27741,1257.56,0,0,0,0,0,0,1.60467,0,1.67369,0.133333,0,0,0,0,0,0,0,0,0,0,4,4,4,0,0,0,0,0,0,0,0,0
2026-05-17 21:25:16.411,294,30,320,240,153600,3.49259,11.9449,4.27475,1261.05,0,0,0,0,0,0,3.49264,0,3.59374,0.133333,0,0,0,0,0,0,0,0,0,0,4,4,4,0,0,0,0,0,0,0,0,0
2026-05-17 21:25:16.487,295,30,320,240,153600,11.2573,11.9449,4.29834,1272.31,0,0,0,0,0,0,11.2573,0,11.3276,0.133333,0,0,0,0,0,0,0,0,0,0,4,4,4,0,0,0,0,0,0,0,0,0
2026-05-17 21:25:16.567,296,30,320,240,153600,1.62952,11.9513,4.28935,1273.94,0,0,0,0,0,0,1.62957,0,1.71124,0.133333,0,0,0,0,0,0,0,0,0,0,4,4,4,0,0,0,0,0,0,0,0,0
2026-05-17 21:25:16.620,0,0,0,0,0,0,0,0,0,0,0,0,0,0,0,0,0,0,0,1952,913,90,80,54,44,1479,1479,1479,1479,4,4,4,0,0,0,0,0,0,0,0,0
2026-05-17 21:25:16.643,297,30,320,240,153600,11.3434,11.9503,4.31302,1285.28,0,0,0,0,0,0,11.3435,0,11.447,0.133333,0,0,0,0,0,0,0,0,0,0,4,4,4,0,0,0,0,0,0,0,0,0
2026-05-17 21:25:16.723,298,30,320,240,153600,1.56942,11.9568,4.30385,1286.85,0,0,0,0,0,0,1.56942,0,1.63671,0.133333,0,0,0,0,0,0,0,0,0,0,4,4,4,0,0,0,0,0,0,0,0,0
2026-05-17 21:25:16.799,299,30,320,240,153600,1.68395,11.9602,4.29511,1288.53,0,0,0,0,0,0,1.68395,0,1.88609,0.133333,0,0,0,0,0,0,0,0,0,0,4,4,4,0,0,0,0,0,0,0,0,0
2026-05-17 21:25:16.875,300,30,320,240,153600,11.2555,11.9594,4.31824,1299.79,0,0,0,0,0,0,11.2556,0,11.3235,0.133333,0,0,0,0,0,0,0,0,0,0,4,4,4,0,0,0,0,0,0,0,0,0
2026-05-17 21:25:16.955,301,30,320,240,153600,1.67431,11.9657,4.30948,1301.46,0,0,0,0,0,0,1.67442,0,1.74562,0.133333,0,0,0,0,0,0,0,0,0,0,4,4,4,0,0,0,0,0,0,0,0,0
2026-05-17 21:25:17.031,302,30,320,240,153600,3.80499,11.9681,4.30782,1305.27,0,0,0,0,0,0,3.80504,0,4.15505,0.133333,0,0,0,0,0,0,0,0,0,0,4,4,4,0,0,0,0,0,0,0,0,0
2026-05-17 21:25:17.120,0,0,0,0,0,0,0,0,0,0,0,0,0,0,0,0,0,0,0,1952,913,72,52,74,88,1479,1479,1479,1479,4,4,4,0,0,0,0,0,0,0,0,0
2026-05-17 21:25:17.111,303,30,320,240,153600,1.06607,11.9712,4.29716,1306.34,0,0,0,0,0,0,1.06612,0,1.14102,0.133333,0,0,0,0,0,0,0,0,0,0,4,4,4,0,0,0,0,0,0,0,0,0
2026-05-17 21:25:17.187,304,30,320,240,153600,0.949763,11.9748,4.28618,1307.29,0,0,0,0,0,0,0.949868,0,1.03544,0.133333,0,0,0,0,0,0,0,0,0,0,4,4,4,0,0,0,0,0,0,0,0,0
2026-05-17 21:25:17.263,305,30,320,240,153600,7.86259,11.975,4.29787,1315.15,0,0,0,0,0,0,7.86259,0,8.07203,0.133333,0,0,0,0,0,0,0,0,0,0,4,4,4,0,0,0,0,0,0,0,0,0
2026-05-17 21:25:17.343,306,30,320,240,153600,3.78306,11.9786,4.29619,1318.93,0,0,0,0,0,0,3.78306,0,3.84687,0.133333,0,0,0,0,0,0,0,0,0,0,4,4,4,0,0,0,0,0,0,0,0,0
2026-05-17 21:25:17.419,307,30,320,240,153600,0.860646,11.9834,4.28504,1319.79,0,0,0,0,0,0,0.860646,0,0.93893,0.133333,0,0,0,0,0,0,0,0,0,0,4,4,4,0,0,0,0,0,0,0,0,0
2026-05-17 21:25:17.499,308,30,320,240,153600,1.6153,11.9847,4.2764,1321.41,0,0,0,0,0,0,1.61535,0,1.70124,0.133333,0,0,0,0,0,0,0,0,0,0,4,4,4,0,0,0,0,0,0,0,0,0
2026-05-17 21:25:17.575,309,30,320,240,153600,1.62259,11.9881,4.26784,1323.03,0,0,0,0,0,0,1.62264,0,1.75645,0.133333,0,0,0,0,0,0,0,0,0,0,4,4,4,0,0,0,0,0,0,0,0,0
2026-05-17 21:25:17.621,0,0,0,0,0,0,0,0,0,0,0,0,0,0,0,0,0,0,0,1952,913,80,75,44,73,1479,1479,1479,1479,4,4,4,0,0,0,0,0,0,0,0,0
2026-05-17 21:25:17.651,310,30,320,240,153600,2.61684,11.9908,4.26253,1325.65,0,0,0,0,0,0,2.61684,0,2.92617,0.133333,0,0,0,0,0,0,0,0,0,0,4,4,4,0,0,0,0,0,0,0,0,0
2026-05-17 21:25:17.731,311,30,320,240,153600,1.54624,11.9932,4.25382,1327.19,0,0,0,0,0,0,1.54644,0,1.61754,0.133333,0,0,0,0,0,0,0,0,0,0,4,4,4,0,0,0,0,0,0,0,0,0
2026-05-17 21:25:17.807,312,30,320,240,153600,1.50118,11.9966,4.24503,1328.69,0,0,0,0,0,0,1.50118,0,1.57004,0.133333,0,0,0,0,0,0,0,0,0,0,4,4,4,0,0,0,0,0,0,0,0,0
2026-05-17 21:25:17.887,313,30,320,240,153600,11.3798,11.9936,4.26775,1340.07,0,0,0,0,0,0,11.3801,0,11.4341,0.133333,0,0,0,0,0,0,0,0,0,0,4,4,4,0,0,0,0,0,0,0,0,0
2026-05-17 21:25:17.964,314,30,320,240,153600,10.3344,11.997,4.28701,1350.41,0,0,0,0,0,0,10.3344,0,10.4454,0.133333,0,0,0,0,0,0,0,0,0,0,4,4,4,0,0,0,0,0,0,0,0,0
2026-05-17 21:25:18.039,315,30,320,240,153600,1.68952,12.0046,4.27879,1352.1,0,0,0,0,0,0,1.68947,0,1.89833,0.133333,0,0,0,0,0,0,0,0,0,0,4,4,4,0,0,0,0,0,0,0,0,0
2026-05-17 21:25:18.122,0,0,0,0,0,0,0,0,0,0,0,0,0,0,0,0,0,0,0,1952,913,81,80,65,56,1479,1479,1479,1479,4,4,4,0,0,0,0,0,0,0,0,0
2026-05-17 21:25:18.119,316,30,320,240,153600,1.63145,12.0062,4.27044,1353.73,0,0,0,0,0,0,1.63145,0,1.71822,0.133333,0,0,0,0,0,0,0,0,0,0,4,4,4,0,0,0,0,0,0,0,0,0
2026-05-17 21:25:18.195,317,30,320,240,153600,1.62337,12.0096,4.26211,1355.35,0,0,0,0,0,0,1.62343,0,1.70072,0.133333,0,0,0,0,0,0,0,0,0,0,4,4,4,0,0,0,0,0,0,0,0,0
2026-05-17 21:25:18.275,318,30,320,240,153600,16.8389,12.0041,4.30154,1372.19,0,0,0,0,0,0,16.8389,0,17.0551,0.133333,0,0,0,0,0,0,0,0,0,0,4,4,4,0,0,0,0,0,0,0,0,0
2026-05-17 21:25:18.351,319,30,320,240,153600,8.02004,12.0114,4.31316,1380.21,0,0,0,0,0,0,8.02004,0,8.11145,0.133333,0,0,0,0,0,0,0,0,0,0,4,4,4,0,0,0,0,0,0,0,0,0
2026-05-17 21:25:18.427,320,30,320,240,153600,11.2261,12.0133,4.33469,1391.44,0,0,0,0,0,0,11.2263,0,11.2922,0.133333,0,0,0,0,0,0,0,0,0,0,4,4,4,0,0,0,0,0,0,0,0,0
2026-05-17 21:25:18.507,321,30,320,240,153600,1.33878,12.019,4.32539,1392.78,0,0,0,0,0,0,1.33884,0,1.68905,0.133333,0,0,0,0,0,0,0,0,0,0,4,4,4,0,0,0,0,0,0,0,0,0
2026-05-17 21:25:18.583,322,30,320,240,153600,0.977004,12.0225,4.31502,1393.75,0,0,0,0,0,0,0.977108,0,1.05378,0.133333,0,0,0,0,0,0,0,0,0,0,4,4,4,0,0,0,0,0,0,0,0,0
2026-05-17 21:25:18.623,0,0,0,0,0,0,0,0,0,0,0,0,0,0,0,0,0,0,0,1952,913,66,78,76,54,1479,1479,1479,1479,4,4,4,0,0,0,0,0,0,0,0,0
2026-05-17 21:25:18.663,323,30,320,240,153600,1.62228,12.0203,4.30671,1395.38,0,0,0,0,0,0,1.62228,0,9.21398,0.133333,0,0,0,0,0,0,0,0,0,0,4,4,4,0,0,0,0,0,0,0,0,0
2026-05-17 21:25:18.739,324,30,320,240,153600,1.519,12.0269,4.29814,1396.89,0,0,0,0,0,0,1.5192,0,1.57639,0.133333,0,0,0,0,0,0,0,0,0,0,4,4,4,0,0,0,0,0,0,0,0,0
2026-05-17 21:25:18.816,325,30,320,240,153600,1.82281,12.0295,4.29054,1398.72,0,0,0,0,0,0,1.82291,0,1.9339,0.133333,0,0,0,0,0,0,0,0,0,0,4,4,4,0,0,0,0,0,0,0,0,0
2026-05-17 21:25:18.895,326,30,320,240,153600,12.5622,12.0265,4.31584,1411.28,0,0,0,0,0,0,12.5622,0,12.6746,0.133333,0,0,0,0,0,0,0,0,0,0,4,4,4,0,0,0,0,0,0,0,0,0
2026-05-17 21:25:18.971,327,30,320,240,153600,1.55967,12.0346,4.30744,1412.84,0,0,0,0,0,0,1.55978,0,1.66697,0.133333,0,0,0,0,0,0,0,0,0,0,4,4,4,0,0,0,0,0,0,0,0,0
2026-05-17 21:25:19.051,328,30,320,240,153600,2.14339,12.0357,4.30086,1414.98,0,0,0,0,0,0,2.14349,0,2.22266,0.133333,0,0,0,0,0,0,0,0,0,0,4,4,4,0,0,0,0,0,0,0,0,0
2026-05-17 21:25:19.124,0,0,0,0,0,0,0,0,0,0,0,0,0,0,0,0,0,0,0,1952,915,75,54,68,94,1479,1479,1479,1479,4,4,4,0,0,0,0,0,0,0,0,0
2026-05-17 21:25:19.127,329,30,320,240,153600,1.68249,12.039,4.29292,1416.66,0,0,0,0,0,0,1.68265,0,1.75379,0.133333,0,0,0,0,0,0,0,0,0,0,4,4,4,0,0,0,0,0,0,0,0,0
2026-05-17 21:25:19.203,330,30,320,240,153600,1.55566,12.0421,4.28465,1418.22,0,0,0,0,0,0,1.55572,0,1.6639,0.133333,0,0,0,0,0,0,0,0,0,0,4,4,4,0,0,0,0,0,0,0,0,0
2026-05-17 21:25:19.283,331,30,320,240,153600,1.40436,12.0425,4.27598,1419.62,0,0,0,0,0,0,1.40436,0,3.33732,0.133333,0,0,0,0,0,0,0,0,0,0,4,4,4,0,0,0,0,0,0,0,0,0
2026-05-17 21:25:19.359,332,30,320,240,153600,11.1998,12.0423,4.29677,1430.82,0,0,0,0,0,0,11.1998,0,11.2699,0.133333,0,0,0,0,0,0,0,0,0,0,4,4,4,0,0,0,0,0,0,0,0,0
2026-05-17 21:25:19.439,333,30,320,240,153600,1.61025,12.0478,4.28873,1432.43,0,0,0,0,0,0,1.6102,0,1.6902,0.133333,0,0,0,0,0,0,0,0,0,0,4,4,4,0,0,0,0,0,0,0,0,0
2026-05-17 21:25:19.515,334,30,320,240,153600,11.4877,12.0465,4.31022,1443.92,0,0,0,0,0,0,11.4878,0,11.5969,0.133333,0,0,0,0,0,0,0,0,0,0,4,4,4,0,0,0,0,0,0,0,0,0
2026-05-17 21:25:19.626,0,0,0,0,0,0,0,0,0,0,0,0,0,0,0,0,0,0,0,1952,915,96,61,65,54,1479,1479,1479,1479,4,4,4,0,0,0,0,0,0,0,0,0
2026-05-17 21:25:19.672,336,30,320,240,153600,1.79859,12.0543,4.3235,1457.02,0,0,0,0,0,0,1.79874,0,1.88046,0.133333,0,0,0,0,0,0,0,0,0,0,4,4,4,0,0,0,0,0,0,0,0,0
2026-05-17 21:25:19.747,337,30,320,240,153600,14.9572,12.0524,4.35496,1471.98,0,0,0,0,0,0,14.9573,0,15.0548,0.133333,0,0,0,0,0,0,0,0,0,0,4,4,4,0,0,0,0,0,0,0,0,0
2026-05-17 21:25:19.827,338,30,320,240,153600,1.54837,12.0594,4.34668,1473.52,0,0,0,0,0,0,1.54848,0,1.6165,0.133333,0,0,0,0,0,0,0,0,0,0,4,4,4,0,0,0,0,0,0,0,0,0
2026-05-17 21:25:19.903,339,30,320,240,153600,1.60603,12.0611,4.33862,1475.13,0,0,0,0,0,0,1.60598,0,4.46772,0.133333,0,0,0,0,0,0,0,0,0,0,4,4,4,0,0,0,0,0,0,0,0,0
2026-05-17 21:25:19.983,340,30,320,240,153600,1.67671,12.0636,4.33081,1476.81,0,0,0,0,0,0,1.67671,0,1.74374,0.133333,0,0,0,0,0,0,0,0,0,0,4,4,4,0,0,0,0,0,0,0,0,0
2026-05-17 21:25:20.059,341,30,320,240,153600,1.56983,12.0665,4.32274,1478.38,0,0,0,0,0,0,1.56983,0,1.64067,0.133333,0,0,0,0,0,0,0,0,0,0,4,4,4,0,0,0,0,0,0,0,0,0
2026-05-17 21:25:20.127,0,0,0,0,0,0,0,0,0,0,0,0,0,0,0,0,0,0,0,1952,914,56,81,92,49,1479,1479,1479,1479,4,4,4,0,0,0,0,0,0,0,0,0
2026-05-17 21:25:20.137,342,30,320,240,153600,13.0065,12.0637,4.34805,1491.38,0,0,0,0,0,0,13.0065,0,13.2873,0.133333,0,0,0,0,0,0,0,0,0,0,4,4,4,0,0,0,0,0,0,0,0,0
2026-05-17 21:25:20.215,343,30,320,240,153600,1.59077,12.0706,4.34004,1492.97,0,0,0,0,0,0,1.59077,0,1.69728,0.133333,0,0,0,0,0,0,0,0,0,0,4,4,4,0,0,0,0,0,0,0,0,0
2026-05-17 21:25:20.291,344,30,320,240,153600,1.27243,12.0735,4.33115,1494.25,0,0,0,0,0,0,1.27243,0,1.55004,0.133333,0,0,0,0,0,0,0,0,0,0,4,4,4,0,0,0,0,0,0,0,0,0
2026-05-17 21:25:20.371,345,30,320,240,153600,1.04742,12.0749,4.32166,1495.29,0,0,0,0,0,0,1.04763,0,1.12961,0.133333,0,0,0,0,0,0,0,0,0,0,4,4,4,0,0,0,0,0,0,0,0,0
2026-05-17 21:25:20.447,346,30,320,240,153600,0.945337,12.0778,4.31193,1496.24,0,0,0,0,0,0,0.945492,0,1.02956,0.133333,0,0,0,0,0,0,0,0,0,0,4,4,4,0,0,0,0,0,0,0,0,0
2026-05-17 21:25:20.523,347,30,320,240,153600,15.2698,12.0747,4.34342,1511.51,0,0,0,0,0,0,15.27,0,15.3485,0.133333,0,0,0,0,0,0,0,0,0,0,4,4,4,0,0,0,0,0,0,0,0,0
2026-05-17 21:25:20.603,348,30,320,240,153600,1.75359,12.0815,4.33599,1513.26,0,0,0,0,0,0,1.75364,0,1.84901,0.133333,0,0,0,0,0,0,0,0,0,0,4,4,4,0,0,0,0,0,0,0,0,0
2026-05-17 21:25:20.632,0,0,0,0,0,0,0,0,0,0,0,0,0,0,0,0,0,0,0,1952,915,48,90,62,88,1479,1479,1479,1479,4,4,4,0,0,0,0,0,0,0,0,0
2026-05-17 21:25:20.679,349,30,320,240,153600,2.10037,12.0838,4.32961,1515.36,0,0,0,0,0,0,2.10037,0,3.25654,0.133333,0,0,0,0,0,0,0,0,0,0,4,4,4,0,0,0,0,0,0,0,0,0
2026-05-17 21:25:20.760,350,30,320,240,153600,13.4834,12.0799,4.35569,1528.85,0,0,0,0,0,0,13.4834,0,13.5767,0.133333,0,0,0,0,0,0,0,0,0,0,4,4,4,0,0,0,0,0,0,0,0,0
2026-05-17 21:25:20.835,351,30,320,240,153600,1.57457,12.0884,4.34779,1530.42,0,0,0,0,0,0,1.57457,0,1.65223,0.133333,0,0,0,0,0,0,0,0,0,0,4,4,4,0,0,0,0,0,0,0,0,0
2026-05-17 21:25:20.911,352,30,320,240,153600,1.71796,12.0911,4.34034,1532.14,0,0,0,0,0,0,1.71801,0,1.82442,0.133333,0,0,0,0,0,0,0,0,0,0,4,4,4,0,0,0,0,0,0,0,0,0
2026-05-17 21:25:20.991,353,30,320,240,153600,1.74702,12.0922,4.33301,1533.89,0,0,0,0,0,0,1.74718,0,1.83473,0.133333,0,0,0,0,0,0,0,0,0,0,4,4,4,0,0,0,0,0,0,0,0,0
2026-05-17 21:25:21.067,354,30,320,240,153600,0.824135,12.0953,4.32313,1534.71,0,0,0,0,0,0,0.824136,0,0.929086,0.133333,0,0,0,0,0,0,0,0,0,0,4,4,4,0,0,0,0,0,0,0,0,0
2026-05-17 21:25:21.133,0,0,0,0,0,0,0,0,0,0,0,0,0,0,0,0,0,0,0,1952,915,67,71,57,79,1479,1479,1479,1479,4,4,4,0,0,0,0,0,0,0,0,0
2026-05-17 21:25:21.147,355,30,320,240,153600,12.1571,12.0918,4.34513,1546.87,0,0,0,0,0,0,12.1571,0,12.255,0.133333,0,0,0,0,0,0,0,0,0,0,4,4,4,0,0,0,0,0,0,0,0,0
2026-05-17 21:25:21.223,356,30,320,240,153600,1.06169,12.0991,4.33593,1547.93,0,0,0,0,0,0,1.06175,0,1.14612,0.133333,0,0,0,0,0,0,0,0,0,0,4,4,4,0,0,0,0,0,0,0,0,0
2026-05-17 21:25:21.299,357,30,320,240,153600,0.966066,12.1018,4.32652,1548.89,0,0,0,0,0,0,0.966118,0,1.04883,0.133333,0,0,0,0,0,0,0,0,0,0,4,4,4,0,0,0,0,0,0,0,0,0
2026-05-17 21:25:21.379,358,30,320,240,153600,1.25394,12.1028,4.31796,1550.15,0,0,0,0,0,0,1.25399,0,1.33795,0.133333,0,0,0,0,0,0,0,0,0,0,4,4,4,0,0,0,0,0,0,0,0,0
2026-05-17 21:25:21.455,359,30,320,240,153600,1.02471,12.1056,4.30881,1551.17,0,0,0,0,0,0,1.02497,0,1.10503,0.133333,0,0,0,0,0,0,0,0,0,0,4,4,4,0,0,0,0,0,0,0,0,0
2026-05-17 21:25:21.535,360,30,320,240,153600,1.72494,12.1063,4.30166,1552.9,0,0,0,0,0,0,1.72504,0,1.82999,0.133333,0,0,0,0,0,0,0,0,0,0,4,4,4,0,0,0,0,0,0,0,0,0
2026-05-17 21:25:21.634,0,0,0,0,0,0,0,0,0,0,0,0,0,0,0,0,0,0,0,1952,915,57,93,43,88,1479,1479,1479,1479,4,4,4,0,0,0,0,0,0,0,0,0
2026-05-17 21:25:21.611,361,30,320,240,153600,1.66546,12.1091,4.29437,1554.56,0,0,0,0,0,0,1.66551,0,1.73286,0.133333,0,0,0,0,0,0,0,0,0,0,4,4,4,0,0,0,0,0,0,0,0,0
2026-05-17 21:25:21.687,362,30,320,240,153600,1.67181,12.1117,4.28715,1556.24,0,0,0,0,0,0,1.67197,0,1.75405,0.133333,0,0,0,0,0,0,0,0,0,0,4,4,4,0,0,0,0,0,0,0,0,0
2026-05-17 21:25:21.767,363,30,320,240,153600,1.80895,12.1125,4.28034,1558.04,0,0,0,0,0,0,1.80895,0,1.89828,0.133333,0,0,0,0,0,0,0,0,0,0,4,4,4,0,0,0,0,0,0,0,0,0
2026-05-17 21:25:21.843,364,30,320,240,153600,1.71192,12.1153,4.2733,1559.76,0,0,0,0,0,0,1.71197,0,1.80031,0.133333,0,0,0,0,0,0,0,0,0,0,4,4,4,0,0,0,0,0,0,0,0,0
2026-05-17 21:25:21.923,365,30,320,240,153600,11.3273,12.1125,4.29258,1571.08,0,0,0,0,0,0,11.3274,0,11.4017,0.133333,0,0,0,0,0,0,0,0,0,0,4,4,4,0,0,0,0,0,0,0,0,0
2026-05-17 21:25:21.999,366,30,320,240,153600,2.75752,12.1186,4.28839,1573.84,0,0,0,0,0,0,2.75767,0,2.82637,0.133333,0,0,0,0,0,0,0,0,0,0,4,4,4,0,0,0,0,0,0,0,0,0
2026-05-17 21:25:22.135,0,0,0,0,0,0,0,0,0,0,0,0,0,0,0,0,0,0,0,1952,915,76,89,64,40,1479,1479,1479,1479,4,4,4,0,0,0,0,0,0,0,0,0
2026-05-17 21:25:22.075,367,30,320,240,153600,2.46366,12.1213,4.28344,1576.3,0,0,0,0,0,0,2.46381,0,2.54902,0.133333,0,0,0,0,0,0,0,0,0,0,4,4,4,0,0,0,0,0,0,0,0,0
2026-05-17 21:25:22.162,368,30,320,240,153600,2.82398,12.1193,4.27948,1579.13,0,0,0,0,0,0,2.82398,0,2.9221,0.133333,0,0,0,0,0,0,0,0,0,0,4,4,4,0,0,0,0,0,0,0,0,0
2026-05-17 21:25:22.231,369,30,320,240,153600,1.5754,12.1252,4.27217,1580.7,0,0,0,0,0,0,1.57556,0,1.67926,0.133333,0,0,0,0,0,0,0,0,0,0,4,4,4,0,0,0,0,0,0,0,0,0
2026-05-17 21:25:22.311,370,30,320,240,153600,1.68108,12.1261,4.26519,1582.39,0,0,0,0,0,0,1.68119,0,1.75291,0.133333,0,0,0,0,0,0,0,0,0,0,4,4,4,0,0,0,0,0,0,0,0,0
2026-05-17 21:25:22.387,371,30,320,240,153600,5.77942,12.1271,4.26926,1588.16,0,0,0,0,0,0,5.77947,0,5.85817,0.133333,0,0,0,0,0,0,0,0,0,0,4,4,4,0,0,0,0,0,0,0,0,0
2026-05-17 21:25:22.463,372,30,320,240,153600,7.20461,12.129,4.27713,1595.37,0,0,0,0,0,0,7.20466,0,7.30831,0.133333,0,0,0,0,0,0,0,0,0,0,4,4,4,0,0,0,0,0,0,0,0,0
2026-05-17 21:25:22.543,373,30,320,240,153600,1.84473,12.1321,4.27063,1597.21,0,0,0,0,0,0,1.84473,0,1.93552,0.133333,0,0,0,0,0,0,0,0,0,0,4,4,4,0,0,0,0,0,0,0,0,0
2026-05-17 21:25:22.636,0,0,0,0,0,0,0,0,0,0,0,0,0,0,0,0,0,0,0,1952,914,59,52,94,86,1479,1479,1479,1479,4,4,4,0,0,0,0,0,0,0,0,0
2026-05-17 21:25:22.619,374,30,320,240,153600,11.1578,12.131,4.28899,1608.37,0,0,0,0,0,0,11.1578,0,11.2258,0.133333,0,0,0,0,0,0,0,0,0,0,4,4,4,0,0,0,0,0,0,0,0,0
2026-05-17 21:25:22.699,375,30,320,240,153600,1.56728,12.1357,4.28175,1609.94,0,0,0,0,0,0,1.56743,0,1.63275,0.133333,0,0,0,0,0,0,0,0,0,0,4,4,4,0,0,0,0,0,0,0,0,0
2026-05-17 21:25:22.775,376,30,320,240,153600,7.0607,12.1361,4.28912,1617,0,0,0,0,0,0,7.0607,0,7.16747,0.133333,0,0,0,0,0,0,0,0,0,0,4,4,4,0,0,0,0,0,0,0,0,0
2026-05-17 21:25:22.851,377,30,320,240,153600,0.89372,12.141,4.28014,1617.89,0,0,0,0,0,0,0.893825,0,0.958097,0.133333,0,0,0,0,0,0,0,0,0,0,4,4,4,0,0,0,0,0,0,0,0,0
2026-05-17 21:25:22.931,378,30,320,240,153600,0.99513,12.1418,4.27147,1618.89,0,0,0,0,0,0,0.995285,0,1.07492,0.133333,0,0,0,0,0,0,0,0,0,0,4,4,4,0,0,0,0,0,0,0,0,0
2026-05-17 21:25:23.007,379,30,320,240,153600,6.39391,12.1422,4.27706,1625.28,0,0,0,0,0,0,6.39391,0,6.61178,0.133333,0,0,0,0,0,0,0,0,0,0,4,4,4,0,0,0,0,0,0,0,0,0
2026-05-17 21:25:23.138,0,0,0,0,0,0,0,0,0,0,0,0,0,0,0,0,0,0,0,1952,915,77,64,38,94,1479,1479,1479,1479,4,4,4,0,0,0,0,0,0,0,0,0
2026-05-17 21:25:23.089,380,30,320,240,153600,4.25979,12.1433,4.27701,1629.54,0,0,0,0,0,0,4.25985,0,4.36011,0.133333,0,0,0,0,0,0,0,0,0,0,4,4,4,0,0,0,0,0,0,0,0,0
2026-05-17 21:25:23.163,381,30,320,240,153600,10.9245,12.1438,4.29442,1640.47,0,0,0,0,0,0,10.9245,0,11.0509,0.133333,0,0,0,0,0,0,0,0,0,0,4,4,4,0,0,0,0,0,0,0,0,0
2026-05-17 21:25:23.239,382,30,320,240,153600,1.61223,12.1499,4.28741,1642.08,0,0,0,0,0,0,1.61228,0,1.69343,0.133333,0,0,0,0,0,0,0,0,0,0,4,4,4,0,0,0,0,0,0,0,0,0
2026-05-17 21:25:23.319,383,30,320,240,153600,1.51197,12.1508,4.28018,1643.59,0,0,0,0,0,0,1.51197,0,1.62051,0.133333,0,0,0,0,0,0,0,0,0,0,4,4,4,0,0,0,0,0,0,0,0,0
2026-05-17 21:25:23.395,384,30,320,240,153600,16.0731,12.1476,4.31082,1659.66,0,0,0,0,0,0,16.0731,0,16.1679,0.133333,0,0,0,0,0,0,0,0,0,0,4,4,4,0,0,0,0,0,0,0,0,0
2026-05-17 21:25:23.475,385,30,320,240,153600,7.56529,12.1518,4.31925,1667.23,0,0,0,0,0,0,7.56535,0,7.65196,0.133333,0,0,0,0,0,0,0,0,0,0,4,4,4,0,0,0,0,0,0,0,0,0
2026-05-17 21:25:23.555,386,30,320,240,153600,1.88072,12.1549,4.31295,1669.11,0,0,0,0,0,0,1.88072,0,1.965,0.133333,0,0,0,0,0,0,0,0,0,0,4,4,4,0,0,0,0,0,0,0,0,0
2026-05-17 21:25:23.639,0,0,0,0,0,0,0,0,0,0,0,0,0,0,0,0,0,0,0,1952,915,94,93,54,42,1479,1479,1479,1479,4,4,4,0,0,0,0,0,0,0,0,0
2026-05-17 21:25:23.627,387,30,320,240,153600,5.70702,12.1572,4.31654,1674.82,0,0,0,0,0,0,5.70728,0,5.81739,0.133333,0,0,0,0,0,0,0,0,0,0,4,4,4,0,0,0,0,0,0,0,0,0
2026-05-17 21:25:23.707,388,30,320,240,153600,1.67379,12.1597,4.30974,1676.49,0,0,0,0,0,0,1.67405,0,1.7378,0.133333,0,0,0,0,0,0,0,0,0,0,4,4,4,0,0,0,0,0,0,0,0,0
2026-05-17 21:25:23.783,389,30,320,240,153600,11.7555,12.1581,4.32884,1688.25,0,0,0,0,0,0,11.7555,0,11.8618,0.133333,0,0,0,0,0,0,0,0,0,0,4,4,4,0,0,0,0,0,0,0,0,0
2026-05-17 21:25:23.863,390,30,320,240,153600,1.66712,12.1629,4.32203,1689.91,0,0,0,0,0,0,1.66712,0,1.75067,0.133333,0,0,0,0,0,0,0,0,0,0,4,4,4,0,0,0,0,0,0,0,0,0
2026-05-17 21:25:23.939,391,30,320,240,153600,1.62608,12.1652,4.31515,1691.54,0,0,0,0,0,0,1.62619,0,1.7127,0.133333,0,0,0,0,0,0,0,0,0,0,4,4,4,0,0,0,0,0,0,0,0,0
2026-05-17 21:25:24.019,392,30,320,240,153600,1.76947,12.166,4.30867,1693.31,0,0,0,0,0,0,1.76958,0,1.87406,0.133333,0,0,0,0,0,0,0,0,0,0,4,4,4,0,0,0,0,0,0,0,0,0
2026-05-17 21:25:24.095,393,30,320,240,153600,1.55931,12.1684,4.3017,1694.87,0,0,0,0,0,0,1.55931,0,1.61634,0.133333,0,0,0,0,0,0,0,0,0,0,4,4,4,0,0,0,0,0,0,0,0,0
2026-05-17 21:25:24.140,0,0,0,0,0,0,0,0,0,0,0,0,0,0,0,0,0,0,0,1952,915,95,71,40,63,1479,1479,1479,1479,4,4,4,0,0,0,0,0,0,0,0,0
2026-05-17 21:25:24.171,394,30,320,240,153600,1.68744,12.1707,4.29508,1696.56,0,0,0,0,0,0,1.68744,0,1.78812,0.133333,0,0,0,0,0,0,0,0,0,0,4,4,4,0,0,0,0,0,0,0,0,0
2026-05-17 21:25:24.251,395,30,320,240,153600,2.38719,12.1711,4.29026,1698.94,0,0,0,0,0,0,2.38725,0,2.69298,0.133333,0,0,0,0,0,0,0,0,0,0,4,4,4,0,0,0,0,0,0,0,0,0
2026-05-17 21:25:24.327,396,30,320,240,153600,0.887314,12.1741,4.28169,1699.83,0,0,0,0,0,0,0.887314,0,0.954764,0.133333,0,0,0,0,0,0,0,0,0,0,4,4,4,0,0,0,0,0,0,0,0,0
2026-05-17 21:25:24.407,397,30,320,240,153600,0.853146,12.1749,4.27307,1700.68,0,0,0,0,0,0,0.853095,0,0.916378,0.133333,0,0,0,0,0,0,0,0,0,0,4,4,4,0,0,0,0,0,0,0,0,0
2026-05-17 21:25:24.483,398,30,320,240,153600,1.62947,12.1769,4.26645,1702.31,0,0,0,0,0,0,1.62962,0,1.71056,0.133333,0,0,0,0,0,0,0,0,0,0,4,4,4,0,0,0,0,0,0,0,0,0
2026-05-17 21:25:24.559,399,30,320,240,153600,1.55655,12.1792,4.25967,1703.87,0,0,0,0,0,0,1.55655,0,1.6265,0.133333,0,0,0,0,0,0,0,0,0,0,4,4,4,0,0,0,0,0,0,0,0,0
2026-05-17 21:25:24.644,0,0,0,0,0,0,0,0,0,0,0,0,0,0,0,0,0,0,0,1952,915,70,90,47,66,1479,1479,1479,1479,4,4,4,0,0,0,0,0,0,0,0,0
2026-05-17 21:25:24.643,400,30,320,240,153600,15.0883,12.1734,4.28668,1718.96,0,0,0,0,0,0,15.0885,0,15.1639,0.133333,0,0,0,0,0,0,0,0,0,0,4,4,4,0,0,0,0,0,0,0,0,0
2026-05-17 21:25:24.715,401,30,320,240,153600,1.66603,12.1822,4.28016,1720.62,0,0,0,0,0,0,1.66608,0,1.75317,0.133333,0,0,0,0,0,0,0,0,0,0,4,4,4,0,0,0,0,0,0,0,0,0
2026-05-17 21:25:24.795,402,30,320,240,153600,15.6136,12.1777,4.30828,1736.24,0,0,0,0,0,0,15.6136,0,15.9116,0.133333,0,0,0,0,0,0,0,0,0,0,4,4,4,0,0,0,0,0,0,0,0,0
2026-05-17 21:25:24.871,403,30,320,240,153600,1.67473,12.1852,4.30176,1737.91,0,0,0,0,0,0,1.67494,0,1.77744,0.133333,0,0,0,0,0,0,0,0,0,0,4,4,4,0,0,0,0,0,0,0,0,0
2026-05-17 21:25:24.947,404,30,320,240,153600,1.55525,12.1874,4.29498,1739.47,0,0,0,0,0,0,1.5552,0,1.66114,0.133333,0,0,0,0,0,0,0,0,0,0,4,4,4,0,0,0,0,0,0,0,0,0
2026-05-17 21:25:25.027,405,30,320,240,153600,6.90439,12.1861,4.30141,1746.37,0,0,0,0,0,0,6.90444,0,7.03846,0.133333,0,0,0,0,0,0,0,0,0,0,4,4,4,0,0,0,0,0,0,0,0,0
2026-05-17 21:25:25.145,0,0,0,0,0,0,0,0,0,0,0,0,0,0,0,0,0,0,0,1952,915,72,52,68,98,1479,1479,1479,1479,4,4,4,0,0,0,0,0,0,0,0,0
2026-05-17 21:25:25.103,406,30,320,240,153600,1.01992,12.1906,4.29335,1747.39,0,0,0,0,0,0,1.01997,0,1.09602,0.133333,0,0,0,0,0,0,0,0,0,0,4,4,4,0,0,0,0,0,0,0,0,0
2026-05-17 21:25:25.183,407,30,320,240,153600,0.994765,12.1913,4.28526,1748.39,0,0,0,0,0,0,0.994764,0,1.0732,0.133333,0,0,0,0,0,0,0,0,0,0,4,4,4,0,0,0,0,0,0,0,0,0
2026-05-17 21:25:25.259,408,30,320,240,153600,12.8427,12.1891,4.30618,1761.23,0,0,0,0,0,0,12.8427,0,12.9438,0.133333,0,0,0,0,0,0,0,0,0,0,4,4,4,0,0,0,0,0,0,0,0,0
2026-05-17 21:25:25.335,409,30,320,240,153600,1.6152,12.1955,4.29962,1762.84,0,0,0,0,0,0,1.61535,0,1.68155,0.133333,0,0,0,0,0,0,0,0,0,0,4,4,4,0,0,0,0,0,0,0,0,0
2026-05-17 21:25:25.415,410,30,320,240,153600,0.91721,12.1964,4.29139,1763.76,0,0,0,0,0,0,0.917367,0,0.967681,0.133333,0,0,0,0,0,0,0,0,0,0,4,4,4,0,0,0,0,0,0,0,0,0
2026-05-17 21:25:25.491,411,30,320,240,153600,1.78056,12.1983,4.2853,1765.54,0,0,0,0,0,0,1.78067,0,1.89979,0.133333,0,0,0,0,0,0,0,0,0,0,4,4,4,0,0,0,0,0,0,0,0,0
2026-05-17 21:25:25.571,412,30,320,240,153600,0.891637,12.1993,4.27708,1766.43,0,0,0,0,0,0,0.892001,0,0.977368,0.133333,0,0,0,0,0,0,0,0,0,0,4,4,4,0,0,0,0,0,0,0,0,0
2026-05-17 21:25:25.650,0,0,0,0,0,0,0,0,0,0,0,0,0,0,0,0,0,0,0,1952,915,62,78,53,86,1479,1479,1479,1479,4,4,4,0,0,0,0,0,0,0,0,0
2026-05-17 21:25:25.647,413,30,320,240,153600,3.17649,12.2006,4.27442,1769.61,0,0,0,0,0,0,3.17654,0,3.2705,0.133333,0,0,0,0,0,0,0,0,0,0,4,4,4,0,0,0,0,0,0,0,0,0
2026-05-17 21:25:25.723,414,30,320,240,153600,1.05018,12.2035,4.26665,1770.66,0,0,0,0,0,0,1.05023,0,1.12758,0.133333,0,0,0,0,0,0,0,0,0,0,4,4,4,0,0,0,0,0,0,0,0,0
2026-05-17 21:25:25.803,415,30,320,240,153600,1.47399,12.204,4.25994,1772.13,0,0,0,0,0,0,1.47415,0,1.6865,0.133333,0,0,0,0,0,0,0,0,0,0,4,4,4,0,0,0,0,0,0,0,0,0
2026-05-17 21:25:25.879,416,30,320,240,153600,1.91661,12.2059,4.25432,1774.05,0,0,0,0,0,0,1.91666,0,2.01307,0.133333,0,0,0,0,0,0,0,0,0,0,4,4,4,0,0,0,0,0,0,0,0,0
2026-05-17 21:25:25.959,417,30,320,240,153600,0.840594,12.2071,4.24615,1774.89,0,0,0,0,0,0,0.840698,0,0.94867,0.133333,0,0,0,0,0,0,0,0,0,0,4,4,4,0,0,0,0,0,0,0,0,0
2026-05-17 21:25:26.035,418,30,320,240,153600,11.0231,12.2056,4.26233,1785.91,0,0,0,0,0,0,11.0231,0,11.126,0.133333,0,0,0,0,0,0,0,0,0,0,4,4,4,0,0,0,0,0,0,0,0,0
2026-05-17 21:25:26.150,0,0,0,0,0,0,0,0,0,0,0,0,0,0,0,0,0,0,0,1952,915,62,94,41,81,1479,1479,1479,1479,4,4,4,0,0,0,0,0,0,0,0,0
2026-05-17 21:25:26.111,419,30,320,240,153600,1.54915,12.2111,4.25587,1787.46,0,0,0,0,0,0,1.54926,0,1.65843,0.133333,0,0,0,0,0,0,0,0,0,0,4,4,4,0,0,0,0,0,0,0,0,0
2026-05-17 21:25:26.191,420,30,320,240,153600,1.56889,12.2117,4.24948,1789.03,0,0,0,0,0,0,1.569,0,1.67869,0.133333,0,0,0,0,0,0,0,0,0,0,4,4,4,0,0,0,0,0,0,0,0,0
2026-05-17 21:25:26.267,421,30,320,240,153600,2.52975,12.2134,4.24541,1791.56,0,0,0,0,0,0,2.52975,0,2.68085,0.133333,0,0,0,0,0,0,0,0,0,0,4,4,4,0,0,0,0,0,0,0,0,0
2026-05-17 21:25:26.347,422,30,320,240,153600,1.80348,12.2144,4.23964,1793.37,0,0,0,0,0,0,1.80359,0,1.86786,0.133333,0,0,0,0,0,0,0,0,0,0,4,4,4,0,0,0,0,0,0,0,0,0
2026-05-17 21:25:26.423,423,30,320,240,153600,1.65916,12.2165,4.23355,1795.03,0,0,0,0,0,0,1.6591,0,1.74859,0.133333,0,0,0,0,0,0,0,0,0,0,4,4,4,0,0,0,0,0,0,0,0,0
2026-05-17 21:25:26.499,424,30,320,240,153600,11.139,12.2152,4.2498,1806.16,0,0,0,0,0,0,11.139,0,11.2451,0.133333,0,0,0,0,0,0,0,0,0,0,4,4,4,0,0,0,0,0,0,0,0,0
2026-05-17 21:25:26.579,425,30,320,240,153600,1.65124,12.2192,4.2437,1807.82,0,0,0,0,0,0,1.65134,0,1.7439,0.133333,0,0,0,0,0,0,0,0,0,0,4,4,4,0,0,0,0,0,0,0,0,0
2026-05-17 21:25:26.652,0,0,0,0,0,0,0,0,0,0,0,0,0,0,0,0,0,0,0,1952,915,64,72,83,62,1479,1479,1479,1479,4,4,4,0,0,0,0,0,0,0,0,0
2026-05-17 21:25:26.655,426,30,320,240,153600,10.1794,12.2182,4.2576,1817.99,0,0,0,0,0,0,10.1794,0,10.2978,0.133333,0,0,0,0,0,0,0,0,0,0,4,4,4,0,0,0,0,0,0,0,0,0
2026-05-17 21:25:26.735,427,30,320,240,153600,1.55957,12.2219,4.25129,1819.55,0,0,0,0,0,0,1.55957,0,1.66785,0.133333,0,0,0,0,0,0,0,0,0,0,4,4,4,0,0,0,0,0,0,0,0,0
2026-05-17 21:25:26.811,428,30,320,240,153600,0.865178,12.2242,4.2434,1820.42,0,0,0,0,0,0,0.865178,0,1.05675,0.133333,0,0,0,0,0,0,0,0,0,0,4,4,4,0,0,0,0,0,0,0,0,0
2026-05-17 21:25:26.887,429,30,320,240,153600,11.0341,12.2227,4.25919,1831.45,0,0,0,0,0,0,11.0342,0,11.1028,0.133333,0,0,0,0,0,0,0,0,0,0,4,4,4,0,0,0,0,0,0,0,0,0
2026-05-17 21:25:26.967,430,30,320,240,153600,2.25969,12.2263,4.25455,1833.71,0,0,0,0,0,0,2.26006,0,2.3497,0.133333,0,0,0,0,0,0,0,0,0,0,4,4,4,0,0,0,0,0,0,0,0,0
2026-05-17 21:25:27.043,431,30,320,240,153600,5.21565,12.2273,4.25678,1838.93,0,0,0,0,0,0,5.21565,0,5.31826,0.133333,0,0,0,0,0,0,0,0,0,0,4,4,4,0,0,0,0,0,0,0,0,0
2026-05-17 21:25:27.123,432,30,320,240,153600,1.56608,12.2292,4.25057,1840.49,0,0,0,0,0,0,1.56624,0,1.67296,0.133333,0,0,0,0,0,0,0,0,0,0,4,4,4,0,0,0,0,0,0,0,0,0
2026-05-17 21:25:27.153,0,0,0,0,0,0,0,0,0,0,0,0,0,0,0,0,0,0,0,1952,915,95,62,50,70,1479,1479,1479,1479,4,4,4,0,0,0,0,0,0,0,0,0
2026-05-17 21:25:27.199,433,30,320,240,153600,1.58879,12.2312,4.24443,1842.08,0,0,0,0,0,0,1.58884,0,1.68535,0.133333,0,0,0,0,0,0,0,0,0,0,4,4,4,0,0,0,0,0,0,0,0,0
2026-05-17 21:25:27.275,434,30,320,240,153600,10.9772,12.2298,4.25991,1853.06,0,0,0,0,0,0,10.9773,0,11.1924,0.133333,0,0,0,0,0,0,0,0,0,0,4,4,4,0,0,0,0,0,0,0,0,0
2026-05-17 21:25:27.355,435,30,320,240,153600,1.6541,12.2337,4.25393,1854.71,0,0,0,0,0,0,1.65416,0,1.73536,0.133333,0,0,0,0,0,0,0,0,0,0,4,4,4,0,0,0,0,0,0,0,0,0
2026-05-17 21:25:27.431,436,30,320,240,153600,2.46392,12.2354,4.24984,1857.18,0,0,0,0,0,0,2.46392,0,2.54387,0.133333,0,0,0,0,0,0,0,0,0,0,4,4,4,0,0,0,0,0,0,0,0,0
2026-05-17 21:25:27.511,437,30,320,240,153600,1.6241,12.236,4.24384,1858.8,0,0,0,0,0,0,1.6241,0,2.50876,0.133333,0,0,0,0,0,0,0,0,0,0,4,4,4,0,0,0,0,0,0,0,0,0
2026-05-17 21:25:27.655,0,0,0,0,0,0,0,0,0,0,0,0,0,0,0,0,0,0,0,1952,915,72,56,47,92,1479,1479,1479,1479,4,4,4,0,0,0,0,0,0,0,0,0
2026-05-17 21:25:27.587,438,30,320,240,153600,7.41008,12.2363,4.25105,1866.21,0,0,0,0,0,0,7.41013,0,7.51524,0.133333,0,0,0,0,0,0,0,0,0,0,4,4,4,0,0,0,0,0,0,0,0,0
2026-05-17 21:25:27.663,439,30,320,240,153600,14.8804,12.2356,4.27521,1881.09,0,0,0,0,0,0,14.8804,0,15.1655,0.133333,0,0,0,0,0,0,0,0,0,0,4,4,4,0,0,0,0,0,0,0,0,0
2026-05-17 21:25:27.743,440,30,320,240,153600,0.825854,12.2411,4.26739,1881.92,0,0,0,0,0,0,0.825958,0,0.895388,0.133333,0,0,0,0,0,0,0,0,0,0,4,4,4,0,0,0,0,0,0,0,0,0
2026-05-17 21:25:27.819,441,30,320,240,153600,0.910075,12.2429,4.2598,1882.83,0,0,0,0,0,0,0.910232,0,0.976482,0.133333,0,0,0,0,0,0,0,0,0,0,4,4,4,0,0,0,0,0,0,0,0,0
2026-05-17 21:25:27.899,442,30,320,240,153600,1.55556,12.2433,4.25369,1884.38,0,0,0,0,0,0,1.55572,0,1.62353,0.133333,0,0,0,0,0,0,0,0,0,0,4,4,4,0,0,0,0,0,0,0,0,0
2026-05-17 21:25:27.975,443,30,320,240,153600,1.61171,12.2452,4.24774,1886,0,0,0,0,0,0,1.61181,0,1.69301,0.133333,0,0,0,0,0,0,0,0,0,0,4,4,4,0,0,0,0,0,0,0,0,0
2026-05-17 21:25:28.055,444,30,320,240,153600,1.23529,12.2458,4.24097,1887.23,0,0,0,0,0,0,1.2355,0,1.33868,0.133333,0,0,0,0,0,0,0,0,0,0,4,4,4,0,0,0,0,0,0,0,0,0
2026-05-17 21:25:28.156,0,0,0,0,0,0,0,0,0,0,0,0,0,0,0,0,0,0,0,1952,915,78,73,48,86,1479,1479,1479,1479,4,4,4,0,0,0,0,0,0,0,0,0
2026-05-17 21:25:28.134,445,30,320,240,153600,3.7616,12.2458,4.2399,1890.99,0,0,0,0,0,0,3.7616,0,3.84187,0.133333,0,0,0,0,0,0,0,0,0,0,4,4,4,0,0,0,0,0,0,0,0,0
2026-05-17 21:25:28.207,446,30,320,240,153600,1.55868,12.2496,4.2339,1892.55,0,0,0,0,0,0,1.55868,0,1.67067,0.133333,0,0,0,0,0,0,0,0,0,0,4,4,4,0,0,0,0,0,0,0,0,0
2026-05-17 21:25:28.287,447,30,320,240,153600,14.9365,12.2456,4.25779,1907.49,0,0,0,0,0,0,14.9366,0,15.0392,0.133333,0,0,0,0,0,0,0,0,0,0,4,4,4,0,0,0,0,0,0,0,0,0
2026-05-17 21:25:28.363,448,30,320,240,153600,1.61358,12.252,4.2519,1909.1,0,0,0,0,0,0,1.61363,0,1.69098,0.133333,0,0,0,0,0,0,0,0,0,0,4,4,4,0,0,0,0,0,0,0,0,0
2026-05-17 21:25:28.443,449,30,320,240,153600,1.63254,12.2525,4.24608,1910.73,0,0,0,0,0,0,1.63259,0,1.70905,0.133333,0,0,0,0,0,0,0,0,0,0,4,4,4,0,0,0,0,0,0,0,0,0
2026-05-17 21:25:28.519,450,30,320,240,153600,1.96557,12.2542,4.24102,1912.7,0,0,0,0,0,0,1.96557,0,2.10458,0.133333,0,0,0,0,0,0,0,0,0,0,4,4,4,0,0,0,0,0,0,0,0,0
2026-05-17 21:25:28.595,451,30,320,240,153600,1.72134,12.2562,4.23545,1914.42,0,0,0,0,0,0,1.72155,0,1.78843,0.133333,0,0,0,0,0,0,0,0,0,0,4,4,4,0,0,0,0,0,0,0,0,0
2026-05-17 21:25:28.658,0,0,0,0,0,0,0,0,0,0,0,0,0,0,0,0,0,0,0,1952,915,62,73,79,63,1479,1479,1479,1479,4,4,4,0,0,0,0,0,0,0,0,0
2026-05-17 21:25:28.675,452,30,320,240,153600,8.74454,12.2544,4.2454,1923.17,0,0,0,0,0,0,8.74465,0,8.8483,0.133333,0,0,0,0,0,0,0,0,0,0,4,4,4,0,0,0,0,0,0,0,0,0
2026-05-17 21:25:28.751,453,30,320,240,153600,0.868147,12.2589,4.23796,1924.03,0,0,0,0,0,0,0.868147,0,0.934503,0.133333,0,0,0,0,0,0,0,0,0,0,4,4,4,0,0,0,0,0,0,0,0,0
2026-05-17 21:25:28.831,454,30,320,240,153600,0.920909,12.2594,4.23067,1924.96,0,0,0,0,0,0,0.920909,0,0.989244,0.133333,0,0,0,0,0,0,0,0,0,0,4,4,4,0,0,0,0,0,0,0,0,0
2026-05-17 21:25:28.913,455,30,320,240,153600,13.4842,12.255,4.25096,1938.44,0,0,0,0,0,0,13.4842,0,13.6105,0.133333,0,0,0,0,0,0,0,0,0,0,4,4,4,0,0,0,0,0,0,0,0,0
2026-05-17 21:25:28.983,456,30,320,240,153600,1.63723,12.2628,4.24524,1940.08,0,0,0,0,0,0,1.63723,0,1.69994,0.133333,0,0,0,0,0,0,0,0,0,0,4,4,4,0,0,0,0,0,0,0,0,0
2026-05-17 21:25:29.063,457,30,320,240,153600,1.53915,12.2634,4.23934,1941.62,0,0,0,0,0,0,1.5392,0,1.60691,0.133333,0,0,0,0,0,0,0,0,0,0,4,4,4,0,0,0,0,0,0,0,0,0
2026-05-17 21:25:29.159,0,0,0,0,0,0,0,0,0,0,0,0,0,0,0,0,0,0,0,1952,915,55,66,70,94,1479,1479,1479,1479,4,4,4,0,0,0,0,0,0,0,0,0
2026-05-17 21:25:29.139,458,30,320,240,153600,1.56723,12.2652,4.23351,1943.18,0,0,0,0,0,0,1.56728,0,1.63723,0.133333,0,0,0,0,0,0,0,0,0,0,4,4,4,0,0,0,0,0,0,0,0,0
2026-05-17 21:25:29.219,459,30,320,240,153600,1.10555,12.2658,4.22671,1944.29,0,0,0,0,0,0,1.1056,0,1.18456,0.133333,0,0,0,0,0,0,0,0,0,0,4,4,4,0,0,0,0,0,0,0,0,0
2026-05-17 21:25:29.295,460,30,320,240,153600,11.5986,12.2642,4.24271,1955.89,0,0,0,0,0,0,11.5986,0,11.6954,0.133333,0,0,0,0,0,0,0,0,0,0,4,4,4,0,0,0,0,0,0,0,0,0
2026-05-17 21:25:29.371,461,30,320,240,153600,1.64306,12.2692,4.23708,1957.53,0,0,0,0,0,0,1.64306,0,1.73806,0.133333,0,0,0,0,0,0,0,0,0,0,4,4,4,0,0,0,0,0,0,0,0,0
2026-05-17 21:25:29.451,462,30,320,240,153600,5.95432,12.2683,4.24079,1963.48,0,0,0,0,0,0,5.95426,0,6.02708,0.133333,0,0,0,0,0,0,0,0,0,0,4,4,4,0,0,0,0,0,0,0,0,0
2026-05-17 21:25:29.527,463,30,320,240,153600,1.64718,12.2715,4.2352,1965.13,0,0,0,0,0,0,1.64723,0,1.73556,0.133333,0,0,0,0,0,0,0,0,0,0,4,4,4,0,0,0,0,0,0,0,0,0
2026-05-17 21:25:29.607,464,30,320,240,153600,1.80062,12.2719,4.22996,1966.93,0,0,0,0,0,0,1.80062,0,1.89609,0.133333,0,0,0,0,0,0,0,0,0,0,4,4,4,0,0,0,0,0,0,0,0,0
2026-05-17 21:25:29.661,0,0,0,0,0,0,0,0,0,0,0,0,0,0,0,0,0,0,0,1952,915,62,93,46,73,1479,1479,1479,1479,4,4,4,0,0,0,0,0,0,0,0,0
2026-05-17 21:25:29.759,466,30,320,240,153600,0.824084,12.2758,4.2204,1970.93,0,0,0,0,0,0,0.824135,0,0.922732,0.133333,0,0,0,0,0,0,0,0,0,0,4,4,4,0,0,0,0,0,0,0,0,0
2026-05-17 21:25:29.839,467,30,320,240,153600,6.22932,12.2745,4.2247,1977.16,0,0,0,0,0,0,6.22932,0,6.32167,0.133333,0,0,0,0,0,0,0,0,0,0,4,4,4,0,0,0,0,0,0,0,0,0
2026-05-17 21:25:29.915,468,30,320,240,153600,17.6722,12.2726,4.25337,1994.83,0,0,0,0,0,0,17.6722,0,17.778,0.133333,0,0,0,0,0,0,0,0,0,0,4,4,4,0,0,0,0,0,0,0,0,0
2026-05-17 21:25:29.995,469,30,320,240,153600,1.11992,12.2784,4.2467,1995.95,0,0,0,0,0,0,1.12003,0,1.19925,0.133333,0,0,0,0,0,0,0,0,0,0,4,4,4,0,0,0,0,0,0,0,0,0
2026-05-17 21:25:30.071,470,30,320,240,153600,1.56322,12.2799,4.24101,1997.51,0,0,0,0,0,0,1.56322,0,1.70218,0.133333,0,0,0,0,0,0,0,0,0,0,4,4,4,0,0,0,0,0,0,0,0,0
2026-05-17 21:25:30.163,0,0,0,0,0,0,0,0,0,0,0,0,0,0,0,0,0,0,0,1952,916,51,91,56,86,1479,1479,1479,1479,4,4,4,0,0,0,0,0,0,0,0,0
2026-05-17 21:25:30.147,471,30,320,240,153600,10.8913,12.2787,4.25509,2008.4,0,0,0,0,0,0,10.8913,0,10.9893,0.133333,0,0,0,0,0,0,0,0,0,0,4,4,4,0,0,0,0,0,0,0,0,0
2026-05-17 21:25:30.227,472,30,320,240,153600,1.65561,12.2821,4.2496,2010.06,0,0,0,0,0,0,1.65561,0,1.73921,0.133333,0,0,0,0,0,0,0,0,0,0,4,4,4,0,0,0,0,0,0,0,0,0
2026-05-17 21:25:30.303,473,30,320,240,153600,7.63957,12.2819,4.25675,2017.7,0,0,0,0,0,0,7.63962,0,7.73087,0.133333,0,0,0,0,0,0,0,0,0,0,4,4,4,0,0,0,0,0,0,0,0,0
2026-05-17 21:25:30.383,474,30,320,240,153600,1.55582,12.2844,4.25106,2019.26,0,0,0,0,0,0,1.55598,0,1.62535,0.133333,0,0,0,0,0,0,0,0,0,0,4,4,4,0,0,0,0,0,0,0,0,0
2026-05-17 21:25:30.459,475,30,320,240,153600,1.56853,12.2861,4.24543,2020.82,0,0,0,0,0,0,1.56863,0,1.6377,0.133333,0,0,0,0,0,0,0,0,0,0,4,4,4,0,0,0,0,0,0,0,0,0
2026-05-17 21:25:30.535,476,30,320,240,153600,1.57863,12.2877,4.23984,2022.4,0,0,0,0,0,0,1.57863,0,1.65754,0.133333,0,0,0,0,0,0,0,0,0,0,4,4,4,0,0,0,0,0,0,0,0,0
2026-05-17 21:25:30.668,0,0,0,0,0,0,0,0,0,0,0,0,0,0,0,0,0,0,0,1952,915,70,71,58,62,1479,1479,1479,1479,4,4,4,0,0,0,0,0,0,0,0,0
2026-05-17 21:25:30.616,477,30,320,240,153600,2.1074,12.2878,4.23538,2024.51,0,0,0,0,0,0,2.10745,0,2.22292,0.133333,0,0,0,0,0,0,0,0,0,0,4,4,4,0,0,0,0,0,0,0,0,0
2026-05-17 21:25:30.691,478,30,320,240,153600,1.01794,12.2901,4.22866,2025.53,0,0,0,0,0,0,1.01805,0,1.10628,0.133333,0,0,0,0,0,0,0,0,0,0,4,4,4,0,0,0,0,0,0,0,0,0
2026-05-17 21:25:30.771,479,30,320,240,153600,0.934399,12.2905,4.2218,2026.46,0,0,0,0,0,0,0.934398,0,1.00549,0.133333,0,0,0,0,0,0,0,0,0,0,4,4,4,0,0,0,0,0,0,0,0,0
2026-05-17 21:25:30.847,480,30,320,240,153600,1.00924,12.2922,4.21512,2027.47,0,0,0,0,0,0,1.00924,0,1.15315,0.133333,0,0,0,0,0,0,0,0,0,0,4,4,4,0,0,0,0,0,0,0,0,0
2026-05-17 21:25:30.925,481,30,320,240,153600,9.59602,12.2905,4.22628,2037.07,0,0,0,0,0,0,9.59607,0,9.67253,0.133333,0,0,0,0,0,0,0,0,0,0,4,4,4,0,0,0,0,0,0,0,0,0
2026-05-17 21:25:31.003,482,30,320,240,153600,0.899137,12.2943,4.21939,2037.97,0,0,0,0,0,0,0.899294,0,0.965284,0.133333,0,0,0,0,0,0,0,0,0,0,4,4,4,0,0,0,0,0,0,0,0,0
2026-05-17 21:25:31.079,483,30,320,240,153600,0.87648,12.2959,4.21249,2038.84,0,0,0,0,0,0,0.876532,0,1.06945,0.133333,0,0,0,0,0,0,0,0,0,0,4,4,4,0,0,0,0,0,0,0,0,0
2026-05-17 21:25:31.168,0,0,0,0,0,0,0,0,0,0,0,0,0,0,0,0,0,0,0,1952,916,62,90,58,85,1479,1479,1479,1479,4,4,4,0,0,0,0,0,0,0,0,0
2026-05-17 21:25:31.159,484,30,320,240,153600,1.55129,12.2962,4.207,2040.39,0,0,0,0,0,0,1.55134,0,1.61582,0.133333,0,0,0,0,0,0,0,0,0,0,4,4,4,0,0,0,0,0,0,0,0,0
2026-05-17 21:25:31.235,485,30,320,240,153600,1.63655,12.2978,4.20171,2042.03,0,0,0,0,0,0,1.63655,0,1.71541,0.133333,0,0,0,0,0,0,0,0,0,0,4,4,4,0,0,0,0,0,0,0,0,0
2026-05-17 21:25:31.311,486,30,320,240,153600,1.57327,12.2995,4.19631,2043.6,0,0,0,0,0,0,1.57327,0,1.67176,0.133333,0,0,0,0,0,0,0,0,0,0,4,4,4,0,0,0,0,0,0,0,0,0
2026-05-17 21:25:31.391,487,30,320,240,153600,1.05414,12.3,4.18987,2044.66,0,0,0,0,0,0,1.05414,0,1.12175,0.133333,0,0,0,0,0,0,0,0,0,0,4,4,4,0,0,0,0,0,0,0,0,0
2026-05-17 21:25:31.467,488,30,320,240,153600,1.0031,12.3017,4.18336,2045.66,0,0,0,0,0,0,1.00315,0,1.07352,0.133333,0,0,0,0,0,0,0,0,0,0,4,4,4,0,0,0,0,0,0,0,0,0
2026-05-17 21:25:31.547,489,30,320,240,153600,1.64624,12.2997,4.17818,2047.31,0,0,0,0,0,0,1.6464,0,8.79074,0.133333,0,0,0,0,0,0,0,0,0,0,4,4,4,0,0,0,0,0,0,0,0,0
2026-05-17 21:25:31.624,490,30,320,240,153600,1.62759,12.3032,4.17299,2048.94,0,0,0,0,0,0,1.62765,0,1.70864,0.133333,0,0,0,0,0,0,0,0,0,0,4,4,4,0,0,0,0,0,0,0,0,0
2026-05-17 21:25:31.668,0,0,0,0,0,0,0,0,0,0,0,0,0,0,0,0,0,0,0,1952,916,47,78,59,94,1479,1479,1479,1479,4,4,4,0,0,0,0,0,0,0,0,0
2026-05-17 21:25:31.699,491,30,320,240,153600,1.40904,12.3052,4.16737,2050.34,0,0,0,0,0,0,1.40905,0,1.48452,0.133333,0,0,0,0,0,0,0,0,0,0,4,4,4,0,0,0,0,0,0,0,0,0
2026-05-17 21:25:31.779,492,30,320,240,153600,1.68108,12.3055,4.16232,2052.03,0,0,0,0,0,0,1.68114,0,1.7739,0.133333,0,0,0,0,0,0,0,0,0,0,4,4,4,0,0,0,0,0,0,0,0,0
2026-05-17 21:25:31.855,493,30,320,240,153600,1.6202,12.3072,4.15718,2053.65,0,0,0,0,0,0,1.6202,0,1.69739,0.133333,0,0,0,0,0,0,0,0,0,0,4,4,4,0,0,0,0,0,0,0,0,0
2026-05-17 21:25:31.935,494,30,320,240,153600,7.62399,12.3057,4.16418,2061.27,0,0,0,0,0,0,7.62399,0,7.71894,0.133333,0,0,0,0,0,0,0,0,0,0,4,4,4,0,0,0,0,0,0,0,0,0
2026-05-17 21:25:32.011,495,30,320,240,153600,10.963,12.3063,4.17789,2072.23,0,0,0,0,0,0,10.963,0,11.0176,0.133333,0,0,0,0,0,0,0,0,0,0,4,4,4,0,0,0,0,0,0,0,0,0
2026-05-17 21:25:32.087,496,30,320,240,153600,1.59217,12.3107,4.17269,2073.83,0,0,0,0,0,0,1.59218,0,1.67535,0.133333,0,0,0,0,0,0,0,0,0,0,4,4,4,0,0,0,0,0,0,0,0,0
2026-05-17 21:25:32.169,0,0,0,0,0,0,0,0,0,0,0,0,0,0,0,0,0,0,0,1952,917,76,81,86,41,1479,1479,1479,1479,4,4,4,0,0,0,0,0,0,0,0,0
2026-05-17 21:25:32.167,497,30,320,240,153600,1.58952,12.3111,4.1675,2075.41,0,0,0,0,0,0,1.58952,0,1.67452,0.133333,0,0,0,0,0,0,0,0,0,0,4,4,4,0,0,0,0,0,0,0,0,0
2026-05-17 21:25:32.243,498,30,320,240,153600,1.8464,12.3126,4.16285,2077.26,0,0,0,0,0,0,1.8465,0,1.93203,0.133333,0,0,0,0,0,0,0,0,0,0,4,4,4,0,0,0,0,0,0,0,0,0
2026-05-17 21:25:32.323,499,30,320,240,153600,2.20959,12.3128,4.15894,2079.47,0,0,0,0,0,0,2.20969,0,2.38193,0.133333,0,0,0,0,0,0,0,0,0,0,4,4,4,0,0,0,0,0,0,0,0,0
2026-05-17 21:25:32.399,500,30,320,240,153600,1.55874,12.3147,4.15375,2081.03,0,0,0,0,0,0,1.55884,0,1.63108,0.133333,0,0,0,0,0,0,0,0,0,0,4,4,4,0,0,0,0,0,0,0,0,0
2026-05-17 21:25:32.479,501,30,320,240,153600,0.910127,12.3152,4.14729,2081.94,0,0,0,0,0,0,0.910335,0,1.10826,0.133333,0,0,0,0,0,0,0,0,0,0,4,4,4,0,0,0,0,0,0,0,0,0
2026-05-17 21:25:32.555,502,30,320,240,153600,6.90549,12.315,4.15277,2088.85,0,0,0,0,0,0,6.90554,0,6.98455,0.133333,0,0,0,0,0,0,0,0,0,0,4,4,4,0,0,0,0,0,0,0,0,0
2026-05-17 21:25:32.670,0,0,0,0,0,0,0,0,0,0,0,0,0,0,0,0,0,0,0,1952,916,61,96,74,40,1479,1479,1479,1479,4,4,4,0,0,0,0,0,0,0,0,0
2026-05-17 21:25:32.631,503,30,320,240,153600,2.87596,12.3178,4.15024,2091.72,0,0,0,0,0,0,2.87601,0,2.99028,0.133333,0,0,0,0,0,0,0,0,0,0,4,4,4,0,0,0,0,0,0,0,0,0
2026-05-17 21:25:32.711,504,30,320,240,153600,8.69418,12.3157,4.15924,2100.42,0,0,0,0,0,0,8.69423,0,10.9777,0.133333,0,0,0,0,0,0,0,0,0,0,4,4,4,0,0,0,0,0,0,0,0,0
2026-05-17 21:25:32.787,505,30,320,240,153600,1.559,12.3201,4.1541,2101.97,0,0,0,0,0,0,1.55915,0,1.62879,0.133333,0,0,0,0,0,0,0,0,0,0,4,4,4,0,0,0,0,0,0,0,0,0
2026-05-17 21:25:32.867,506,30,320,240,153600,1.56499,12.3204,4.14899,2103.54,0,0,0,0,0,0,1.56499,0,1.62983,0.133333,0,0,0,0,0,0,0,0,0,0,4,4,4,0,0,0,0,0,0,0,0,0
2026-05-17 21:25:32.943,507,30,320,240,153600,6.73178,12.3204,4.15408,2110.27,0,0,0,0,0,0,6.73178,0,6.83496,0.133333,0,0,0,0,0,0,0,0,0,0,4,4,4,0,0,0,0,0,0,0,0,0
2026-05-17 21:25:33.019,508,30,320,240,153600,1.67478,12.3235,4.14921,2111.95,0,0,0,0,0,0,1.67494,0,1.76885,0.133333,0,0,0,0,0,0,0,0,0,0,4,4,4,0,0,0,0,0,0,0,0,0
2026-05-17 21:25:33.099,509,30,320,240,153600,1.07128,12.324,4.14317,2113.02,0,0,0,0,0,0,1.07133,0,1.14638,0.133333,0,0,0,0,0,0,0,0,0,0,4,4,4,0,0,0,0,0,0,0,0,0
2026-05-17 21:25:33.171,0,0,0,0,0,0,0,0,0,0,0,0,0,0,0,0,0,0,0,1952,916,94,92,47,52,1479,1479,1479,1479,4,4,4,0,0,0,0,0,0,0,0,0
2026-05-17 21:25:33.175,510,30,320,240,153600,1.62238,12.3249,4.13824,2114.64,0,0,0,0,0,0,1.62254,0,3.18815,0.133333,0,0,0,0,0,0,0,0,0,0,4,4,4,0,0,0,0,0,0,0,0,0
2026-05-17 21:25:33.255,511,30,320,240,153600,1.70332,12.3257,4.13348,2116.34,0,0,0,0,0,0,1.70332,0,1.79223,0.133333,0,0,0,0,0,0,0,0,0,0,4,4,4,0,0,0,0,0,0,0,0,0
2026-05-17 21:25:33.331,512,30,320,240,153600,11.4129,12.3243,4.14767,2127.76,0,0,0,0,0,0,11.413,0,11.5313,0.133333,0,0,0,0,0,0,0,0,0,0,4,4,4,0,0,0,0,0,0,0,0,0
2026-05-17 21:25:33.407,513,30,320,240,153600,1.128,12.3289,4.1418,2128.88,0,0,0,0,0,0,1.1281,0,1.20639,0.133333,0,0,0,0,0,0,0,0,0,0,4,4,4,0,0,0,0,0,0,0,0,0
2026-05-17 21:25:33.487,514,30,320,240,153600,0.994348,12.3292,4.13569,2129.88,0,0,0,0,0,0,0.994504,0,1.07305,0.133333,0,0,0,0,0,0,0,0,0,0,4,4,4,0,0,0,0,0,0,0,0,0
2026-05-17 21:25:33.563,515,30,320,240,153600,5.48821,12.3293,4.13831,2135.37,0,0,0,0,0,0,5.48821,0,5.82947,0.133333,0,0,0,0,0,0,0,0,0,0,4,4,4,0,0,0,0,0,0,0,0,0
2026-05-17 21:25:33.677,0,0,0,0,0,0,0,0,0,0,0,0,0,0,0,0,0,0,0,1952,916,62,75,58,80,1479,1479,1479,1479,4,4,4,0,0,0,0,0,0,0,0,0
2026-05-17 21:25:33.643,516,30,320,240,153600,1.56993,12.3309,4.13334,2136.94,0,0,0,0,0,0,1.57004,0,1.64061,0.133333,0,0,0,0,0,0,0,0,0,0,4,4,4,0,0,0,0,0,0,0,0,0
2026-05-17 21:25:33.719,517,30,320,240,153600,1.55363,12.3324,4.12836,2138.49,0,0,0,0,0,0,1.55368,0,1.67379,0.133333,0,0,0,0,0,0,0,0,0,0,4,4,4,0,0,0,0,0,0,0,0,0
2026-05-17 21:25:33.795,518,30,320,240,153600,1.66754,12.3338,4.12362,2140.16,0,0,0,0,0,0,1.66754,0,1.75635,0.133333,0,0,0,0,0,0,0,0,0,0,4,4,4,0,0,0,0,0,0,0,0,0
2026-05-17 21:25:33.875,519,30,320,240,153600,1.56983,12.3342,4.11871,2141.73,0,0,0,0,0,0,1.56983,0,1.63009,0.133333,0,0,0,0,0,0,0,0,0,0,4,4,4,0,0,0,0,0,0,0,0,0
2026-05-17 21:25:33.951,520,30,320,240,153600,10.8157,12.3329,4.13156,2152.54,0,0,0,0,0,0,10.8156,0,10.9926,0.133333,0,0,0,0,0,0,0,0,0,0,4,4,4,0,0,0,0,0,0,0,0,0
2026-05-17 21:25:34.031,521,30,320,240,153600,1.55655,12.336,4.12663,2154.1,0,0,0,0,0,0,1.55655,0,1.62067,0.133333,0,0,0,0,0,0,0,0,0,0,4,4,4,0,0,0,0,0,0,0,0,0
2026-05-17 21:25:34.107,522,30,320,240,153600,1.57134,12.3375,4.12174,2155.67,0,0,0,0,0,0,1.57134,0,1.64837,0.133333,0,0,0,0,0,0,0,0,0,0,4,4,4,0,0,0,0,0,0,0,0,0
2026-05-17 21:25:34.178,0,0,0,0,0,0,0,0,0,0,0,0,0,0,0,0,0,0,0,1952,916,94,68,46,70,1479,1479,1479,1479,4,4,4,0,0,0,0,0,0,0,0,0
2026-05-17 21:25:34.183,523,30,320,240,153600,2.10365,12.3387,4.11789,2157.77,0,0,0,0,0,0,2.1037,0,2.38824,0.133333,0,0,0,0,0,0,0,0,0,0,4,4,4,0,0,0,0,0,0,0,0,0
2026-05-17 21:25:34.264,524,30,320,240,153600,1.67978,12.339,4.11325,2159.45,0,0,0,0,0,0,1.67978,0,1.78598,0.133333,0,0,0,0,0,0,0,0,0,0,4,4,4,0,0,0,0,0,0,0,0,0
2026-05-17 21:25:34.339,525,30,320,240,153600,1.58561,12.3407,4.10844,2161.04,0,0,0,0,0,0,1.58566,0,1.67051,0.133333,0,0,0,0,0,0,0,0,0,0,4,4,4,0,0,0,0,0,0,0,0,0
2026-05-17 21:25:34.419,526,30,320,240,153600,1.75437,12.3409,4.10397,2162.79,0,0,0,0,0,0,1.75447,0,1.84916,0.133333,0,0,0,0,0,0,0,0,0,0,4,4,4,0,0,0,0,0,0,0,0,0
2026-05-17 21:25:34.495,527,30,320,240,153600,1.00028,12.3426,4.0981,2163.79,0,0,0,0,0,0,1.00028,0,1.11721,0.133333,0,0,0,0,0,0,0,0,0,0,4,4,4,0,0,0,0,0,0,0,0,0
2026-05-17 21:25:34.571,528,30,320,240,153600,15.2322,12.3399,4.11914,2179.03,0,0,0,0,0,0,15.2323,0,15.4419,0.133333,0,0,0,0,0,0,0,0,0,0,4,4,4,0,0,0,0,0,0,0,0,0
2026-05-17 21:25:34.680,0,0,0,0,0,0,0,0,0,0,0,0,0,0,0,0,0,0,0,1952,916,64,64,53,96,1479,1479,1479,1479,4,4,4,0,0,0,0,0,0,0,0,0
2026-05-17 21:25:34.651,529,30,320,240,153600,1.62541,12.3441,4.11444,2180.65,0,0,0,0,0,0,1.62546,0,1.70707,0.133333,0,0,0,0,0,0,0,0,0,0,4,4,4,0,0,0,0,0,0,0,0,0
2026-05-17 21:25:34.727,530,30,320,240,153600,0.942003,12.3458,4.10846,2181.59,0,0,0,0,0,0,0.942003,0,1.02383,0.133333,0,0,0,0,0,0,0,0,0,0,4,4,4,0,0,0,0,0,0,0,0,0
2026-05-17 21:25:34.807,531,30,320,240,153600,7.38029,12.3442,4.11461,2188.97,0,0,0,0,0,0,7.38029,0,7.49863,0.133333,0,0,0,0,0,0,0,0,0,0,4,4,4,0,0,0,0,0,0,0,0,0
2026-05-17 21:25:34.883,532,30,320,240,153600,1.67749,12.3473,4.11004,2190.65,0,0,0,0,0,0,1.67754,0,1.74546,0.133333,0,0,0,0,0,0,0,0,0,0,4,4,4,0,0,0,0,0,0,0,0,0
2026-05-17 21:25:34.959,533,30,320,240,153600,15.1082,12.3449,4.13064,2205.76,0,0,0,0,0,0,15.1083,0,15.1979,0.133333,0,0,0,0,0,0,0,0,0,0,4,4,4,0,0,0,0,0,0,0,0,0
2026-05-17 21:25:35.039,534,30,320,240,153600,1.62051,12.349,4.12595,2207.38,0,0,0,0,0,0,1.62051,0,1.7015,0.133333,0,0,0,0,0,0,0,0,0,0,4,4,4,0,0,0,0,0,0,0,0,0
2026-05-17 21:25:35.115,535,30,320,240,153600,1.69061,12.3504,4.1214,2209.07,0,0,0,0,0,0,1.69061,0,1.76025,0.133333,0,0,0,0,0,0,0,0,0,0,4,4,4,0,0,0,0,0,0,0,0,0
2026-05-17 21:25:35.188,0,0,0,0,0,0,0,0,0,0,0,0,0,0,0,0,0,0,0,1952,916,72,67,70,76,1479,1479,1479,1479,4,4,4,0,0,0,0,0,0,0,0,0
2026-05-17 21:25:35.195,536,30,320,240,153600,15.3823,12.3468,4.14237,2224.45,0,0,0,0,0,0,15.3823,0,15.6182,0.133333,0,0,0,0,0,0,0,0,0,0,4,4,4,0,0,0,0,0,0,0,0,0
2026-05-17 21:25:35.271,537,30,320,240,153600,1.67233,12.3521,4.13778,2226.13,0,0,0,0,0,0,1.67249,0,1.75416,0.133333,0,0,0,0,0,0,0,0,0,0,4,4,4,0,0,0,0,0,0,0,0,0
2026-05-17 21:25:35.347,538,30,320,240,153600,1.6627,12.3535,4.13319,2227.79,0,0,0,0,0,0,1.6627,0,1.76124,0.133333,0,0,0,0,0,0,0,0,0,0,4,4,4,0,0,0,0,0,0,0,0,0
2026-05-17 21:25:35.427,539,30,320,240,153600,10.8586,12.3512,4.14564,2238.65,0,0,0,0,0,0,10.8586,0,10.9305,0.133333,0,0,0,0,0,0,0,0,0,0,4,4,4,0,0,0,0,0,0,0,0,0
2026-05-17 21:25:35.503,540,30,320,240,153600,1.55264,12.3552,4.14085,2240.2,0,0,0,0,0,0,1.55285,0,1.62046,0.133333,0,0,0,0,0,0,0,0,0,0,4,4,4,0,0,0,0,0,0,0,0,0
2026-05-17 21:25:35.583,541,30,320,240,153600,10.881,12.3528,4.15329,2251.08,0,0,0,0,0,0,10.881,0,11.0909,0.133333,0,0,0,0,0,0,0,0,0,0,4,4,4,0,0,0,0,0,0,0,0,0
2026-05-17 21:25:35.659,542,30,320,240,153600,10.8608,12.3542,4.16564,2261.94,0,0,0,0,0,0,10.8608,0,10.9317,0.133333,0,0,0,0,0,0,0,0,0,0,4,4,4,0,0,0,0,0,0,0,0,0
2026-05-17 21:25:35.693,0,0,0,0,0,0,0,0,0,0,0,0,0,0,0,0,0,0,0,1952,916,93,58,62,64,1479,1479,1479,1479,4,4,4,0,0,0,0,0,0,0,0,0
2026-05-17 21:25:35.735,543,30,320,240,153600,1.56691,12.3582,4.16086,2263.51,0,0,0,0,0,0,1.56697,0,1.63884,0.133333,0,0,0,0,0,0,0,0,0,0,4,4,4,0,0,0,0,0,0,0,0,0
2026-05-17 21:25:35.815,544,30,320,240,153600,15.8895,12.3545,4.18238,2279.4,0,0,0,0,0,0,15.8895,0,15.9804,0.133333,0,0,0,0,0,0,0,0,0,0,4,4,4,0,0,0,0,0,0,0,0,0
2026-05-17 21:25:35.891,545,30,320,240,153600,0.916377,12.36,4.1764,2280.31,0,0,0,0,0,0,0.916429,0,0.979921,0.133333,0,0,0,0,0,0,0,0,0,0,4,4,4,0,0,0,0,0,0,0,0,0
2026-05-17 21:25:35.974,546,30,320,240,153600,2.03875,12.3591,4.17249,2282.35,0,0,0,0,0,0,2.0388,0,2.1174,0.133333,0,0,0,0,0,0,0,0,0,0,4,4,4,0,0,0,0,0,0,0,0,0
2026-05-17 21:25:36.047,547,30,320,240,153600,1.89666,12.3614,4.16834,2284.25,0,0,0,0,0,0,1.89682,0,1.99031,0.133333,0,0,0,0,0,0,0,0,0,0,4,4,4,0,0,0,0,0,0,0,0,0
2026-05-17 21:25:36.123,548,30,320,240,153600,1.63332,12.3628,4.16372,2285.88,0,0,0,0,0,0,1.63343,0,1.71838,0.133333,0,0,0,0,0,0,0,0,0,0,4,4,4,0,0,0,0,0,0,0,0,0
2026-05-17 21:25:36.194,0,0,0,0,0,0,0,0,0,0,0,0,0,0,0,0,0,0,0,1952,916,51,90,74,64,1479,1479,1479,1479,4,4,4,0,0,0,0,0,0,0,0,0
2026-05-17 21:25:36.203,549,30,320,240,153600,10.3428,12.3605,4.17496,2296.23,0,0,0,0,0,0,10.3429,0,10.6172,0.133333,0,0,0,0,0,0,0,0,0,0,4,4,4,0,0,0,0,0,0,0,0,0
2026-05-17 21:25:36.279,550,30,320,240,153600,1.61207,12.3644,4.1703,2297.84,0,0,0,0,0,0,1.61207,0,1.6878,0.133333,0,0,0,0,0,0,0,0,0,0,4,4,4,0,0,0,0,0,0,0,0,0
2026-05-17 21:25:36.359,551,30,320,240,153600,0.927784,12.3648,4.16443,2298.77,0,0,0,0,0,0,0.927784,0,1.00737,0.133333,0,0,0,0,0,0,0,0,0,0,4,4,4,0,0,0,0,0,0,0,0,0
2026-05-17 21:25:36.435,552,30,320,240,153600,8.61079,12.3641,4.17247,2307.38,0,0,0,0,0,0,8.61079,0,8.72329,0.133333,0,0,0,0,0,0,0,0,0,0,4,4,4,0,0,0,0,0,0,0,0,0
2026-05-17 21:25:36.511,553,30,320,240,153600,1.64598,12.3673,4.16791,2309.02,0,0,0,0,0,0,1.64598,0,1.75411,0.133333,0,0,0,0,0,0,0,0,0,0,4,4,4,0,0,0,0,0,0,0,0,0
2026-05-17 21:25:36.591,554,30,320,240,153600,10.8203,12.3651,4.1799,2319.84,0,0,0,0,0,0,10.8204,0,10.9107,0.133333,0,0,0,0,0,0,0,0,0,0,4,4,4,0,0,0,0,0,0,0,0,0
2026-05-17 21:25:36.696,0,0,0,0,0,0,0,0,0,0,0,0,0,0,0,0,0,0,0,1952,916,60,81,87,51,1479,1479,1479,1479,4,4,4,0,0,0,0,0,0,0,0,0
2026-05-17 21:25:36.667,555,30,320,240,153600,3.35451,12.3685,4.17841,2323.2,0,0,0,0,0,0,3.35451,0,3.43295,0.133333,0,0,0,0,0,0,0,0,0,0,4,4,4,0,0,0,0,0,0,0,0,0
2026-05-17 21:25:36.747,556,30,320,240,153600,1.61598,12.3692,4.17381,2324.81,0,0,0,0,0,0,1.61624,0,1.68812,0.133333,0,0,0,0,0,0,0,0,0,0,4,4,4,0,0,0,0,0,0,0,0,0
2026-05-17 21:25:36.823,557,30,320,240,153600,14.8342,12.3669,4.19292,2339.65,0,0,0,0,0,0,14.8343,0,14.9288,0.133333,0,0,0,0,0,0,0,0,0,0,4,4,4,0,0,0,0,0,0,0,0,0
2026-05-17 21:25:36.903,558,30,320,240,153600,10.9117,12.3682,4.20494,2350.56,0,0,0,0,0,0,10.9117,0,10.9675,0.133333,0,0,0,0,0,0,0,0,0,0,4,4,4,0,0,0,0,0,0,0,0,0
2026-05-17 21:25:36.979,559,30,320,240,153600,1.73192,12.372,4.20052,2352.29,0,0,0,0,0,0,1.73192,0,1.83729,0.133333,0,0,0,0,0,0,0,0,0,0,4,4,4,0,0,0,0,0,0,0,0,0
2026-05-17 21:25:37.055,560,30,320,240,153600,5.80379,12.3722,4.20338,2358.09,0,0,0,0,0,0,5.80384,0,5.87874,0.133333,0,0,0,0,0,0,0,0,0,0,4,4,4,0,0,0,0,0,0,0,0,0
2026-05-17 21:25:37.198,0,0,0,0,0,0,0,0,0,0,0,0,0,0,0,0,0,0,0,1952,916,77,42,82,73,1479,1479,1479,1479,4,4,4,0,0,0,0,0,0,0,0,0
2026-05-17 21:25:37.135,561,30,320,240,153600,1.62447,12.3736,4.19879,2359.72,0,0,0,0,0,0,1.62457,0,1.70556,0.133333,0,0,0,0,0,0,0,0,0,0,4,4,4,0,0,0,0,0,0,0,0,0
2026-05-17 21:25:37.211,562,30,320,240,153600,11.187,12.3723,4.2112,2370.91,0,0,0,0,0,0,11.187,0,11.2903,0.133333,0,0,0,0,0,0,0,0,0,0,4,4,4,0,0,0,0,0,0,0,0,0
2026-05-17 21:25:37.292,563,30,320,240,153600,5.58613,12.3737,4.21364,2376.49,0,0,0,0,0,0,5.58613,0,5.70264,0.133333,0,0,0,0,0,0,0,0,0,0,4,4,4,0,0,0,0,0,0,0,0,0
2026-05-17 21:25:37.367,564,30,320,240,153600,1.58077,12.3764,4.20898,2378.07,0,0,0,0,0,0,1.58077,0,1.71103,0.133333,0,0,0,0,0,0,0,0,0,0,4,4,4,0,0,0,0,0,0,0,0,0
2026-05-17 21:25:37.443,565,30,320,240,153600,13.9763,12.3743,4.22624,2392.05,0,0,0,0,0,0,13.9764,0,14.0887,0.133333,0,0,0,0,0,0,0,0,0,0,4,4,4,0,0,0,0,0,0,0,0,0
2026-05-17 21:25:37.523,566,30,320,240,153600,2.41714,12.3777,4.22305,2394.47,0,0,0,0,0,0,2.4172,0,2.50538,0.133333,0,0,0,0,0,0,0,0,0,0,4,4,4,0,0,0,0,0,0,0,0,0
2026-05-17 21:25:37.603,567,30,320,240,153600,3.05523,12.3778,4.22099,2397.52,0,0,0,0,0,0,3.05529,0,3.15675,0.133333,0,0,0,0,0,0,0,0,0,0,4,4,4,0,0,0,0,0,0,0,0,0
2026-05-17 21:25:37.699,0,0,0,0,0,0,0,0,0,0,0,0,0,0,0,0,0,0,0,1952,917,66,96,59,68,1479,1479,1479,1479,4,4,4,0,0,0,0,0,0,0,0,0
2026-05-17 21:25:37.679,568,30,320,240,153600,1.52415,12.3794,4.21625,2399.05,0,0,0,0,0,0,1.52415,0,1.59238,0.133333,0,0,0,0,0,0,0,0,0,0,4,4,4,0,0,0,0,0,0,0,0,0
2026-05-17 21:25:37.755,569,30,320,240,153600,1.63369,12.3807,4.21172,2400.68,0,0,0,0,0,0,1.63379,0,1.71582,0.133333,0,0,0,0,0,0,0,0,0,0,4,4,4,0,0,0,0,0,0,0,0,0
2026-05-17 21:25:37.831,570,30,320,240,153600,7.55238,12.3804,4.21757,2408.23,0,0,0,0,0,0,7.55243,0,7.64691,0.133333,0,0,0,0,0,0,0,0,0,0,4,4,4,0,0,0,0,0,0,0,0,0
2026-05-17 21:25:37.911,571,30,320,240,153600,7.72342,12.3806,4.2237,2415.96,0,0,0,0,0,0,7.72342,0,7.77426,0.133333,0,0,0,0,0,0,0,0,0,0,4,4,4,0,0,0,0,0,0,0,0,0
2026-05-17 21:25:37.987,572,30,320,240,153600,1.58197,12.3835,4.21909,2417.54,0,0,0,0,0,0,1.58197,0,1.66285,0.133333,0,0,0,0,0,0,0,0,0,0,4,4,4,0,0,0,0,0,0,0,0,0
2026-05-17 21:25:38.067,573,30,320,240,153600,1.54587,12.3837,4.21443,2419.08,0,0,0,0,0,0,1.54592,0,1.60962,0.133333,0,0,0,0,0,0,0,0,0,0,4,4,4,0,0,0,0,0,0,0,0,0
2026-05-17 21:25:38.204,0,0,0,0,0,0,0,0,0,0,0,0,0,0,0,0,0,0,0,1952,917,41,88,76,62,1479,1479,1479,1479,4,4,4,0,0,0,0,0,0,0,0,0
2026-05-17 21:25:38.144,574,30,320,240,153600,1.58952,12.3848,4.20987,2420.67,0,0,0,0,0,0,1.58978,0,1.65858,0.133333,0,0,0,0,0,0,0,0,0,0,4,4,4,0,0,0,0,0,0,0,0,0
2026-05-17 21:25:38.233,575,30,320,240,153600,16.467,12.3784,4.23115,2437.14,0,0,0,0,0,0,16.467,0,16.6177,0.133333,0,0,0,0,0,0,0,0,0,0,4,4,4,0,0,0,0,0,0,0,0,0
2026-05-17 21:25:38.299,576,30,320,240,153600,0.9894,12.3866,4.22553,2438.13,0,0,0,0,0,0,0.989452,0,1.06024,0.133333,0,0,0,0,0,0,0,0,0,0,4,4,4,0,0,0,0,0,0,0,0,0
2026-05-17 21:25:38.375,577,30,320,240,153600,0.864657,12.3878,4.21971,2438.99,0,0,0,0,0,0,0.864709,0,0.97341,0.133333,0,0,0,0,0,0,0,0,0,0,4,4,4,0,0,0,0,0,0,0,0,0
2026-05-17 21:25:38.456,578,30,320,240,153600,5.5404,12.3867,4.22199,2444.53,0,0,0,0,0,0,5.5404,0,5.65821,0.133333,0,0,0,0,0,0,0,0,0,0,4,4,4,0,0,0,0,0,0,0,0,0
2026-05-17 21:25:38.531,579,30,320,240,153600,1.86572,12.389,4.21793,2446.4,0,0,0,0,0,0,1.86572,0,1.93593,0.133333,0,0,0,0,0,0,0,0,0,0,4,4,4,0,0,0,0,0,0,0,0,0
2026-05-17 21:25:38.607,580,30,320,240,153600,1.64416,12.3903,4.2135,2448.04,0,0,0,0,0,0,1.64416,0,1.75952,0.133333,0,0,0,0,0,0,0,0,0,0,4,4,4,0,0,0,0,0,0,0,0,0
2026-05-17 21:25:38.705,0,0,0,0,0,0,0,0,0,0,0,0,0,0,0,0,0,0,0,1952,917,62,94,68,67,1479,1479,1479,1479,4,4,4,0,0,0,0,0,0,0,0,0
2026-05-17 21:25:38.687,581,30,320,240,153600,1.6077,12.3905,4.20902,2449.65,0,0,0,0,0,0,1.6077,0,1.68759,0.133333,0,0,0,0,0,0,0,0,0,0,4,4,4,0,0,0,0,0,0,0,0,0
2026-05-17 21:25:38.763,582,30,320,240,153600,1.56186,12.3918,4.20448,2451.21,0,0,0,0,0,0,1.56212,0,1.67332,0.133333,0,0,0,0,0,0,0,0,0,0,4,4,4,0,0,0,0,0,0,0,0,0
2026-05-17 21:25:38.843,583,30,320,240,153600,2.50902,12.3917,4.20158,2453.72,0,0,0,0,0,0,2.50923,0,2.58605,0.133333,0,0,0,0,0,0,0,0,0,0,4,4,4,0,0,0,0,0,0,0,0,0
2026-05-17 21:25:38.921,584,30,320,240,153600,1.77385,12.3927,4.19743,2455.5,0,0,0,0,0,0,1.77385,0,1.85848,0.133333,0,0,0,0,0,0,0,0,0,0,4,4,4,0,0,0,0,0,0,0,0,0
2026-05-17 21:25:38.995,585,30,320,240,153600,1.67848,12.3944,4.19313,2457.18,0,0,0,0,0,0,1.67848,0,1.86999,0.133333,0,0,0,0,0,0,0,0,0,0,4,4,4,0,0,0,0,0,0,0,0,0
2026-05-17 21:25:39.075,586,30,320,240,153600,1.61691,12.3946,4.18874,2458.79,0,0,0,0,0,0,1.61712,0,1.69364,0.133333,0,0,0,0,0,0,0,0,0,0,4,4,4,0,0,0,0,0,0,0,0,0
2026-05-17 21:25:39.151,587,30,320,240,153600,1.67161,12.3958,4.18446,2460.46,0,0,0,0,0,0,1.67161,0,1.73718,0.133333,0,0,0,0,0,0,0,0,0,0,4,4,4,0,0,0,0,0,0,0,0,0
2026-05-17 21:25:39.211,0,0,0,0,0,0,0,0,0,0,0,0,0,0,0,0,0,0,0,1952,916,58,94,79,47,1479,1479,1479,1479,4,4,4,0,0,0,0,0,0,0,0,0
2026-05-17 21:25:39.231,588,30,320,240,153600,11.4998,12.3934,4.19688,2471.96,0,0,0,0,0,0,11.4997,0,11.6181,0.133333,0,0,0,0,0,0,0,0,0,0,4,4,4,0,0,0,0,0,0,0,0,0
2026-05-17 21:25:39.307,589,30,320,240,153600,1.65061,12.3972,4.19257,2473.61,0,0,0,0,0,0,1.65061,0,1.70223,0.133333,0,0,0,0,0,0,0,0,0,0,4,4,4,0,0,0,0,0,0,0,0,0
2026-05-17 21:25:39.383,590,30,320,240,153600,1.62858,12.3984,4.18823,2475.24,0,0,0,0,0,0,1.62176,0,1.72025,0.133333,0,0,0,0,0,0,0,0,0,0,4,4,4,0,0,0,0,0,0,0,0,0
2026-05-17 21:25:39.463,591,30,320,240,153600,4.85226,12.3977,4.18935,2480.09,0,0,0,0,0,0,4.85226,0,4.92929,0.133333,0,0,0,0,0,0,0,0,0,0,4,4,4,0,0,0,0,0,0,0,0,0
2026-05-17 21:25:39.539,592,30,320,240,153600,1.67942,12.3998,4.18512,2481.77,0,0,0,0,0,0,1.67942,0,1.74536,0.133333,0,0,0,0,0,0,0,0,0,0,4,4,4,0,0,0,0,0,0,0,0,0
2026-05-17 21:25:39.619,593,30,320,240,153600,2.10708,12.3998,4.18162,2483.88,0,0,0,0,0,0,2.10714,0,2.19552,0.133333,0,0,0,0,0,0,0,0,0,0,4,4,4,0,0,0,0,0,0,0,0,0
2026-05-17 21:25:39.712,0,0,0,0,0,0,0,0,0,0,0,0,0,0,0,0,0,0,0,1952,917,88,92,48,51,1479,1479,1479,1479,4,4,4,0,0,0,0,0,0,0,0,0
2026-05-17 21:25:39.695,594,30,320,240,153600,1.97557,12.401,4.17791,2485.86,0,0,0,0,0,0,1.97562,0,2.07172,0.133333,0,0,0,0,0,0,0,0,0,0,4,4,4,0,0,0,0,0,0,0,0,0
2026-05-17 21:25:39.771,595,30,320,240,153600,0.951482,12.4025,4.1725,2486.81,0,0,0,0,0,0,0.951482,0,1.01794,0.133333,0,0,0,0,0,0,0,0,0,0,4,4,4,0,0,0,0,0,0,0,0,0
2026-05-17 21:25:39.851,596,30,320,240,153600,11.4615,12.3999,4.18471,2498.27,0,0,0,0,0,0,11.4615,0,11.5787,0.133333,0,0,0,0,0,0,0,0,0,0,4,4,4,0,0,0,0,0,0,0,0,0
2026-05-17 21:25:39.927,597,30,320,240,153600,10.7343,12.4014,4.19566,2509,0,0,0,0,0,0,10.7343,0,10.8015,0.133333,0,0,0,0,0,0,0,0,0,0,4,4,4,0,0,0,0,0,0,0,0,0
2026-05-17 21:25:40.007,598,30,320,240,153600,1.55816,12.4039,4.19126,2510.56,0,0,0,0,0,0,1.55817,0,1.63322,0.133333,0,0,0,0,0,0,0,0,0,0,4,4,4,0,0,0,0,0,0,0,0,0
2026-05-17 21:25:40.083,599,30,320,240,153600,6.61178,12.4037,4.19529,2517.17,0,0,0,0,0,0,6.61183,0,6.81699,0.133333,0,0,0,0,0,0,0,0,0,0,4,4,4,0,0,0,0,0,0,0,0,0
2026-05-17 21:25:40.159,600,30,320,240,153600,1.55733,12.4062,4.1909,2518.73,0,0,0,0,0,0,1.55749,0,1.66436,0.133333,0,0,0,0,0,0,0,0,0,0,4,4,4,0,0,0,0,0,0,0,0,0
2026-05-17 21:25:40.213,0,0,0,0,0,0,0,0,0,0,0,0,0,0,0,0,0,0,0,1952,917,77,60,50,86,1479,1479,1479,1479,4,4,4,0,0,0,0,0,0,0,0,0
2026-05-17 21:25:40.239,601,30,320,240,153600,5.112,12.4055,4.19243,2523.84,0,0,0,0,0,0,5.11205,0,5.31076,0.133333,0,0,0,0,0,0,0,0,0,0,4,4,4,0,0,0,0,0,0,0,0,0
2026-05-17 21:25:40.315,602,30,320,240,153600,10.6976,12.4052,4.20322,2534.54,0,0,0,0,0,0,10.6976,0,10.7947,0.133333,0,0,0,0,0,0,0,0,0,0,4,4,4,0,0,0,0,0,0,0,0,0
2026-05-17 21:25:40.395,603,30,320,240,153600,1.66634,12.4077,4.19902,2536.21,0,0,0,0,0,0,1.6665,0,1.75749,0.133333,0,0,0,0,0,0,0,0,0,0,4,4,4,0,0,0,0,0,0,0,0,0
2026-05-17 21:25:40.471,604,30,320,240,153600,9.14304,12.4069,4.20719,2545.35,0,0,0,0,0,0,9.14304,0,9.24528,0.133333,0,0,0,0,0,0,0,0,0,0,4,4,4,0,0,0,0,0,0,0,0,0
2026-05-17 21:25:40.547,605,30,320,240,153600,1.5653,12.4101,4.20283,2546.92,0,0,0,0,0,0,1.5653,0,1.63457,0.133333,0,0,0,0,0,0,0,0,0,0,4,4,4,0,0,0,0,0,0,0,0,0
2026-05-17 21:25:40.627,606,30,320,240,153600,1.65426,12.4102,4.19863,2548.57,0,0,0,0,0,0,1.65442,0,1.72119,0.133333,0,0,0,0,0,0,0,0,0,0,4,4,4,0,0,0,0,0,0,0,0,0
2026-05-17 21:25:40.715,0,0,0,0,0,0,0,0,0,0,0,0,0,0,0,0,0,0,0,1952,916,76,64,42,88,1479,1479,1479,1479,4,4,4,0,0,0,0,0,0,0,0,0
2026-05-17 21:25:40.703,607,30,320,240,153600,1.70437,12.4113,4.19453,2550.27,0,0,0,0,0,0,1.70437,0,1.80822,0.133333,0,0,0,0,0,0,0,0,0,0,4,4,4,0,0,0,0,0,0,0,0,0
2026-05-17 21:25:40.783,608,30,320,240,153600,1.55629,12.4115,4.1902,2551.83,0,0,0,0,0,0,1.55629,0,1.6266,0.133333,0,0,0,0,0,0,0,0,0,0,4,4,4,0,0,0,0,0,0,0,0,0
2026-05-17 21:25:40.859,609,30,320,240,153600,1.2305,12.4127,4.18535,2553.06,0,0,0,0,0,0,1.2306,0,1.31821,0.133333,0,0,0,0,0,0,0,0,0,0,4,4,4,0,0,0,0,0,0,0,0,0
2026-05-17 21:25:40.940,610,30,320,240,153600,11.1582,12.4103,4.19676,2564.22,0,0,0,0,0,0,11.1582,0,11.2898,0.133333,0,0,0,0,0,0,0,0,0,0,4,4,4,0,0,0,0,0,0,0,0,0
2026-05-17 21:25:41.015,611,30,320,240,153600,1.62306,12.4139,4.19255,2565.84,0,0,0,0,0,0,1.62311,0,1.70556,0.133333,0,0,0,0,0,0,0,0,0,0,4,4,4,0,0,0,0,0,0,0,0,0
2026-05-17 21:25:41.091,612,30,320,240,153600,3.10992,12.4147,4.19079,2568.95,0,0,0,0,0,0,3.10997,0,3.2019,0.133333,0,0,0,0,0,0,0,0,0,0,4,4,4,0,0,0,0,0,0,0,0,0
2026-05-17 21:25:41.216,0,0,0,0,0,0,0,0,0,0,0,0,0,0,0,0,0,0,0,1952,917,80,57,44,96,1479,1479,1479,1479,4,4,4,0,0,0,0,0,0,0,0,0
2026-05-17 21:25:41.171,613,30,320,240,153600,7.36201,12.4138,4.19595,2576.31,0,0,0,0,0,0,7.36201,0,7.45211,0.133333,0,0,0,0,0,0,0,0,0,0,4,4,4,0,0,0,0,0,0,0,0,0
2026-05-17 21:25:41.247,614,30,320,240,153600,1.69796,12.4163,4.19189,2578.01,0,0,0,0,0,0,1.69812,0,1.75411,0.133333,0,0,0,0,0,0,0,0,0,0,4,4,4,0,0,0,0,0,0,0,0,0
2026-05-17 21:25:41.327,615,30,320,240,153600,1.76947,12.4164,4.18796,2579.78,0,0,0,0,0,0,1.76947,0,1.86916,0.133333,0,0,0,0,0,0,0,0,0,0,4,4,4,0,0,0,0,0,0,0,0,0
2026-05-17 21:25:41.403,616,30,320,240,153600,3.1881,12.4172,4.18634,2582.97,0,0,0,0,0,0,3.18815,0,3.27336,0.133333,0,0,0,0,0,0,0,0,0,0,4,4,4,0,0,0,0,0,0,0,0,0
2026-05-17 21:25:41.479,617,30,320,240,153600,0.867261,12.4189,4.18097,2583.84,0,0,0,0,0,0,0.867209,0,0.944816,0.133333,0,0,0,0,0,0,0,0,0,0,4,4,4,0,0,0,0,0,0,0,0,0
2026-05-17 21:25:41.559,618,30,320,240,153600,1.99666,12.4188,4.17744,2585.83,0,0,0,0,0,0,1.99666,0,2.11802,0.133333,0,0,0,0,0,0,0,0,0,0,4,4,4,0,0,0,0,0,0,0,0,0
2026-05-17 21:25:41.635,619,30,320,240,153600,1.56754,12.42,4.17323,2587.4,0,0,0,0,0,0,1.56754,0,1.63186,0.133333,0,0,0,0,0,0,0,0,0,0,4,4,4,0,0,0,0,0,0,0,0,0
2026-05-17 21:25:41.718,0,0,0,0,0,0,0,0,0,0,0,0,0,0,0,0,0,0,0,1952,917,90,53,36,93,1479,1479,1479,1479,4,4,4,0,0,0,0,0,0,0,0,0
2026-05-17 21:25:41.715,620,30,320,240,153600,1.73197,12.4201,4.1693,2589.13,0,0,0,0,0,0,1.73202,0,1.82187,0.133333,0,0,0,0,0,0,0,0,0,0,4,4,4,0,0,0,0,0,0,0,0,0
2026-05-17 21:25:41.791,621,30,320,240,153600,2.19292,12.4211,4.16612,2591.33,0,0,0,0,0,0,2.19313,0,2.28625,0.133333,0,0,0,0,0,0,0,0,0,0,4,4,4,0,0,0,0,0,0,0,0,0
2026-05-17 21:25:41.867,622,30,320,240,153600,2.25172,12.4222,4.16305,2593.58,0,0,0,0,0,0,2.25209,0,2.34131,0.133333,0,0,0,0,0,0,0,0,0,0,4,4,4,0,0,0,0,0,0,0,0,0
2026-05-17 21:25:41.947,623,30,320,240,153600,10.6547,12.4202,4.17345,2604.23,0,0,0,0,0,0,10.6547,0,10.8828,0.133333,0,0,0,0,0,0,0,0,0,0,4,4,4,0,0,0,0,0,0,0,0,0
2026-05-17 21:25:42.023,624,30,320,240,153600,10.6638,12.4214,4.18383,2614.9,0,0,0,0,0,0,10.664,0,10.7607,0.133333,0,0,0,0,0,0,0,0,0,0,4,4,4,0,0,0,0,0,0,0,0,0
2026-05-17 21:25:42.103,625,30,320,240,153600,10.7533,12.4215,4.19433,2625.65,0,0,0,0,0,0,10.7533,0,10.829,0.133333,0,0,0,0,0,0,0,0,0,0,4,4,4,0,0,0,0,0,0,0,0,0
2026-05-17 21:25:42.219,0,0,0,0,0,0,0,0,0,0,0,0,0,0,0,0,0,0,0,1952,917,80,46,90,68,1479,1479,1479,1479,4,4,4,0,0,0,0,0,0,0,0,0
2026-05-17 21:25:42.179,626,30,320,240,153600,10.7012,12.4226,4.20471,2636.35,0,0,0,0,0,0,10.7012,0,10.7692,0.133333,0,0,0,0,0,0,0,0,0,0,4,4,4,0,0,0,0,0,0,0,0,0
2026-05-17 21:25:42.255,627,30,320,240,153600,3.76634,12.4254,4.20401,2640.12,0,0,0,0,0,0,3.76634,0,3.86848,0.133333,0,0,0,0,0,0,0,0,0,0,4,4,4,0,0,0,0,0,0,0,0,0
2026-05-17 21:25:42.335,628,30,320,240,153600,8.39063,12.4244,4.21066,2648.51,0,0,0,0,0,0,8.39063,0,8.47938,0.133333,0,0,0,0,0,0,0,0,0,0,4,4,4,0,0,0,0,0,0,0,0,0
2026-05-17 21:25:42.411,629,30,320,240,153600,5.93708,12.4261,4.2134,2654.44,0,0,0,0,0,0,5.93708,0,6.10797,0.133333,0,0,0,0,0,0,0,0,0,0,4,4,4,0,0,0,0,0,0,0,0,0
2026-05-17 21:25:42.491,630,30,320,240,153600,1.63931,12.4273,4.20933,2656.08,0,0,0,0,0,0,1.63936,0,1.75749,0.133333,0,0,0,0,0,0,0,0,0,0,4,4,4,0,0,0,0,0,0,0,0,0
2026-05-17 21:25:42.567,631,30,320,240,153600,14.6364,12.4252,4.22582,2670.72,0,0,0,0,0,0,14.6365,0,14.7315,0.133333,0,0,0,0,0,0,0,0,0,0,4,4,4,0,0,0,0,0,0,0,0,0
2026-05-17 21:25:42.645,632,30,320,240,153600,1.90411,12.4291,4.22216,2672.62,0,0,0,0,0,0,1.90421,0,1.97885,0.133333,0,0,0,0,0,0,0,0,0,0,4,4,4,0,0,0,0,0,0,0,0,0
2026-05-17 21:25:42.721,0,0,0,0,0,0,0,0,0,0,0,0,0,0,0,0,0,0,0,1952,917,94,63,46,74,1479,1479,1479,1479,4,4,4,0,0,0,0,0,0,0,0,0
2026-05-17 21:25:42.723,633,30,320,240,153600,0.86398,12.4297,4.21686,2673.49,0,0,0,0,0,0,0.86424,0,1.05867,0.133333,0,0,0,0,0,0,0,0,0,0,4,4,4,0,0,0,0,0,0,0,0,0
2026-05-17 21:25:42.799,634,30,320,240,153600,1.66561,12.4306,4.21284,2675.15,0,0,0,0,0,0,1.66561,0,1.74056,0.133333,0,0,0,0,0,0,0,0,0,0,4,4,4,0,0,0,0,0,0,0,0,0
2026-05-17 21:25:42.879,635,30,320,240,153600,1.61358,12.4307,4.20875,2676.77,0,0,0,0,0,0,1.61363,0,1.69338,0.133333,0,0,0,0,0,0,0,0,0,0,4,4,4,0,0,0,0,0,0,0,0,0
2026-05-17 21:25:42.955,636,30,320,240,153600,1.91677,12.4317,4.20516,2678.68,0,0,0,0,0,0,1.91687,0,2.08375,0.133333,0,0,0,0,0,0,0,0,0,0,4,4,4,0,0,0,0,0,0,0,0,0
2026-05-17 21:25:43.031,637,30,320,240,153600,1.56197,12.4329,4.20101,2680.25,0,0,0,0,0,0,1.56197,0,1.63374,0.133333,0,0,0,0,0,0,0,0,0,0,4,4,4,0,0,0,0,0,0,0,0,0
2026-05-17 21:25:43.111,638,30,320,240,153600,1.66926,12.433,4.19705,2681.92,0,0,0,0,0,0,1.66926,0,1.73999,0.133333,0,0,0,0,0,0,0,0,0,0,4,4,4,0,0,0,0,0,0,0,0,0
2026-05-17 21:25:43.222,0,0,0,0,0,0,0,0,0,0,0,0,0,0,0,0,0,0,0,1952,917,96,70,46,66,1479,1479,1479,1479,4,4,4,0,0,0,0,0,0,0,0,0
2026-05-17 21:25:43.187,639,30,320,240,153600,1.6054,12.434,4.193,2683.52,0,0,0,0,0,0,1.60546,0,1.76088,0.133333,0,0,0,0,0,0,0,0,0,0,4,4,4,0,0,0,0,0,0,0,0,0
2026-05-17 21:25:43.267,640,30,320,240,153600,1.56676,12.4342,4.1889,2685.09,0,0,0,0,0,0,1.56707,0,1.67572,0.133333,0,0,0,0,0,0,0,0,0,0,4,4,4,0,0,0,0,0,0,0,0,0
2026-05-17 21:25:43.343,641,30,320,240,153600,1.60941,12.4352,4.18489,2686.7,0,0,0,0,0,0,1.60942,0,1.69426,0.133333,0,0,0,0,0,0,0,0,0,0,4,4,4,0,0,0,0,0,0,0,0,0
2026-05-17 21:25:43.419,642,30,320,240,153600,1.64447,12.4362,4.18094,2688.34,0,0,0,0,0,0,1.64457,0,1.8615,0.133333,0,0,0,0,0,0,0,0,0,0,4,4,4,0,0,0,0,0,0,0,0,0
2026-05-17 21:25:43.499,643,30,320,240,153600,1.11576,12.4365,4.17618,2689.46,0,0,0,0,0,0,1.11576,0,1.19211,0.133333,0,0,0,0,0,0,0,0,0,0,4,4,4,0,0,0,0,0,0,0,0,0
2026-05-17 21:25:43.575,644,30,320,240,153600,10.5173,12.4353,4.18601,2699.98,0,0,0,0,0,0,10.5173,0,10.6266,0.133333,0,0,0,0,0,0,0,0,0,0,4,4,4,0,0,0,0,0,0,0,0,0
2026-05-17 21:25:43.655,645,30,320,240,153600,1.56832,12.4376,4.18196,2701.54,0,0,0,0,0,0,1.56853,0,1.63426,0.133333,0,0,0,0,0,0,0,0,0,0,4,4,4,0,0,0,0,0,0,0,0,0
2026-05-17 21:25:43.723,0,0,0,0,0,0,0,0,0,0,0,0,0,0,0,0,0,0,0,1952,917,74,94,44,62,1479,1479,1479,1479,4,4,4,0,0,0,0,0,0,0,0,0
2026-05-17 21:25:43.731,646,30,320,240,153600,1.56431,12.4386,4.17791,2703.11,0,0,0,0,0,0,1.56436,0,1.64197,0.133333,0,0,0,0,0,0,0,0,0,0,4,4,4,0,0,0,0,0,0,0,0,0
2026-05-17 21:25:43.807,647,30,320,240,153600,1.56353,12.4396,4.17388,2704.67,0,0,0,0,0,0,1.56353,0,1.65759,0.133333,0,0,0,0,0,0,0,0,0,0,4,4,4,0,0,0,0,0,0,0,0,0
2026-05-17 21:25:43.887,648,30,320,240,153600,1.67473,12.4397,4.17002,2706.35,0,0,0,0,0,0,1.67473,0,1.74119,0.133333,0,0,0,0,0,0,0,0,0,0,4,4,4,0,0,0,0,0,0,0,0,0
2026-05-17 21:25:43.963,649,30,320,240,153600,1.62546,12.4408,4.16611,2707.97,0,0,0,0,0,0,1.62546,0,1.70796,0.133333,0,0,0,0,0,0,0,0,0,0,4,4,4,0,0,0,0,0,0,0,0,0
2026-05-17 21:25:44.043,650,30,320,240,153600,18.772,12.4368,4.18855,2726.74,0,0,0,0,0,0,18.772,0,18.8523,0.133333,0,0,0,0,0,0,0,0,0,0,4,4,4,0,0,0,0,0,0,0,0,0
2026-05-17 21:25:44.119,651,30,320,240,153600,1.61264,12.4419,4.1846,2728.36,0,0,0,0,0,0,1.61264,0,1.69134,0.133333,0,0,0,0,0,0,0,0,0,0,4,4,4,0,0,0,0,0,0,0,0,0
2026-05-17 21:25:44.227,0,0,0,0,0,0,0,0,0,0,0,0,0,0,0,0,0,0,0,1952,917,71,80,68,54,1479,1479,1479,1479,4,4,4,0,0,0,0,0,0,0,0,0
2026-05-17 21:25:44.195,652,30,320,240,153600,0.93294,12.4431,4.17962,2729.29,0,0,0,0,0,0,0.933148,0,1.03034,0.133333,0,0,0,0,0,0,0,0,0,0,4,4,4,0,0,0,0,0,0,0,0,0
2026-05-17 21:25:44.275,653,30,320,240,153600,1.6665,12.443,4.17577,2730.96,0,0,0,0,0,0,1.6665,0,1.73723,0.133333,0,0,0,0,0,0,0,0,0,0,4,4,4,0,0,0,0,0,0,0,0,0
2026-05-17 21:25:44.351,654,30,320,240,153600,1.73655,12.444,4.17205,2732.69,0,0,0,0,0,0,1.73661,0,1.85077,0.133333,0,0,0,0,0,0,0,0,0,0,4,4,4,0,0,0,0,0,0,0,0,0
2026-05-17 21:25:44.431,655,30,320,240,153600,4.11515,12.4435,4.17196,2736.81,0,0,0,0,0,0,4.11521,0,4.37318,0.133333,0,0,0,0,0,0,0,0,0,0,4,4,4,0,0,0,0,0,0,0,0,0
2026-05-17 21:25:44.507,656,30,320,240,153600,1.61931,12.4452,4.16808,2738.43,0,0,0,0,0,0,1.61942,0,1.70155,0.133333,0,0,0,0,0,0,0,0,0,0,4,4,4,0,0,0,0,0,0,0,0,0
2026-05-17 21:25:44.583,657,30,320,240,153600,2.54751,12.446,4.16561,2740.97,0,0,0,0,0,0,2.54751,0,2.6608,0.133333,0,0,0,0,0,0,0,0,0,0,4,4,4,0,0,0,0,0,0,0,0,0
2026-05-17 21:25:44.663,658,30,320,240,153600,0.958358,12.4464,4.16075,2741.93,0,0,0,0,0,0,0.958357,0,1.02904,0.133333,0,0,0,0,0,0,0,0,0,0,4,4,4,0,0,0,0,0,0,0,0,0
2026-05-17 21:25:44.728,0,0,0,0,0,0,0,0,0,0,0,0,0,0,0,0,0,0,0,1952,917,52,96,80,60,1479,1479,1479,1479,4,4,4,0,0,0,0,0,0,0,0,0
2026-05-17 21:25:44.739,659,30,320,240,153600,0.963202,12.4475,4.1559,2742.9,0,0,0,0,0,0,0.963149,0,1.03127,0.133333,0,0,0,0,0,0,0,0,0,0,4,4,4,0,0,0,0,0,0,0,0,0
2026-05-17 21:25:44.819,660,30,320,240,153600,14.5963,12.4443,4.1717,2757.49,0,0,0,0,0,0,14.5963,0,14.8206,0.133333,0,0,0,0,0,0,0,0,0,0,4,4,4,0,0,0,0,0,0,0,0,0
2026-05-17 21:25:44.895,661,30,320,240,153600,11.3053,12.4461,4.18247,2768.8,0,0,0,0,0,0,11.3054,0,11.3703,0.133333,0,0,0,0,0,0,0,0,0,0,4,4,4,0,0,0,0,0,0,0,0,0
2026-05-17 21:25:44.971,662,30,320,240,153600,1.00758,12.4496,4.17768,2769.8,0,0,0,0,0,0,1.00758,0,1.05883,0.133333,0,0,0,0,0,0,0,0,0,0,4,4,4,0,0,0,0,0,0,0,0,0
2026-05-17 21:25:45.051,663,30,320,240,153600,10.2198,12.4475,4.18678,2780.02,0,0,0,0,0,0,10.22,0,10.3302,0.133333,0,0,0,0,0,0,0,0,0,0,4,4,4,0,0,0,0,0,0,0,0,0
2026-05-17 21:25:45.127,664,30,320,240,153600,4.8147,12.4497,4.18773,2784.84,0,0,0,0,0,0,4.81476,0,4.90726,0.133333,0,0,0,0,0,0,0,0,0,0,4,4,4,0,0,0,0,0,0,0,0,0
2026-05-17 21:25:45.231,0,0,0,0,0,0,0,0,0,0,0,0,0,0,0,0,0,0,0,1952,917,64,71,67,74,1479,1479,1479,1479,4,4,4,0,0,0,0,0,0,0,0,0
2026-05-17 21:25:45.207,665,30,320,240,153600,6.63767,12.4494,4.19141,2791.48,0,0,0,0,0,0,6.63767,0,6.71683,0.133333,0,0,0,0,0,0,0,0,0,0,4,4,4,0,0,0,0,0,0,0,0,0
2026-05-17 21:25:45.283,666,30,320,240,153600,1.67962,12.4516,4.18764,2793.16,0,0,0,0,0,0,1.67968,0,1.74921,0.133333,0,0,0,0,0,0,0,0,0,0,4,4,4,0,0,0,0,0,0,0,0,0
2026-05-17 21:25:45.363,667,30,320,240,153600,1.57467,12.4517,4.18373,2794.73,0,0,0,0,0,0,1.57473,0,1.65707,0.133333,0,0,0,0,0,0,0,0,0,0,4,4,4,0,0,0,0,0,0,0,0,0
2026-05-17 21:25:45.439,668,30,320,240,153600,11.0783,12.4504,4.19404,2805.81,0,0,0,0,0,0,11.0784,0,11.1473,0.133333,0,0,0,0,0,0,0,0,0,0,4,4,4,0,0,0,0,0,0,0,0,0
2026-05-17 21:25:45.515,669,30,320,240,153600,1.62822,12.4536,4.19021,2807.44,0,0,0,0,0,0,1.62832,0,1.70702,0.133333,0,0,0,0,0,0,0,0,0,0,4,4,4,0,0,0,0,0,0,0,0,0
2026-05-17 21:25:45.595,670,30,320,240,153600,0.851063,12.4539,4.18523,2808.29,0,0,0,0,0,0,0.851532,0,0.988723,0.133333,0,0,0,0,0,0,0,0,0,0,4,4,4,0,0,0,0,0,0,0,0,0
2026-05-17 21:25:45.671,671,30,320,240,153600,1.54686,12.4547,4.1813,2809.84,0,0,0,0,0,0,1.54702,0,1.65884,0.133333,0,0,0,0,0,0,0,0,0,0,4,4,4,0,0,0,0,0,0,0,0,0
2026-05-17 21:25:45.735,0,0,0,0,0,0,0,0,0,0,0,0,0,0,0,0,0,0,0,1952,917,65,84,76,51,1479,1479,1479,1479,4,4,4,0,0,0,0,0,0,0,0,0
2026-05-17 21:25:45.751,672,30,320,240,153600,1.65082,12.4547,4.17754,2811.49,0,0,0,0,0,0,1.65082,0,1.74207,0.133333,0,0,0,0,0,0,0,0,0,0,4,4,4,0,0,0,0,0,0,0,0,0
2026-05-17 21:25:45.827,673,30,320,240,153600,5.55587,12.4547,4.17959,2817.04,0,0,0,0,0,0,5.55587,0,6.21354,0.133333,0,0,0,0,0,0,0,0,0,0,4,4,4,0,0,0,0,0,0,0,0,0
2026-05-17 21:25:45.903,674,30,320,240,153600,1.55374,12.4567,4.1757,2818.6,0,0,0,0,0,0,1.55374,0,1.64994,0.133333,0,0,0,0,0,0,0,0,0,0,4,4,4,0,0,0,0,0,0,0,0,0
2026-05-17 21:25:45.983,675,30,320,240,153600,1.62442,12.4568,4.17192,2820.22,0,0,0,0,0,0,1.62441,0,1.69692,0.133333,0,0,0,0,0,0,0,0,0,0,4,4,4,0,0,0,0,0,0,0,0,0
2026-05-17 21:25:46.059,676,30,320,240,153600,14.6225,12.4548,4.18736,2834.84,0,0,0,0,0,0,14.6225,0,14.8463,0.133333,0,0,0,0,0,0,0,0,0,0,4,4,4,0,0,0,0,0,0,0,0,0
2026-05-17 21:25:46.139,677,30,320,240,153600,1.57816,12.4578,4.18351,2836.42,0,0,0,0,0,0,1.57822,0,1.68489,0.133333,0,0,0,0,0,0,0,0,0,0,4,4,4,0,0,0,0,0,0,0,0,0
2026-05-17 21:25:46.236,0,0,0,0,0,0,0,0,0,0,0,0,0,0,0,0,0,0,0,1952,917,44,50,88,92,1479,1479,1479,1479,4,4,4,0,0,0,0,0,0,0,0,0
2026-05-17 21:25:46.215,678,30,320,240,153600,1.68733,12.4588,4.17984,2838.11,0,0,0,0,0,0,1.68733,0,1.77452,0.133333,0,0,0,0,0,0,0,0,0,0,4,4,4,0,0,0,0,0,0,0,0,0
2026-05-17 21:25:46.291,679,30,320,240,153600,11.2875,12.4576,4.19029,2849.4,0,0,0,0,0,0,11.2876,0,11.3824,0.133333,0,0,0,0,0,0,0,0,0,0,4,4,4,0,0,0,0,0,0,0,0,0
2026-05-17 21:25:46.371,680,30,320,240,153600,1.50764,12.4599,4.18635,2850.9,0,0,0,0,0,0,1.50764,0,1.61301,0.133333,0,0,0,0,0,0,0,0,0,0,4,4,4,0,0,0,0,0,0,0,0,0
2026-05-17 21:25:46.447,681,30,320,240,153600,10.7073,12.4587,4.19591,2861.61,0,0,0,0,0,0,10.7074,0,10.8171,0.133333,0,0,0,0,0,0,0,0,0,0,4,4,4,0,0,0,0,0,0,0,0,0
2026-05-17 21:25:46.527,682,30,320,240,153600,1.56228,12.4609,4.19205,2863.17,0,0,0,0,0,0,1.56223,0,1.63358,0.133333,0,0,0,0,0,0,0,0,0,0,4,4,4,0,0,0,0,0,0,0,0,0
2026-05-17 21:25:46.679,684,30,320,240,153600,14.5409,12.4598,4.20772,2882.29,0,0,0,0,0,0,14.541,0,14.7512,0.133333,0,0,0,0,0,0,0,0,0,0,4,4,4,0,0,0,0,0,0,0,0,0
2026-05-17 21:25:46.738,0,0,0,0,0,0,0,0,0,0,0,0,0,0,0,0,0,0,0,1952,918,86,78,61,57,1479,1479,1479,1479,4,4,4,0,0,0,0,0,0,0,0,0
2026-05-17 21:25:46.759,685,30,320,240,153600,1.59816,12.4628,4.20392,2883.89,0,0,0,0,0,0,1.59816,0,1.704,0.133333,0,0,0,0,0,0,0,0,0,0,4,4,4,0,0,0,0,0,0,0,0,0
2026-05-17 21:25:46.839,686,30,320,240,153600,20.52,12.4582,4.22767,2904.41,0,0,0,0,0,0,20.52,0,23.3244,0.133333,0,0,0,0,0,0,0,0,0,0,4,4,4,0,0,0,0,0,0,0,0,0
2026-05-17 21:25:46.916,687,30,320,240,153600,1.76244,12.4636,4.22409,2906.17,0,0,0,0,0,0,1.76249,0,1.86374,0.133333,0,0,0,0,0,0,0,0,0,0,4,4,4,0,0,0,0,0,0,0,0,0
2026-05-17 21:25:46.991,688,30,320,240,153600,1.88942,12.4647,4.2207,2908.06,0,0,0,0,0,0,1.88953,0,1.98567,0.133333,0,0,0,0,0,0,0,0,0,0,4,4,4,0,0,0,0,0,0,0,0,0
2026-05-17 21:25:47.148,690,30,320,240,153600,13.5369,12.4629,4.24889,2935.98,0,0,0,0,0,0,13.5369,0,13.6055,0.133333,0,0,0,0,0,0,0,0,0,0,4,4,4,0,0,0,0,0,0,0,0,0
2026-05-17 21:25:47.239,0,0,0,0,0,0,0,0,0,0,0,0,0,0,0,0,0,0,0,1952,918,62,69,83,54,1479,1479,1479,1479,4,4,4,0,0,0,0,0,0,0,0,0
2026-05-17 21:25:47.223,691,30,320,240,153600,3.00211,12.4658,4.24709,2938.98,0,0,0,0,0,0,3.00211,0,3.22039,0.133333,0,0,0,0,0,0,0,0,0,0,4,4,4,0,0,0,0,0,0,0,0,0
2026-05-17 21:25:47.303,692,30,320,240,153600,1.55884,12.4668,4.24321,2940.54,0,0,0,0,0,0,1.559,0,1.62395,0.133333,0,0,0,0,0,0,0,0,0,0,4,4,4,0,0,0,0,0,0,0,0,0
2026-05-17 21:25:47.379,693,30,320,240,153600,1.55702,12.4678,4.23934,2942.1,0,0,0,0,0,0,1.55702,0,1.68358,0.133333,0,0,0,0,0,0,0,0,0,0,4,4,4,0,0,0,0,0,0,0,0,0
2026-05-17 21:25:47.455,694,30,320,240,153600,1.03732,12.4688,4.23473,2943.14,0,0,0,0,0,0,1.03732,0,1.12685,0.133333,0,0,0,0,0,0,0,0,0,0,4,4,4,0,0,0,0,0,0,0,0,0
2026-05-17 21:25:47.535,695,30,320,240,153600,11.2735,12.4666,4.24484,2954.41,0,0,0,0,0,0,11.2735,0,11.3706,0.133333,0,0,0,0,0,0,0,0,0,0,4,4,4,0,0,0,0,0,0,0,0,0
2026-05-17 21:25:47.611,696,30,320,240,153600,1.63009,12.4697,4.24109,2956.04,0,0,0,0,0,0,1.63004,0,1.71187,0.133333,0,0,0,0,0,0,0,0,0,0,4,4,4,0,0,0,0,0,0,0,0,0
2026-05-17 21:25:47.691,697,30,320,240,153600,14.6776,12.4668,4.25604,2970.72,0,0,0,0,0,0,14.6776,0,14.7967,0.133333,0,0,0,0,0,0,0,0,0,0,4,4,4,0,0,0,0,0,0,0,0,0
2026-05-17 21:25:47.741,0,0,0,0,0,0,0,0,0,0,0,0,0,0,0,0,0,0,0,1952,918,94,50,56,87,1479,1479,1479,1479,4,4,4,0,0,0,0,0,0,0,0,0
2026-05-17 21:25:47.767,698,30,320,240,153600,1.80369,12.4706,4.25254,2972.52,0,0,0,0,0,0,1.80374,0,1.90093,0.133333,0,0,0,0,0,0,0,0,0,0,4,4,4,0,0,0,0,0,0,0,0,0
2026-05-17 21:25:47.844,699,30,320,240,153600,1.81057,12.4715,4.24905,2974.33,0,0,0,0,0,0,1.81062,0,1.97177,0.133333,0,0,0,0,0,0,0,0,0,0,4,4,4,0,0,0,0,0,0,0,0,0
2026-05-17 21:25:47.923,700,30,320,240,153600,10.4997,12.4697,4.25796,2984.83,0,0,0,0,0,0,10.4998,0,10.564,0.133333,0,0,0,0,0,0,0,0,0,0,4,4,4,0,0,0,0,0,0,0,0,0
2026-05-17 21:25:47.999,701,30,320,240,153600,1.71759,12.4725,4.25435,2986.55,0,0,0,0,0,0,1.71759,0,1.80822,0.133333,0,0,0,0,0,0,0,0,0,0,4,4,4,0,0,0,0,0,0,0,0,0
2026-05-17 21:25:48.079,702,30,320,240,153600,10.5,12.4706,4.26323,2997.05,0,0,0,0,0,0,10.5001,0,10.5854,0.133333,0,0,0,0,0,0,0,0,0,0,4,4,4,0,0,0,0,0,0,0,0,0
2026-05-17 21:25:48.155,703,30,320,240,153600,6.45344,12.4724,4.26634,3003.5,0,0,0,0,0,0,6.45349,0,6.53787,0.133333,0,0,0,0,0,0,0,0,0,0,4,4,4,0,0,0,0,0,0,0,0,0
2026-05-17 21:25:48.243,0,0,0,0,0,0,0,0,0,0,0,0,0,0,0,0,0,0,0,1952,918,70,68,67,65,1479,1479,1479,1479,4,4,4,0,0,0,0,0,0,0,0,0
2026-05-17 21:25:48.231,704,30,320,240,153600,0.876584,12.4746,4.26153,3004.38,0,0,0,0,0,0,0.876741,0,0.98492,0.133333,0,0,0,0,0,0,0,0,0,0,4,4,4,0,0,0,0,0,0,0,0,0
2026-05-17 21:25:48.311,705,30,320,240,153600,1.12347,12.4746,4.25709,3005.5,0,0,0,0,0,0,1.12347,0,1.20602,0.133333,0,0,0,0,0,0,0,0,0,0,4,4,4,0,0,0,0,0,0,0,0,0
2026-05-17 21:25:48.387,706,30,320,240,153600,1.11919,12.4755,4.25265,3006.62,0,0,0,0,0,0,1.1193,0,1.2017,0.133333,0,0,0,0,0,0,0,0,0,0,4,4,4,0,0,0,0,0,0,0,0,0
2026-05-17 21:25:48.467,707,30,320,240,153600,10.4586,12.4735,4.26142,3017.08,0,0,0,0,0,0,10.4586,0,10.5667,0.133333,0,0,0,0,0,0,0,0,0,0,4,4,4,0,0,0,0,0,0,0,0,0
2026-05-17 21:25:48.543,708,30,320,240,153600,1.61884,12.4763,4.25769,3018.7,0,0,0,0,0,0,1.61905,0,1.70181,0.133333,0,0,0,0,0,0,0,0,0,0,4,4,4,0,0,0,0,0,0,0,0,0
2026-05-17 21:25:48.619,709,30,320,240,153600,1.61046,12.4772,4.25396,3020.31,0,0,0,0,0,0,1.61046,0,1.69062,0.133333,0,0,0,0,0,0,0,0,0,0,4,4,4,0,0,0,0,0,0,0,0,0
2026-05-17 21:25:48.700,710,30,320,240,153600,14.406,12.4744,4.26824,3034.72,0,0,0,0,0,0,14.4063,0,14.5428,0.133333,0,0,0,0,0,0,0,0,0,0,4,4,4,0,0,0,0,0,0,0,0,0
2026-05-17 21:25:48.744,0,0,0,0,0,0,0,0,0,0,0,0,0,0,0,0,0,0,0,1952,918,77,88,51,68,1479,1479,1479,1479,4,4,4,0,0,0,0,0,0,0,0,0
2026-05-17 21:25:48.775,711,30,320,240,153600,10.5152,12.4762,4.27701,3045.23,0,0,0,0,0,0,10.5153,0,10.5858,0.133333,0,0,0,0,0,0,0,0,0,0,4,4,4,0,0,0,0,0,0,0,0,0
2026-05-17 21:25:48.855,712,30,320,240,153600,10.5235,12.4763,4.28577,3055.76,0,0,0,0,0,0,10.5235,0,10.607,0.133333,0,0,0,0,0,0,0,0,0,0,4,4,4,0,0,0,0,0,0,0,0,0
2026-05-17 21:25:48.931,713,30,320,240,153600,11.1638,12.477,4.29541,3066.92,0,0,0,0,0,0,11.1639,0,11.2598,0.133333,0,0,0,0,0,0,0,0,0,0,4,4,4,0,0,0,0,0,0,0,0,0
2026-05-17 21:25:49.007,714,30,320,240,153600,10.4948,12.4781,4.30408,3077.41,0,0,0,0,0,0,10.4948,0,10.5684,0.133333,0,0,0,0,0,0,0,0,0,0,4,4,4,0,0,0,0,0,0,0,0,0
2026-05-17 21:25:49.087,715,30,320,240,153600,1.72582,12.48,4.30048,3079.14,0,0,0,0,0,0,1.72582,0,1.79682,0.133333,0,0,0,0,0,0,0,0,0,0,4,4,4,0,0,0,0,0,0,0,0,0
2026-05-17 21:25:49.164,716,30,320,240,153600,1.94005,12.4808,4.29718,3081.08,0,0,0,0,0,0,1.9402,0,2.17651,0.133333,0,0,0,0,0,0,0,0,0,0,4,4,4,0,0,0,0,0,0,0,0,0
2026-05-17 21:25:49.246,0,0,0,0,0,0,0,0,0,0,0,0,0,0,0,0,0,0,0,1952,918,93,35,71,64,1479,1479,1479,1479,4,4,4,0,0,0,0,0,0,0,0,0
2026-05-17 21:25:49.244,717,30,320,240,153600,1.63207,12.4809,4.29347,3082.71,0,0,0,0,0,0,1.63202,0,1.72504,0.133333,0,0,0,0,0,0,0,0,0,0,4,4,4,0,0,0,0,0,0,0,0,0
2026-05-17 21:25:49.319,718,30,320,240,153600,14.5198,12.4791,4.30769,3097.23,0,0,0,0,0,0,14.5198,0,14.5907,0.133333,0,0,0,0,0,0,0,0,0,0,4,4,4,0,0,0,0,0,0,0,0,0
2026-05-17 21:25:49.400,719,30,320,240,153600,1.57139,12.4819,4.30389,3098.8,0,0,0,0,0,0,1.57145,0,1.65197,0.133333,0,0,0,0,0,0,0,0,0,0,4,4,4,0,0,0,0,0,0,0,0,0
2026-05-17 21:25:49.476,720,30,320,240,153600,1.63978,12.4827,4.3002,3100.44,0,0,0,0,0,0,1.63983,0,1.72843,0.133333,0,0,0,0,0,0,0,0,0,0,4,4,4,0,0,0,0,0,0,0,0,0
2026-05-17 21:25:49.552,721,30,320,240,153600,4.16615,12.483,4.30001,3104.61,0,0,0,0,0,0,4.16615,0,4.43495,0.133333,0,0,0,0,0,0,0,0,0,0,4,4,4,0,0,0,0,0,0,0,0,0
2026-05-17 21:25:49.631,722,30,320,240,153600,1.56337,12.4837,4.29623,3106.17,0,0,0,0,0,0,1.56337,0,1.66666,0.133333,0,0,0,0,0,0,0,0,0,0,4,4,4,0,0,0,0,0,0,0,0,0
2026-05-17 21:25:49.747,0,0,0,0,0,0,0,0,0,0,0,0,0,0,0,0,0,0,0,1952,918,56,79,90,56,1479,1479,1479,1479,4,4,4,0,0,0,0,0,0,0,0,0
2026-05-17 21:25:49.707,723,30,320,240,153600,1.60275,12.4846,4.29251,3107.78,0,0,0,0,0,0,1.60301,0,1.68228,0.133333,0,0,0,0,0,0,0,0,0,0,4,4,4,0,0,0,0,0,0,0,0,0
2026-05-17 21:25:49.787,724,30,320,240,153600,1.67374,12.4846,4.2889,3109.45,0,0,0,0,0,0,1.67379,0,1.74885,0.133333,0,0,0,0,0,0,0,0,0,0,4,4,4,0,0,0,0,0,0,0,0,0
2026-05-17 21:25:49.863,725,30,320,240,153600,1.55332,12.4855,4.28513,3111,0,0,0,0,0,0,1.55337,0,1.65634,0.133333,0,0,0,0,0,0,0,0,0,0,4,4,4,0,0,0,0,0,0,0,0,0
2026-05-17 21:25:49.940,726,30,320,240,153600,8.43761,12.4849,4.29084,3119.44,0,0,0,0,0,0,8.43766,0,8.52672,0.133333,0,0,0,0,0,0,0,0,0,0,4,4,4,0,0,0,0,0,0,0,0,0
2026-05-17 21:25:50.019,727,30,320,240,153600,1.61145,12.4864,4.28716,3121.05,0,0,0,0,0,0,1.61155,0,1.67957,0.133333,0,0,0,0,0,0,0,0,0,0,4,4,4,0,0,0,0,0,0,0,0,0
2026-05-17 21:25:50.096,728,30,320,240,153600,1.04643,12.4873,4.28271,3122.1,0,0,0,0,0,0,1.04659,0,1.14555,0.133333,0,0,0,0,0,0,0,0,0,0,4,4,4,0,0,0,0,0,0,0,0,0
2026-05-17 21:25:50.250,0,0,0,0,0,0,0,0,0,0,0,0,0,0,0,0,0,0,0,1952,918,83,57,42,93,1479,1479,1479,1479,4,4,4,0,0,0,0,0,0,0,0,0
2026-05-17 21:25:50.175,729,30,320,240,153600,2.01495,12.4872,4.27961,3124.11,0,0,0,0,0,0,2.01495,0,2.09578,0.133333,0,0,0,0,0,0,0,0,0,0,4,4,4,0,0,0,0,0,0,0,0,0
2026-05-17 21:25:50.252,730,30,320,240,153600,1.54493,12.4881,4.27587,3125.66,0,0,0,0,0,0,1.54499,0,1.63223,0.133333,0,0,0,0,0,0,0,0,0,0,4,4,4,0,0,0,0,0,0,0,0,0
2026-05-17 21:25:50.328,731,30,320,240,153600,12.6965,12.4845,4.28737,3138.35,0,0,0,0,0,0,12.6965,0,22.5359,0.133333,0,0,0,0,0,0,0,0,0,0,4,4,4,0,0,0,0,0,0,0,0,0
2026-05-17 21:25:50.407,732,30,320,240,153600,1.6266,12.489,4.28374,3139.98,0,0,0,0,0,0,1.6266,0,1.70707,0.133333,0,0,0,0,0,0,0,0,0,0,4,4,4,0,0,0,0,0,0,0,0,0
2026-05-17 21:25:50.483,733,30,320,240,153600,1.66629,12.4898,4.28017,3141.65,0,0,0,0,0,0,1.65999,0,1.75327,0.133333,0,0,0,0,0,0,0,0,0,0,4,4,4,0,0,0,0,0,0,0,0,0
2026-05-17 21:25:50.563,734,30,320,240,153600,3.49566,12.4895,4.27911,3145.14,0,0,0,0,0,0,3.49571,0,3.59837,0.133333,0,0,0,0,0,0,0,0,0,0,4,4,4,0,0,0,0,0,0,0,0,0
2026-05-17 21:25:50.639,735,30,320,240,153600,1.66296,12.4907,4.27555,3146.81,0,0,0,0,0,0,1.66311,0,1.73306,0.133333,0,0,0,0,0,0,0,0,0,0,4,4,4,0,0,0,0,0,0,0,0,0
2026-05-17 21:25:50.754,0,0,0,0,0,0,0,0,0,0,0,0,0,0,0,0,0,0,0,1952,919,86,51,45,92,1479,1479,1479,1479,4,4,4,0,0,0,0,0,0,0,0,0
2026-05-17 21:25:50.716,736,30,320,240,153600,0.885856,12.4917,4.27095,3147.69,0,0,0,0,0,0,0.885856,0,0.992473,0.133333,0,0,0,0,0,0,0,0,0,0,4,4,4,0,0,0,0,0,0,0,0,0
2026-05-17 21:25:50.795,737,30,320,240,153600,1.5542,12.4916,4.26727,3149.25,0,0,0,0,0,0,1.55426,0,1.62202,0.133333,0,0,0,0,0,0,0,0,0,0,4,4,4,0,0,0,0,0,0,0,0,0
2026-05-17 21:25:50.871,738,30,320,240,153600,1.55587,12.4925,4.2636,3150.8,0,0,0,0,0,0,1.55587,0,1.66379,0.133333,0,0,0,0,0,0,0,0,0,0,4,4,4,0,0,0,0,0,0,0,0,0
2026-05-17 21:25:50.951,739,30,320,240,153600,1.60415,12.4925,4.26001,3152.41,0,0,0,0,0,0,1.60421,0,1.69718,0.133333,0,0,0,0,0,0,0,0,0,0,4,4,4,0,0,0,0,0,0,0,0,0
2026-05-17 21:25:51.028,740,30,320,240,153600,2.18891,12.4932,4.25721,3154.6,0,0,0,0,0,0,2.18896,0,2.30813,0.133333,0,0,0,0,0,0,0,0,0,0,4,4,4,0,0,0,0,0,0,0,0,0
2026-05-17 21:25:51.104,741,30,320,240,153600,1.8676,12.4941,4.25399,3156.46,0,0,0,0,0,0,1.86781,0,1.95854,0.133333,0,0,0,0,0,0,0,0,0,0,4,4,4,0,0,0,0,0,0,0,0,0
2026-05-17 21:25:51.184,742,30,320,240,153600,6.83908,12.4931,4.25747,3163.3,0,0,0,0,0,0,6.83913,0,7.04309,0.133333,0,0,0,0,0,0,0,0,0,0,4,4,4,0,0,0,0,0,0,0,0,0
2026-05-17 21:25:51.254,0,0,0,0,0,0,0,0,0,0,0,0,0,0,0,0,0,0,0,1952,918,66,97,65,53,1479,1479,1479,1479,4,4,4,0,0,0,0,0,0,0,0,0
2026-05-17 21:25:51.260,743,30,320,240,153600,0.888824,12.4952,4.25294,3164.19,0,0,0,0,0,0,0.888824,0,0.954972,0.133333,0,0,0,0,0,0,0,0,0,0,4,4,4,0,0,0,0,0,0,0,0,0
2026-05-17 21:25:51.340,744,30,320,240,153600,2.91049,12.4947,4.25114,3167.1,0,0,0,0,0,0,2.91054,0,3.09013,0.133333,0,0,0,0,0,0,0,0,0,0,4,4,4,0,0,0,0,0,0,0,0,0
2026-05-17 21:25:51.416,745,30,320,240,153600,1.07826,12.496,4.24689,3168.18,0,0,0,0,0,0,1.07831,0,1.15883,0.133333,0,0,0,0,0,0,0,0,0,0,4,4,4,0,0,0,0,0,0,0,0,0
2026-05-17 21:25:51.492,746,30,320,240,153600,0.932471,12.4969,4.24245,3169.11,0,0,0,0,0,0,0.932419,0,0.997889,0.133333,0,0,0,0,0,0,0,0,0,0,4,4,4,0,0,0,0,0,0,0,0,0
2026-05-17 21:25:51.572,747,30,320,240,153600,11.1381,12.4947,4.25167,3180.25,0,0,0,0,0,0,11.1382,0,11.2307,0.133333,0,0,0,0,0,0,0,0,0,0,4,4,4,0,0,0,0,0,0,0,0,0
2026-05-17 21:25:51.648,748,30,320,240,153600,1.62572,12.4976,4.24817,3181.88,0,0,0,0,0,0,1.62582,0,1.70614,0.133333,0,0,0,0,0,0,0,0,0,0,4,4,4,0,0,0,0,0,0,0,0,0
2026-05-17 21:25:51.728,749,30,320,240,153600,1.61869,12.4976,4.24466,3183.49,0,0,0,0,0,0,1.61874,0,1.70098,0.133333,0,0,0,0,0,0,0,0,0,0,4,4,4,0,0,0,0,0,0,0,0,0
2026-05-17 21:25:51.754,0,0,0,0,0,0,0,0,0,0,0,0,0,0,0,0,0,0,0,1952,919,63,70,44,94,1479,1479,1479,1479,4,4,4,0,0,0,0,0,0,0,0,0
2026-05-17 21:25:51.804,750,30,320,240,153600,2.13287,12.4982,4.24185,3185.63,0,0,0,0,0,0,2.13297,0,2.24756,0.133333,0,0,0,0,0,0,0,0,0,0,4,4,4,0,0,0,0,0,0,0,0,0
2026-05-17 21:25:51.880,751,30,320,240,153600,1.58853,12.4992,4.23832,3187.22,0,0,0,0,0,0,1.58853,0,1.6691,0.133333,0,0,0,0,0,0,0,0,0,0,4,4,4,0,0,0,0,0,0,0,0,0
2026-05-17 21:25:51.960,752,30,320,240,153600,14.5206,12.4965,4.25197,3201.74,0,0,0,0,0,0,14.5206,0,14.6204,0.133333,0,0,0,0,0,0,0,0,0,0,4,4,4,0,0,0,0,0,0,0,0,0
2026-05-17 21:25:52.036,753,30,320,240,153600,1.68749,12.499,4.24857,3203.42,0,0,0,0,0,0,1.68754,0,6.96142,0.133333,0,0,0,0,0,0,0,0,0,0,4,4,4,0,0,0,0,0,0,0,0,0
2026-05-17 21:25:52.116,754,30,320,240,153600,2.41714,12.4999,4.24615,3205.84,0,0,0,0,0,0,2.41714,0,2.50001,0.133333,0,0,0,0,0,0,0,0,0,0,4,4,4,0,0,0,0,0,0,0,0,0
2026-05-17 21:25:52.255,0,0,0,0,0,0,0,0,0,0,0,0,0,0,0,0,0,0,0,1952,918,94,50,43,93,1479,1479,1479,1479,4,4,4,0,0,0,0,0,0,0,0,0
2026-05-17 21:25:52.192,755,30,320,240,153600,10.4313,12.4991,4.25433,3216.27,0,0,0,0,0,0,10.4313,0,10.5078,0.133333,0,0,0,0,0,0,0,0,0,0,4,4,4,0,0,0,0,0,0,0,0,0
2026-05-17 21:25:52.268,756,30,320,240,153600,1.72905,12.5017,4.25099,3218,0,0,0,0,0,0,1.72911,0,1.79057,0.133333,0,0,0,0,0,0,0,0,0,0,4,4,4,0,0,0,0,0,0,0,0,0
2026-05-17 21:25:52.348,757,30,320,240,153600,4.53824,12.5011,4.25137,3222.54,0,0,0,0,0,0,4.53829,0,4.61845,0.133333,0,0,0,0,0,0,0,0,0,0,4,4,4,0,0,0,0,0,0,0,0,0
2026-05-17 21:25:52.424,758,30,320,240,153600,9.67373,12.5004,4.25852,3232.21,0,0,0,0,0,0,9.67384,0,12.0178,0.133333,0,0,0,0,0,0,0,0,0,0,4,4,4,0,0,0,0,0,0,0,0,0
2026-05-17 21:25:52.504,759,30,320,240,153600,1.57395,12.5025,4.25498,3233.79,0,0,0,0,0,0,1.57395,0,1.64494,0.133333,0,0,0,0,0,0,0,0,0,0,4,4,4,0,0,0,0,0,0,0,0,0
2026-05-17 21:25:52.580,760,30,320,240,153600,1.70681,12.5033,4.25164,3235.49,0,0,0,0,0,0,1.70697,0,1.81406,0.133333,0,0,0,0,0,0,0,0,0,0,4,4,4,0,0,0,0,0,0,0,0,0
2026-05-17 21:25:52.656,761,30,320,240,153600,1.8725,12.5041,4.24851,3237.37,0,0,0,0,0,0,1.87249,0,1.97291,0.133333,0,0,0,0,0,0,0,0,0,0,4,4,4,0,0,0,0,0,0,0,0,0
2026-05-17 21:25:52.736,762,30,320,240,153600,1.60343,12.5042,4.24505,3238.97,0,0,0,0,0,0,1.60358,0,1.68629,0.133333,0,0,0,0,0,0,0,0,0,0,4,4,4,0,0,0,0,0,0,0,0,0
2026-05-17 21:25:52.757,0,0,0,0,0,0,0,0,0,0,0,0,0,0,0,0,0,0,0,1952,919,80,59,56,80,1479,1479,1479,1479,4,4,4,0,0,0,0,0,0,0,0,0
2026-05-17 21:25:52.812,763,30,320,240,153600,6.63756,12.5039,4.24818,3245.61,0,0,0,0,0,0,6.63761,0,6.73184,0.133333,0,0,0,0,0,0,0,0,0,0,4,4,4,0,0,0,0,0,0,0,0,0
2026-05-17 21:25:52.893,764,30,320,240,153600,30.6824,12.4987,4.28273,3276.29,0,0,0,0,0,0,30.6824,0,30.817,0.133333,0,0,0,0,0,0,0,0,0,0,4,4,4,0,0,0,0,0,0,0,0,0
2026-05-17 21:25:52.968,765,30,320,240,153600,2.34547,12.5056,4.2802,3278.64,0,0,0,0,0,0,2.34542,0,2.44918,0.133333,0,0,0,0,0,0,0,0,0,0,4,4,4,0,0,0,0,0,0,0,0,0
2026-05-17 21:25:53.049,766,30,320,240,153600,10.188,12.5036,4.28791,3288.82,0,0,0,0,0,0,10.1881,0,10.3015,0.133333,0,0,0,0,0,0,0,0,0,0,4,4,4,0,0,0,0,0,0,0,0,0
2026-05-17 21:25:53.124,767,30,320,240,153600,26.2578,12.5015,4.31651,3315.08,0,0,0,0,0,0,26.2578,0,26.3748,0.133333,0,0,0,0,0,0,0,0,0,0,4,4,4,0,0,0,0,0,0,0,0,0
2026-05-17 21:25:53.200,768,30,320,240,153600,6.71579,12.5063,4.31963,3321.8,0,0,0,0,0,0,6.71585,0,6.79449,0.133333,0,0,0,0,0,0,0,0,0,0,4,4,4,0,0,0,0,0,0,0,0,0
2026-05-17 21:25:53.258,0,0,0,0,0,0,0,0,0,0,0,0,0,0,0,0,0,0,0,1952,910,96,96,82,90,1479,1479,1479,1479,4,4,4,0,0,0,0,0,0,0,0,0
2026-05-17 21:25:53.280,769,30,320,240,153600,1.50723,12.5074,4.31598,3323.3,0,0,0,0,0,0,1.50728,0,1.61676,0.133333,0,0,0,0,0,0,0,0,0,0,4,4,4,0,0,0,0,0,0,0,0,0
2026-05-17 21:25:53.356,770,30,320,240,153600,4.36933,12.5076,4.31605,3327.67,0,0,0,0,0,0,4.36933,0,4.57142,0.133333,0,0,0,0,0,0,0,0,0,0,4,4,4,0,0,0,0,0,0,0,0,0
2026-05-17 21:25:53.432,771,30,320,240,153600,0.962264,12.5091,4.3117,3328.64,0,0,0,0,0,0,0.962316,0,1.02805,0.133333,0,0,0,0,0,0,0,0,0,0,4,4,4,0,0,0,0,0,0,0,0,0
2026-05-17 21:25:53.512,772,30,320,240,153600,1.88432,12.5089,4.30856,3330.52,0,0,0,0,0,0,1.88442,0,1.99838,0.133333,0,0,0,0,0,0,0,0,0,0,4,4,4,0,0,0,0,0,0,0,0,0
2026-05-17 21:25:53.588,773,30,320,240,153600,1.96297,12.5097,4.30553,3332.48,0,0,0,0,0,0,1.96302,0,2.06219,0.133333,0,0,0,0,0,0,0,0,0,0,4,4,4,0,0,0,0,0,0,0,0,0
2026-05-17 21:25:53.668,774,30,320,240,153600,1.66765,12.5097,4.30213,3334.15,0,0,0,0,0,0,1.66785,0,1.74374,0.133333,0,0,0,0,0,0,0,0,0,0,4,4,4,0,0,0,0,0,0,0,0,0
2026-05-17 21:25:53.760,0,0,0,0,0,0,0,0,0,0,0,0,0,0,0,0,0,0,0,1952,911,58,85,70,70,1479,1479,1479,1479,4,4,4,0,0,0,0,0,0,0,0,0
2026-05-17 21:25:53.744,775,30,320,240,153600,9.91223,12.5088,4.30936,3344.06,0,0,0,0,0,0,9.91223,0,10.1319,0.133333,0,0,0,0,0,0,0,0,0,0,4,4,4,0,0,0,0,0,0,0,0,0
2026-05-17 21:25:53.825,776,30,320,240,153600,5.07851,12.5096,4.31035,3349.14,0,0,0,0,0,0,5.07851,0,5.14992,0.133333,0,0,0,0,0,0,0,0,0,0,4,4,4,0,0,0,0,0,0,0,0,0
2026-05-17 21:25:53.901,777,30,320,240,153600,4.85523,12.5103,4.31105,3354,0,0,0,0,0,0,4.85517,0,4.91596,0.133333,0,0,0,0,0,0,0,0,0,0,4,4,4,0,0,0,0,0,0,0,0,0
2026-05-17 21:25:53.977,778,30,320,240,153600,10.5439,12.5099,4.31905,3364.54,0,0,0,0,0,0,10.5439,0,10.6328,0.133333,0,0,0,0,0,0,0,0,0,0,4,4,4,0,0,0,0,0,0,0,0,0
2026-05-17 21:25:54.056,779,30,320,240,153600,1.57676,12.5121,4.31554,3366.12,0,0,0,0,0,0,1.57676,0,1.64603,0.133333,0,0,0,0,0,0,0,0,0,0,4,4,4,0,0,0,0,0,0,0,0,0
2026-05-17 21:25:54.132,780,30,320,240,153600,7.16591,12.5117,4.31919,3373.28,0,0,0,0,0,0,7.16612,0,7.27424,0.133333,0,0,0,0,0,0,0,0,0,0,4,4,4,0,0,0,0,0,0,0,0,0
2026-05-17 21:25:54.212,781,30,320,240,153600,1.71061,12.5128,4.31585,3374.99,0,0,0,0,0,0,1.71067,0,1.78202,0.133333,0,0,0,0,0,0,0,0,0,0,4,4,4,0,0,0,0,0,0,0,0,0
2026-05-17 21:25:54.263,0,0,0,0,0,0,0,0,0,0,0,0,0,0,0,0,0,0,0,1952,911,50,62,84,82,1479,1479,1479,1479,4,4,4,0,0,0,0,0,0,0,0,0
2026-05-17 21:25:54.288,782,30,320,240,153600,1.71567,12.5136,4.31253,3376.71,0,0,0,0,0,0,1.71572,0,1.77921,0.133333,0,0,0,0,0,0,0,0,0,0,4,4,4,0,0,0,0,0,0,0,0,0
2026-05-17 21:25:54.369,783,30,320,240,153600,9.45086,12.5117,4.31908,3386.16,0,0,0,0,0,0,9.45086,0,9.57909,0.133333,0,0,0,0,0,0,0,0,0,0,4,4,4,0,0,0,0,0,0,0,0,0
2026-05-17 21:25:54.444,784,30,320,240,153600,1.55624,12.5144,4.31556,3387.72,0,0,0,0,0,0,1.55629,0,1.62598,0.133333,0,0,0,0,0,0,0,0,0,0,4,4,4,0,0,0,0,0,0,0,0,0
2026-05-17 21:25:54.520,785,30,320,240,153600,0.898564,12.5153,4.31122,3388.62,0,0,0,0,0,0,0.898565,0,0.976952,0.133333,0,0,0,0,0,0,0,0,0,0,4,4,4,0,0,0,0,0,0,0,0,0
2026-05-17 21:25:54.600,786,30,320,240,153600,1.71197,12.5151,4.30791,3390.33,0,0,0,0,0,0,1.71202,0,1.774,0.133333,0,0,0,0,0,0,0,0,0,0,4,4,4,0,0,0,0,0,0,0,0,0
2026-05-17 21:25:54.765,0,0,0,0,0,0,0,0,0,0,0,0,0,0,0,0,0,0,0,1952,911,66,91,51,62,1479,1479,1479,1479,4,4,4,0,0,0,0,0,0,0,0,0
2026-05-17 21:25:54.676,787,30,320,240,153600,1.86442,12.5159,4.30481,3392.19,0,0,0,0,0,0,1.86447,0,1.96218,0.133333,0,0,0,0,0,0,0,0,0,0,4,4,4,0,0,0,0,0,0,0,0,0
2026-05-17 21:25:54.752,788,30,320,240,153600,11.0669,12.5148,4.31338,3403.26,0,0,0,0,0,0,11.067,0,11.1611,0.133333,0,0,0,0,0,0,0,0,0,0,4,4,4,0,0,0,0,0,0,0,0,0
2026-05-17 21:25:54.832,789,30,320,240,153600,0.968826,12.5168,4.30915,3404.23,0,0,0,0,0,0,0.968982,0,1.05174,0.133333,0,0,0,0,0,0,0,0,0,0,4,4,4,0,0,0,0,0,0,0,0,0
2026-05-17 21:25:54.908,790,30,320,240,153600,0.925961,12.5176,4.30487,3405.15,0,0,0,0,0,0,0.926117,0,0.995077,0.133333,0,0,0,0,0,0,0,0,0,0,4,4,4,0,0,0,0,0,0,0,0,0
2026-05-17 21:25:54.988,791,30,320,240,153600,2.64809,12.5172,4.30278,3407.8,0,0,0,0,0,0,2.64809,0,2.8758,0.133333,0,0,0,0,0,0,0,0,0,0,4,4,4,0,0,0,0,0,0,0,0,0
2026-05-17 21:25:55.064,792,30,320,240,153600,1.56447,12.5182,4.29933,3409.37,0,0,0,0,0,0,1.56447,0,1.62968,0.133333,0,0,0,0,0,0,0,0,0,0,4,4,4,0,0,0,0,0,0,0,0,0
2026-05-17 21:25:55.140,793,30,320,240,153600,5.37951,12.5182,4.30069,3414.75,0,0,0,0,0,0,5.37956,0,5.47727,0.133333,0,0,0,0,0,0,0,0,0,0,4,4,4,0,0,0,0,0,0,0,0,0
2026-05-17 21:25:55.220,794,30,320,240,153600,1.60973,12.5189,4.2973,3416.36,0,0,0,0,0,0,1.60978,0,1.71629,0.133333,0,0,0,0,0,0,0,0,0,0,4,4,4,0,0,0,0,0,0,0,0,0
2026-05-17 21:25:55.266,0,0,0,0,0,0,0,0,0,0,0,0,0,0,0,0,0,0,0,1952,911,50,70,81,94,1479,1479,1479,1479,4,4,4,0,0,0,0,0,0,0,0,0
2026-05-17 21:25:55.296,795,30,320,240,153600,1.87213,12.5196,4.29426,3418.23,0,0,0,0,0,0,1.87223,0,1.94916,0.133333,0,0,0,0,0,0,0,0,0,0,4,4,4,0,0,0,0,0,0,0,0,0
2026-05-17 21:25:55.376,796,30,320,240,153600,14.1425,12.5172,4.30661,3432.37,0,0,0,0,0,0,14.1425,0,14.2386,0.133333,0,0,0,0,0,0,0,0,0,0,4,4,4,0,0,0,0,0,0,0,0,0
2026-05-17 21:25:55.452,797,30,320,240,153600,1.71457,12.5204,4.30336,3434.08,0,0,0,0,0,0,1.71452,0,1.78103,0.133333,0,0,0,0,0,0,0,0,0,0,4,4,4,0,0,0,0,0,0,0,0,0
2026-05-17 21:25:55.528,798,30,320,240,153600,3.82583,12.5208,4.30277,3437.91,0,0,0,0,0,0,3.82588,0,3.90812,0.133333,0,0,0,0,0,0,0,0,0,0,4,4,4,0,0,0,0,0,0,0,0,0
2026-05-17 21:25:55.608,799,30,320,240,153600,2.07588,12.521,4.29998,3439.99,0,0,0,0,0,0,2.07604,0,2.46876,0.133333,0,0,0,0,0,0,0,0,0,0,4,4,4,0,0,0,0,0,0,0,0,0
2026-05-17 21:25:55.684,800,30,320,240,153600,1.77041,12.5219,4.29682,3441.76,0,0,0,0,0,0,1.77041,0,1.86369,0.133333,0,0,0,0,0,0,0,0,0,0,4,4,4,0,0,0,0,0,0,0,0,0
2026-05-17 21:25:55.767,0,0,0,0,0,0,0,0,0,0,0,0,0,0,0,0,0,0,0,1952,911,66,64,50,92,1479,1479,1479,1479,4,4,4,0,0,0,0,0,0,0,0,0
2026-05-17 21:25:55.840,802,30,320,240,153600,5.30951,12.5219,4.31567,3465.48,0,0,0,0,0,0,5.30951,0,5.39066,0.133333,0,0,0,0,0,0,0,0,0,0,4,4,4,0,0,0,0,0,0,0,0,0
2026-05-17 21:25:55.916,803,30,320,240,153600,6.927,12.5224,4.31892,3472.41,0,0,0,0,0,0,6.927,0,7.02507,0.133333,0,0,0,0,0,0,0,0,0,0,4,4,4,0,0,0,0,0,0,0,0,0
2026-05-17 21:25:55.996,804,30,320,240,153600,1.84953,12.5233,4.31585,3474.26,0,0,0,0,0,0,1.84947,0,2.06547,0.133333,0,0,0,0,0,0,0,0,0,0,4,4,4,0,0,0,0,0,0,0,0,0
2026-05-17 21:25:56.072,805,30,320,240,153600,0.920752,12.5243,4.31164,3475.18,0,0,0,0,0,0,0.920752,0,0.982942,0.133333,0,0,0,0,0,0,0,0,0,0,4,4,4,0,0,0,0,0,0,0,0,0
2026-05-17 21:25:56.228,807,30,320,240,153600,1.01216,12.5249,4.33493,3502.63,0,0,0,0,0,0,1.01226,0,1.09091,0.133333,0,0,0,0,0,0,0,0,0,0,4,4,4,0,0,0,0,0,0,0,0,0
2026-05-17 21:25:56.269,0,0,0,0,0,0,0,0,0,0,0,0,0,0,0,0,0,0,0,1952,911,48,94,53,94,1479,1479,1479,1479,4,4,4,0,0,0,0,0,0,0,0,0
2026-05-17 21:25:56.304,808,30,320,240,153600,0.94867,12.5257,4.33075,3503.58,0,0,0,0,0,0,0.948825,0,1.0318,0.133333,0,0,0,0,0,0,0,0,0,0,4,4,4,0,0,0,0,0,0,0,0,0
2026-05-17 21:25:56.384,809,30,320,240,153600,13.2257,12.5231,4.34173,3516.8,0,0,0,0,0,0,13.2257,0,13.3154,0.133333,0,0,0,0,0,0,0,0,0,0,4,4,4,0,0,0,0,0,0,0,0,0
2026-05-17 21:25:56.460,810,30,320,240,153600,1.7365,12.5263,4.33852,3518.54,0,0,0,0,0,0,1.73671,0,1.84937,0.133333,0,0,0,0,0,0,0,0,0,0,4,4,4,0,0,0,0,0,0,0,0,0
2026-05-17 21:25:56.616,812,30,320,240,153600,1.61264,12.527,4.33812,3526.89,0,0,0,0,0,0,1.61264,0,1.72036,0.133333,0,0,0,0,0,0,0,0,0,0,4,4,4,0,0,0,0,0,0,0,0,0
2026-05-17 21:25:56.692,813,30,320,240,153600,1.68244,12.5277,4.33486,3528.57,0,0,0,0,0,0,1.68244,0,1.76317,0.133333,0,0,0,0,0,0,0,0,0,0,4,4,4,0,0,0,0,0,0,0,0,0
2026-05-17 21:25:56.770,0,0,0,0,0,0,0,0,0,0,0,0,0,0,0,0,0,0,0,1952,911,42,73,82,72,1479,1479,1479,1479,4,4,4,0,0,0,0,0,0,0,0,0
2026-05-17 21:25:56.772,814,30,320,240,153600,6.23646,12.5268,4.33719,3534.81,0,0,0,0,0,0,6.23646,0,6.33974,0.133333,0,0,0,0,0,0,0,0,0,0,4,4,4,0,0,0,0,0,0,0,0,0
2026-05-17 21:25:56.848,815,30,320,240,153600,2.69236,12.5282,4.33518,3537.5,0,0,0,0,0,0,2.69241,0,2.78033,0.133333,0,0,0,0,0,0,0,0,0,0,4,4,4,0,0,0,0,0,0,0,0,0
2026-05-17 21:25:56.928,816,30,320,240,153600,0.880074,12.5285,4.33095,3538.38,0,0,0,0,0,0,0.880074,0,1.03138,0.133333,0,0,0,0,0,0,0,0,0,0,4,4,4,0,0,0,0,0,0,0,0,0
2026-05-17 21:25:57.004,817,30,320,240,153600,6.01385,12.5283,4.333,3544.4,0,0,0,0,0,0,6.01385,0,6.13125,0.133333,0,0,0,0,0,0,0,0,0,0,4,4,4,0,0,0,0,0,0,0,0,0
2026-05-17 21:25:57.080,818,30,320,240,153600,1.66077,12.5299,4.32974,3546.06,0,0,0,0,0,0,1.66077,0,1.73822,0.133333,0,0,0,0,0,0,0,0,0,0,4,4,4,0,0,0,0,0,0,0,0,0
2026-05-17 21:25:57.160,819,30,320,240,153600,13.7254,12.5275,4.3412,3559.78,0,0,0,0,0,0,13.7254,0,13.8279,0.133333,0,0,0,0,0,0,0,0,0,0,4,4,4,0,0,0,0,0,0,0,0,0
2026-05-17 21:25:57.272,0,0,0,0,0,0,0,0,0,0,0,0,0,0,0,0,0,0,0,1952,912,75,56,61,91,1479,1479,1479,1479,4,4,4,0,0,0,0,0,0,0,0,0
2026-05-17 21:25:57.236,820,30,320,240,153600,1.79916,12.5305,4.3381,3561.58,0,0,0,0,0,0,1.79926,0,1.89354,0.133333,0,0,0,0,0,0,0,0,0,0,4,4,4,0,0,0,0,0,0,0,0,0
2026-05-17 21:25:57.316,821,30,320,240,153600,0.972837,12.5306,4.33401,3562.56,0,0,0,0,0,0,0.973098,0,1.04117,0.133333,0,0,0,0,0,0,0,0,0,0,4,4,4,0,0,0,0,0,0,0,0,0
2026-05-17 21:25:57.392,822,30,320,240,153600,1.58191,12.5312,4.33066,3564.14,0,0,0,0,0,0,1.58212,0,1.69015,0.133333,0,0,0,0,0,0,0,0,0,0,4,4,4,0,0,0,0,0,0,0,0,0
2026-05-17 21:25:57.468,823,30,320,240,153600,1.62207,12.532,4.32738,3565.76,0,0,0,0,0,0,1.62207,0,1.69015,0.133333,0,0,0,0,0,0,0,0,0,0,4,4,4,0,0,0,0,0,0,0,0,0
2026-05-17 21:25:57.548,824,30,320,240,153600,1.8289,12.5319,4.32435,3567.59,0,0,0,0,0,0,1.829,0,1.93734,0.133333,0,0,0,0,0,0,0,0,0,0,4,4,4,0,0,0,0,0,0,0,0,0
2026-05-17 21:25:57.624,825,30,320,240,153600,1.60712,12.5327,4.32106,3569.2,0,0,0,0,0,0,1.60712,0,1.67754,0.133333,0,0,0,0,0,0,0,0,0,0,4,4,4,0,0,0,0,0,0,0,0,0
2026-05-17 21:25:57.704,826,30,320,240,153600,0.845698,12.5328,4.31686,3570.04,0,0,0,0,0,0,0.84575,0,0.952107,0.133333,0,0,0,0,0,0,0,0,0,0,4,4,4,0,0,0,0,0,0,0,0,0
2026-05-17 21:25:57.775,0,0,0,0,0,0,0,0,0,0,0,0,0,0,0,0,0,0,0,1952,912,62,94,61,60,1479,1479,1479,1479,4,4,4,0,0,0,0,0,0,0,0,0
2026-05-17 21:25:57.780,827,30,320,240,153600,6.1712,12.5324,4.3191,3576.21,0,0,0,0,0,0,6.1713,0,6.28297,0.133333,0,0,0,0,0,0,0,0,0,0,4,4,4,0,0,0,0,0,0,0,0,0
2026-05-17 21:25:57.856,828,30,320,240,153600