Timestamp,FrameID,CameraFPS,CameraWidth,CameraHeight,CameraSize,AlgoInferenceMs,AlgoFPS,AlgoAvgProcMs,AlgoTotalProcMs,AlgoCudaKernelMs,AlgoDroppedFrames,AlgoGpuFree,AlgoGpuTotal,DisplayRenderMs,DisplayLatencyMs,ProcLatencyMs,DisplayLatencyMs,EndToEndLatencyMs,JoulesPerFrame,SoC_TotalRAM,SoC_UsedRAM,SoC_CPU1_Util,SoC_CPU2_Util,SoC_CPU3_Util,SoC_CPU4_Util,SoC_CPU1_Freq,SoC_CPU2_Freq,SoC_CPU3_Freq,SoC_CPU4_Freq,PowerSensor0_Power,PowerSensor0_Volt,PowerSensor0_Curr,PowerSensor1_Power,PowerSensor1_Volt,PowerSensor1_Curr,PowerSensor2_Power,PowerSensor2_Volt,PowerSensor2_Curr,PowerSensor3_Power,PowerSensor3_Volt,PowerSensor3_Curr
2026-05-17 20:56:11.701,0,0,0,0,0,0,0,0,0,0,0,0,0,0,0,0,0,0,0,1952,1217,96,100,0,0,921,921,0,0,4,4,4,0,0,0,0,0,0,0,0,0
2026-05-17 20:56:12.159,0,30,320,240,153600,4.93689,0.558667,4.93689,4.93689,4.6934,0,0,0,0,0,4.93694,0,5.08768,0.133333,0,0,0,0,0,0,0,0,0,0,4,4,4,0,0,0,0,5.02581,0.835281,0,1.58075,0.0104491
2026-05-17 20:56:12.209,0,0,0,0,0,0,0,0,0,0,0,0,0,0,0,0,0,0,0,1952,1219,100,98,0,0,921,921,0,0,4,4,4,0,0,0,0,0,0,0,0,0
2026-05-17 20:56:12.710,0,0,0,0,0,0,0,0,0,0,0,0,0,0,0,0,0,0,0,1952,1226,100,100,0,0,921,921,0,0,4,4,4,0,0,0,0,0,0,0,0,0
2026-05-17 20:56:12.702,7,30,320,240,153600,2.00666,3.43197,1.77225,14.178,1.77931,0,0,0,0,0,2.00672,0,2.29578,0.133333,0,0,0,0,0,0,0,0,0,0,4,4,4,0,0,0,0,5.03042,0.845715,0,1.57998,0.0104491
2026-05-17 20:56:13.166,8,30,320,240,153600,7.4255,3.214,2.40039,21.6035,7.36576,0,0,0,0,0,7.42555,0,7.50722,0.133333,0,0,0,0,0,0,0,0,0,0,4,4,4,0,0,0,0,5.02351,0.832552,0,1.58152,0.0104491
2026-05-17 20:56:13.213,0,0,0,0,0,0,0,0,0,0,0,0,0,0,0,0,0,0,0,1952,1225,100,100,0,0,921,921,0,0,4,4,4,0,0,0,0,0,0,0,0,0
2026-05-17 20:56:13.246,9,30,320,240,153600,0.903512,3.47972,2.2507,22.507,0.862574,0,0,0,0,0,0.903564,0,1.08612,0.133333,0,0,0,0,0,0,0,0,0,0,4,4,4,0,0,0,0,5.02351,0.843146,0,1.58075,0.0104491
2026-05-17 20:56:13.322,10,30,320,240,153600,0.864969,3.72909,2.12473,23.372,0.824291,0,0,0,0,0,0.865126,0,0.992212,0.133333,0,0,0,0,0,0,0,0,0,0,4,4,4,0,0,0,0,5.02735,0.852778,0,1.58152,0.0104491
2026-05-17 20:56:13.402,11,30,320,240,153600,1.24534,3.95657,2.05144,24.6173,1.2031,0,0,0,0,0,1.2454,0,4.13771,0.133333,0,0,0,0,0,0,0,0,0,0,4,4,4,0,0,0,0,5.02121,0.846357,0,1.57998,0.0104491
2026-05-17 20:56:13.479,12,30,320,240,153600,1.00773,4.18485,1.97116,25.6251,0.967472,0,0,0,0,0,1.00784,0,1.16565,0.133333,0,0,0,0,0,0,0,0,0,0,4,4,4,0,0,0,0,5.02121,0.846357,0,1.57998,0.0104491
2026-05-17 20:56:13.554,13,30,320,240,153600,8.2313,4.38597,2.41831,33.8564,8.18697,0,0,0,0,0,8.23135,0,11.2277,0.133333,0,0,0,0,0,0,0,0,0,0,4,4,4,0,0,0,0,5.02888,0.843628,0,1.58306,0.0104491
2026-05-17 20:56:13.634,14,30,320,240,153600,1.03081,4.59851,2.32581,34.8872,0.993774,0,0,0,0,0,1.03086,0,1.14149,0.133333,0,0,0,0,0,0,0,0,0,0,4,4,4,0,0,0,0,5.02812,0.844431,0,1.57998,0.0104491
2026-05-17 20:56:13.717,0,0,0,0,0,0,0,0,0,0,0,0,0,0,0,0,0,0,0,1952,1226,98,100,0,0,921,921,0,0,4,4,4,0,0,0,0,0,0,0,0,0
2026-05-17 20:56:13.718,15,30,320,240,153600,3.49738,4.77923,2.39903,38.3845,3.4566,0,0,0,0,0,3.49753,0,3.77067,0.133333,0,0,0,0,0,0,0,0,0,0,4,4,4,0,0,0,0,5.02965,0.83817,0,1.58306,0.0104491
2026-05-17 20:56:13.790,16,30,320,240,153600,1.19748,4.97334,2.32835,39.582,1.15659,0,0,0,0,0,1.19753,0,1.43186,0.133333,0,0,0,0,0,0,0,0,0,0,4,4,4,0,0,0,0,5.02965,0.83817,0,1.58306,0.0104491
2026-05-17 20:56:13.866,17,30,320,240,153600,0.92471,5.152,2.25037,40.5067,0.884761,0,0,0,0,0,0.924814,0,1.03487,0.133333,0,0,0,0,0,0,0,0,0,0,4,4,4,0,0,0,0,5.02505,0.85037,0,1.58306,0.0104491
2026-05-17 20:56:13.942,18,30,320,240,153600,0.913617,5.3222,2.18002,41.4203,0.872678,0,0,0,0,0,0.913616,0,1.16654,0.133333,0,0,0,0,0,0,0,0,0,0,4,4,4,0,0,0,0,5.02275,0.846518,0,1.57998,0.0104491
2026-05-17 20:56:14.022,19,30,320,240,153600,0.915751,5.47978,2.1168,42.3361,0.875595,0,0,0,0,0,0.915752,0,1.02523,0.133333,0,0,0,0,0,0,0,0,0,0,4,4,4,0,0,0,0,5.02965,0.838812,0,1.57998,0.0104491
2026-05-17 20:56:14.098,20,30,320,240,153600,1.05372,5.6362,2.06618,43.3898,1.01336,0,0,0,0,0,1.05378,0,1.15518,0.133333,0,0,0,0,0,0,0,0,0,0,4,4,4,0,0,0,0,5.02965,0.838812,0,1.57998,0.0104491
2026-05-17 20:56:14.223,0,0,0,0,0,0,0,0,0,0,0,0,0,0,0,0,0,0,0,1952,1226,100,96,0,0,921,921,0,0,4,4,4,0,0,0,0,0,0,0,0,0
2026-05-17 20:56:14.179,21,30,320,240,153600,0.919659,5.78035,2.01407,44.3095,0.879657,0,0,0,0,0,0.919814,0,1.19112,0.133333,0,0,0,0,0,0,0,0,0,0,4,4,4,0,0,0,0,5.03195,0.866584,0,1.58306,0.0104491
2026-05-17 20:56:14.254,22,30,320,240,153600,0.913877,5.92512,1.96623,45.2234,0.87325,0,0,0,0,0,0.914085,0,1.02529,0.133333,0,0,0,0,0,0,0,0,0,0,4,4,4,0,0,0,0,5.03195,0.866584,0,1.58306,0.0104491
2026-05-17 20:56:14.331,23,30,320,240,153600,7.21106,6.05401,2.18477,52.4344,7.16986,0,0,0,0,0,7.21117,0,7.48992,0.133333,0,0,0,0,0,0,0,0,0,0,4,4,4,0,0,0,0,5.02275,0.847962,0,1.57921,0.0104491
2026-05-17 20:56:14.410,24,30,320,240,153600,0.885022,6.19152,2.13278,53.3194,0.846323,0,0,0,0,0,0.885126,0,1.01987,0.133333,0,0,0,0,0,0,0,0,0,0,4,4,4,0,0,0,0,5.02275,0.847962,0,1.57921,0.0104491
2026-05-17 20:56:14.487,25,30,320,240,153600,0.891012,6.32015,2.08502,54.2105,0.851271,0,0,0,0,0,0.89122,0,1.01398,0.133333,0,0,0,0,0,0,0,0,0,0,4,4,4,0,0,0,0,5.02658,0.855026,0,1.58075,0.0104491
2026-05-17 20:56:14.567,26,30,320,240,153600,5.408,6.43087,2.20809,59.6185,5.36722,0,0,0,0,0,5.40805,0,5.67879,0.133333,0,0,0,0,0,0,0,0,0,0,4,4,4,0,0,0,0,5.02658,0.855026,0,1.58075,0.0104491
2026-05-17 20:56:14.645,27,30,320,240,153600,1.98083,6.55134,2.19997,61.5993,1.93901,0,0,0,0,0,1.98093,0,2.26339,0.133333,0,0,0,0,0,0,0,0,0,0,4,4,4,0,0,0,0,5.02965,0.838812,0,1.57998,0.0104491
2026-05-17 20:56:14.724,0,0,0,0,0,0,0,0,0,0,0,0,0,0,0,0,0,0,0,1952,1227,97,97,0,0,921,921,0,0,4,4,4,0,0,0,0,0,0,0,0,0
2026-05-17 20:56:14.718,28,30,320,240,153600,0.913095,6.67308,2.1556,62.5124,0.872729,0,0,0,0,0,0.913147,0,1.02263,0.133333,0,0,0,0,0,0,0,0,0,0,4,4,4,0,0,0,0,5.02965,0.82918,0,1.58152,0.0104491
2026-05-17 20:56:14.798,29,30,320,240,153600,0.90372,6.77829,2.11387,63.4161,0.862469,0,0,0,0,0,0.903721,0,1.14435,0.133333,0,0,0,0,0,0,0,0,0,0,4,4,4,0,0,0,0,5.02965,0.82918,0,1.58152,0.0104491
2026-05-17 20:56:14.874,30,30,320,240,153600,0.914033,6.88617,2.07517,64.3301,0.874032,0,0,0,0,0,0.914137,0,0.992733,0.133333,0,0,0,0,0,0,0,0,0,0,4,4,4,0,0,0,0,5.02888,0.822438,0,1.58152,0.0104491
2026-05-17 20:56:14.955,31,30,320,240,153600,4.97851,6.97759,2.16589,69.3086,4.93752,0,0,0,0,0,4.97861,0,5.27872,0.133333,0,0,0,0,0,0,0,0,0,0,4,4,4,0,0,0,0,5.02888,0.820833,0,1.58152,0.0104491
2026-05-17 20:56:15.031,32,30,320,240,153600,1.08951,7.08446,2.13328,70.3981,1.05039,0,0,0,0,0,1.08956,0,1.21857,0.133333,0,0,0,0,0,0,0,0,0,0,4,4,4,0,0,0,0,5.03272,0.827094,0,1.58152,0.0104491
2026-05-17 20:56:15.106,33,30,320,240,153600,1.45764,7.17848,2.11341,71.8558,1.41472,0,0,0,0,0,1.45769,0,3.5891,0.133333,0,0,0,0,0,0,0,0,0,0,4,4,4,0,0,0,0,5.03272,0.827094,0,1.58152,0.0104491
2026-05-17 20:56:15.224,0,0,0,0,0,0,0,0,0,0,0,0,0,0,0,0,0,0,0,1952,1226,100,98,0,0,921,921,0,0,4,4,4,0,0,0,0,0,0,0,0,0
2026-05-17 20:56:15.263,35,30,320,240,153600,1.39852,7.36112,2.06028,74.1699,1.34701,0,0,0,0,0,1.39858,0,1.72009,0.133333,0,0,0,0,0,0,0,0,0,0,4,4,4,0,0,0,0,5.03195,0.807188,0,1.58229,0.0104491
2026-05-17 20:56:15.342,36,30,320,240,153600,0.909658,7.44477,2.02918,75.0796,0.86799,0,0,0,0,0,0.90971,0,1.15899,0.133333,0,0,0,0,0,0,0,0,0,0,4,4,4,0,0,0,0,5.03272,0.806546,0,1.58152,0.0104491
2026-05-17 20:56:15.419,37,30,320,240,153600,0.940804,7.53094,2.00054,76.0204,0.89971,0,0,0,0,0,0.940857,0,1.04622,0.133333,0,0,0,0,0,0,0,0,0,0,4,4,4,0,0,0,0,5.03272,0.806546,0,1.58152,0.0104491
2026-05-17 20:56:15.495,38,30,320,240,153600,0.913043,7.61046,1.97265,76.9334,0.870542,0,0,0,0,0,0.913096,0,3.72134,0.133333,0,0,0,0,0,0,0,0,0,0,4,4,4,0,0,0,0,5.03195,0.800606,0,1.58152,0.0104491
2026-05-17 20:56:15.575,39,30,320,240,153600,1.45431,7.68873,1.95969,78.3877,1.41602,0,0,0,0,0,1.45431,0,1.57582,0.133333,0,0,0,0,0,0,0,0,0,0,4,4,4,0,0,0,0,5.03272,0.807188,0,1.57998,0.0104491
2026-05-17 20:56:15.725,0,0,0,0,0,0,0,0,0,0,0,0,0,0,0,0,0,0,0,1952,1226,98,100,0,0,921,921,0,0,4,4,4,0,0,0,0,0,0,0,0,0
2026-05-17 20:56:15.651,40,30,320,240,153600,1.05206,7.76804,1.93756,79.4398,1.00117,0,0,0,0,0,1.05216,0,1.18425,0.133333,0,0,0,0,0,0,0,0,0,0,4,4,4,0,0,0,0,5.03502,0.805422,0,1.58306,0.0104491
2026-05-17 20:56:15.731,41,30,320,240,153600,1.38337,7.83823,1.92436,80.8231,1.34363,0,0,0,0,0,1.38347,0,1.50946,0.133333,0,0,0,0,0,0,0,0,0,0,4,4,4,0,0,0,0,5.03502,0.805422,0,1.58306,0.0104491
2026-05-17 20:56:15.807,42,30,320,240,153600,1.65796,7.91176,1.91817,82.4811,1.61801,0,0,0,0,0,1.65801,0,2.01192,0.133333,0,0,0,0,0,0,0,0,0,0,4,4,4,0,0,0,0,5.02888,0.790653,0,1.58383,0.0104491
2026-05-17 20:56:15.883,43,30,320,240,153600,0.912731,7.98573,1.89531,83.3938,0.873459,0,0,0,0,0,0.912835,0,1.01737,0.133333,0,0,0,0,0,0,0,0,0,0,4,4,4,0,0,0,0,5.02812,0.806867,0,1.58306,0.0104491
2026-05-17 20:56:15.963,44,30,320,240,153600,1.42634,8.04929,1.88489,84.8202,1.3854,0,0,0,0,0,1.42639,0,1.69291,0.133333,0,0,0,0,0,0,0,0,0,0,4,4,4,0,0,0,0,5.03042,0.827415,0,1.58075,0.0104491
2026-05-17 20:56:16.039,45,30,320,240,153600,2.72184,8.11614,1.90309,87.542,2.68017,0,0,0,0,0,2.72189,0,2.86445,0.133333,0,0,0,0,0,0,0,0,0,0,4,4,4,0,0,0,0,5.02658,0.82613,0,1.58152,0.0104491
2026-05-17 20:56:16.225,0,0,0,0,0,0,0,0,0,0,0,0,0,0,0,0,0,0,0,1952,1226,100,98,0,0,921,921,0,0,4,4,4,0,0,0,0,0,0,0,0,0
2026-05-17 20:56:16.119,46,30,320,240,153600,1.2529,8.17026,1.88925,88.7949,1.20279,0,0,0,0,0,1.25305,0,7.62404,0.133333,0,0,0,0,0,0,0,0,0,0,4,4,4,0,0,0,0,5.02965,0.830786,0,1.58152,0.0104491
2026-05-17 20:56:16.197,47,30,320,240,153600,1.13852,8.2404,1.87361,89.9334,1.0969,0,0,0,0,0,1.13857,0,1.23368,0.133333,0,0,0,0,0,0,0,0,0,0,4,4,4,0,0,0,0,5.02965,0.830786,0,1.58152,0.0104491
2026-05-17 20:56:16.271,48,30,320,240,153600,1.00154,8.30759,1.85582,90.935,0.959295,0,0,0,0,0,1.00164,0,1.14289,0.133333,0,0,0,0,0,0,0,0,0,0,4,4,4,0,0,0,0,5.02965,0.842986,0,1.58152,0.0104491
2026-05-17 20:56:16.351,49,30,320,240,153600,1.2343,8.36375,1.84339,92.1693,1.19378,0,0,0,0,0,1.2344,0,1.35847,0.133333,0,0,0,0,0,0,0,0,0,0,4,4,4,0,0,0,0,5.02735,0.852618,0,1.58075,0.0104491
2026-05-17 20:56:16.427,50,30,320,240,153600,0.866949,8.42425,1.82424,93.0362,0.799603,0,0,0,0,0,0.867104,0,1.12409,0.133333,0,0,0,0,0,0,0,0,0,0,4,4,4,0,0,0,0,5.02735,0.852618,0,1.58075,0.0104491
2026-05-17 20:56:16.507,51,30,320,240,153600,0.86648,8.47753,1.80582,93.9027,0.826427,0,0,0,0,0,0.866532,0,1.05617,0.133333,0,0,0,0,0,0,0,0,0,0,4,4,4,0,0,0,0,5.02658,0.848604,0,1.58075,0.0104491
2026-05-17 20:56:16.659,53,30,320,240,153600,0.850854,8.59075,1.77065,95.615,0.809447,0,0,0,0,0,0.850906,0,0.984452,0.133333,0,0,0,0,0,0,0,0,0,0,4,4,4,0,0,0,0,5.02198,0.865139,0,1.58383,0.0104491
2026-05-17 20:56:16.726,0,0,0,0,0,0,0,0,0,0,0,0,0,0,0,0,0,0,0,1952,1227,100,100,0,0,921,921,0,0,4,4,4,0,0,0,0,0,0,0,0,0
2026-05-17 20:56:16.739,54,30,320,240,153600,1.11784,8.6392,1.75878,96.7329,1.07081,0,0,0,0,0,1.118,0,1.47634,0.133333,0,0,0,0,0,0,0,0,0,0,4,4,4,0,0,0,0,5.03042,0.841702,0,1.58383,0.0104491
2026-05-17 20:56:16.815,55,30,320,240,153600,1.23732,8.69264,1.74947,97.9702,1.19675,0,0,0,0,0,1.23732,0,1.36076,0.133333,0,0,0,0,0,0,0,0,0,0,4,4,4,0,0,0,0,5.03042,0.841702,0,1.58383,0.0104491
2026-05-17 20:56:16.971,57,30,320,240,153600,1.18357,8.79007,1.90338,110.396,1.14367,0,0,0,0,0,1.18362,0,1.47061,0.133333,0,0,0,0,0,0,0,0,0,0,4,4,4,0,0,0,0,5.03195,0.864657,0,1.58383,0.0104491
2026-05-17 20:56:17.047,58,30,320,240,153600,0.907158,8.84036,1.88649,111.303,0.865542,0,0,0,0,0,0.907262,0,1.03654,0.133333,0,0,0,0,0,0,0,0,0,0,4,4,4,0,0,0,0,5.02581,0.842344,0,1.58152,0.0104491
2026-05-17 20:56:17.127,59,30,320,240,153600,0.909033,8.88383,1.8702,112.212,0.866271,0,0,0,0,0,0.909085,0,1.01419,0.133333,0,0,0,0,0,0,0,0,0,0,4,4,4,0,0,0,0,5.02581,0.842344,0,1.58152,0.0104491
2026-05-17 20:56:17.230,0,0,0,0,0,0,0,0,0,0,0,0,0,0,0,0,0,0,0,1952,1228,100,100,0,0,921,921,0,0,4,4,4,0,0,0,0,0,0,0,0,0
2026-05-17 20:56:17.203,60,30,320,240,153600,0.904033,8.93136,1.85436,113.116,0.86299,0,0,0,0,0,0.904137,0,1.01279,0.133333,0,0,0,0,0,0,0,0,0,0,4,4,4,0,0,0,0,5.02888,0.855347,0,1.58075,0.0104491
2026-05-17 20:56:17.359,62,30,320,240,153600,0.908356,9.01802,1.82441,114.938,0.867261,0,0,0,0,0,0.90846,0,1.15972,0.133333,0,0,0,0,0,0,0,0,0,0,4,4,4,0,0,0,0,5.02351,0.872202,0,1.58229,0.0104491
2026-05-17 20:56:17.439,63,30,320,240,153600,0.915335,9.05746,1.8102,115.853,0.874553,0,0,0,0,0,0.915388,0,1.17154,0.133333,0,0,0,0,0,0,0,0,0,0,4,4,4,0,0,0,0,5.02351,0.877339,0,1.58383,0.0104491
2026-05-17 20:56:17.521,64,30,320,240,153600,0.907106,9.09259,1.79631,116.76,0.866167,0,0,0,0,0,0.907157,0,1.02435,0.133333,0,0,0,0,0,0,0,0,0,0,4,4,4,0,0,0,0,5.02351,0.877339,0,1.58383,0.0104491
2026-05-17 20:56:17.671,66,30,320,240,153600,0.904605,9.18061,1.77878,119.178,0.864449,0,0,0,0,0,0.904658,0,1.1617,0.133333,0,0,0,0,0,0,0,0,0,0,4,4,4,0,0,0,0,5.02351,0.865139,0,1.58306,0.0104491
2026-05-17 20:56:17.734,0,0,0,0,0,0,0,0,0,0,0,0,0,0,0,0,0,0,0,1952,1222,97,100,0,0,921,921,0,0,4,4,4,0,0,0,0,0,0,0,0,0
2026-05-17 20:56:17.747,67,30,320,240,153600,0.895543,9.21845,1.76579,120.074,0.854344,0,0,0,0,0,0.895595,0,3.65655,0.133333,0,0,0,0,0,0,0,0,0,0,4,4,4,0,0,0,0,5.02658,0.873326,0,1.58152,0.0104491
2026-05-17 20:56:17.827,68,30,320,240,153600,0.907679,9.25692,1.75336,120.982,0.865751,0,0,0,0,0,0.907783,0,1.02346,0.133333,0,0,0,0,0,0,0,0,0,0,4,4,4,0,0,0,0,5.02658,0.873326,0,1.58152,0.0104491
2026-05-17 20:56:17.905,69,30,320,240,153600,0.935752,9.29351,1.74168,121.917,0.893355,0,0,0,0,0,0.935804,0,1.03706,0.133333,0,0,0,0,0,0,0,0,0,0,4,4,4,0,0,0,0,5.02658,0.883439,0,1.58152,0.0104491
2026-05-17 20:56:17.984,70,30,320,240,153600,0.983254,9.32786,1.731,122.901,0.917054,0,0,0,0,0,0.983253,0,1.09091,0.133333,0,0,0,0,0,0,0,0,0,0,4,4,4,0,0,0,0,5.02658,0.883439,0,1.58152,0.0104491
2026-05-17 20:56:18.059,71,30,320,240,153600,0.96268,9.36713,1.72032,123.863,0.908408,0,0,0,0,0,0.962785,0,1.13404,0.133333,0,0,0,0,0,0,0,0,0,0,4,4,4,0,0,0,0,5.02275,0.876537,0,1.58075,0.0104491
2026-05-17 20:56:18.135,72,30,320,240,153600,1.64098,9.40384,1.71924,125.504,1.60145,0,0,0,0,0,1.64108,0,1.87781,0.133333,0,0,0,0,0,0,0,0,0,0,4,4,4,0,0,0,0,5.02965,0.880871,0,1.58229,0.0104491
2026-05-17 20:56:18.236,0,0,0,0,0,0,0,0,0,0,0,0,0,0,0,0,0,0,0,1952,1222,96,100,0,0,921,921,0,0,4,4,4,0,0,0,0,0,0,0,0,0
2026-05-17 20:56:18.291,74,30,320,240,153600,1.03799,9.47182,1.70812,128.109,0.998931,0,0,0,0,0,1.03805,0,1.32024,0.133333,0,0,0,0,0,0,0,0,0,0,4,4,4,0,0,0,0,5.02428,0.878302,0,1.58229,0.0104491
2026-05-17 20:56:18.367,75,30,320,240,153600,1.37509,9.50666,1.70374,129.484,1.33274,0,0,0,0,0,1.37519,0,1.52009,0.133333,0,0,0,0,0,0,0,0,0,0,4,4,4,0,0,0,0,5.03042,0.875092,0,1.58152,0.0104491
2026-05-17 20:56:18.449,76,30,320,240,153600,0.955232,9.52667,1.69402,130.439,0.893772,0,0,0,0,0,0.955284,0,6.86704,0.133333,0,0,0,0,0,0,0,0,0,0,4,4,4,0,0,0,0,5.02658,0.875573,0,1.58229,0.0104491
2026-05-17 20:56:18.523,77,30,320,240,153600,1.01221,9.56742,1.68527,131.451,0.971534,0,0,0,0,0,1.01226,0,3.78108,0.133333,0,0,0,0,0,0,0,0,0,0,4,4,4,0,0,0,0,5.02658,0.875573,0,1.58229,0.0104491
2026-05-17 20:56:18.603,78,30,320,240,153600,0.928513,9.59915,1.67569,132.38,0.887366,0,0,0,0,0,0.928616,0,1.04404,0.133333,0,0,0,0,0,0,0,0,0,0,4,4,4,0,0,0,0,5.02965,0.872202,0,1.58152,0.0104491
2026-05-17 20:56:18.681,79,30,320,240,153600,0.985701,9.62387,1.66707,133.366,0.944919,0,0,0,0,0,0.985805,0,4.98351,0.133333,0,0,0,0,0,0,0,0,0,0,4,4,4,0,0,0,0,5.02658,0.868189,0,1.58229,0.0104491
2026-05-17 20:56:18.738,0,0,0,0,0,0,0,0,0,0,0,0,0,0,0,0,0,0,0,1952,1223,100,100,0,0,921,921,0,0,4,4,4,0,0,0,0,0,0,0,0,0
2026-05-17 20:56:18.757,80,30,320,240,153600,1.00997,9.66083,1.65896,134.376,0.97091,0,0,0,0,0,1.01002,0,1.10508,0.133333,0,0,0,0,0,0,0,0,0,0,4,4,4,0,0,0,0,5.02965,0.867868,0,1.58306,0.0104491
2026-05-17 20:56:18.835,81,30,320,240,153600,0.91195,9.69049,1.64985,135.288,0.871688,0,0,0,0,0,0.912001,0,1.02039,0.133333,0,0,0,0,0,0,0,0,0,0,4,4,4,0,0,0,0,5.03195,0.868671,0,1.58306,0.0104491
2026-05-17 20:56:18.911,82,30,320,240,153600,0.879605,9.72141,1.64057,136.167,0.838406,0,0,0,0,0,0.879657,0,0.964764,0.133333,0,0,0,0,0,0,0,0,0,0,4,4,4,0,0,0,0,5.03195,0.868671,0,1.58306,0.0104491
2026-05-17 20:56:18.991,83,30,320,240,153600,0.910335,9.74702,1.63187,137.077,0.869918,0,0,0,0,0,0.910387,0,1.16633,0.133333,0,0,0,0,0,0,0,0,0,0,4,4,4,0,0,0,0,5.02735,0.867386,0,1.58306,0.0104491
2026-05-17 20:56:19.143,85,30,320,240,153600,0.920335,9.80598,1.61528,138.914,0.879085,0,0,0,0,0,0.920387,0,1.00216,0.133333,0,0,0,0,0,0,0,0,0,0,4,4,4,0,0,0,0,5.03425,0.867226,0,1.58229,0.0104491
2026-05-17 20:56:19.240,0,0,0,0,0,0,0,0,0,0,0,0,0,0,0,0,0,0,0,1952,1223,98,98,0,0,921,921,0,0,4,4,4,0,0,0,0,0,0,0,0,0
2026-05-17 20:56:19.299,87,30,320,240,153600,0.979243,9.85852,1.60093,140.882,0.926898,0,0,0,0,0,0.979295,0,1.38675,0.133333,0,0,0,0,0,0,0,0,0,0,4,4,4,0,0,0,0,5.03502,0.873326,0,1.58152,0.0104491
2026-05-17 20:56:19.379,88,30,320,240,153600,1.37003,9.88166,1.59833,142.252,1.33071,0,0,0,0,0,1.37009,0,1.64124,0.133333,0,0,0,0,0,0,0,0,0,0,4,4,4,0,0,0,0,5.03502,0.853099,0,1.58229,0.0104491
2026-05-17 20:56:19.457,89,30,320,240,153600,0.883772,9.90687,1.59039,143.135,0.84325,0,0,0,0,0,0.883928,0,0.966117,0.133333,0,0,0,0,0,0,0,0,0,0,4,4,4,0,0,0,0,5.03272,0.83817,0,1.58306,0.0104491
2026-05-17 20:56:19.533,90,30,320,240,153600,3.31633,9.92694,1.60936,146.452,1.83275,0,0,0,0,0,3.31644,0,7.3218,0.133333,0,0,0,0,0,0,0,0,0,0,4,4,4,0,0,0,0,5.03272,0.83817,0,1.58306,0.0104491
2026-05-17 20:56:19.611,91,30,320,240,153600,0.916533,9.95881,1.60183,147.368,0.875438,0,0,0,0,0,0.916585,0,1.17435,0.133333,0,0,0,0,0,0,0,0,0,0,4,4,4,0,0,0,0,5.02198,0.851976,0,1.58229,0.0104491
2026-05-17 20:56:19.687,92,30,320,240,153600,0.860074,9.98504,1.59385,148.228,0.821427,0,0,0,0,0,0.860125,0,0.986691,0.133333,0,0,0,0,0,0,0,0,0,0,4,4,4,0,0,0,0,5.02198,0.851976,0,1.58229,0.0104491
2026-05-17 20:56:19.742,0,0,0,0,0,0,0,0,0,0,0,0,0,0,0,0,0,0,0,1952,1223,100,100,0,0,921,921,0,0,4,4,4,0,0,0,0,0,0,0,0,0
2026-05-17 20:56:19.767,93,30,320,240,153600,0.951847,10.0064,1.58702,149.18,0.91122,0,0,0,0,0,0.951898,0,1.06159,0.133333,0,0,0,0,0,0,0,0,0,0,4,4,4,0,0,0,0,5.03118,0.846999,0,1.58152,0.0104491
2026-05-17 20:56:19.845,94,30,320,240,153600,1.14612,10.0285,1.58238,150.326,1.1068,0,0,0,0,0,1.14617,0,1.29196,0.133333,0,0,0,0,0,0,0,0,0,0,4,4,4,0,0,0,0,5.02965,0.860163,0,1.57921,0.0104491
2026-05-17 20:56:19.919,95,30,320,240,153600,8.2002,10.0462,1.65132,158.527,8.15754,0,0,0,0,0,8.20025,0,10.9706,0.133333,0,0,0,0,0,0,0,0,0,0,4,4,4,0,0,0,0,5.02965,0.860163,0,1.57921,0.0104491
2026-05-17 20:56:19.999,96,30,320,240,153600,0.938929,10.0769,1.64397,159.465,0.898668,0,0,0,0,0,0.938981,0,1.05221,0.133333,0,0,0,0,0,0,0,0,0,0,4,4,4,0,0,0,0,5.02428,0.860323,0,1.58152,0.0104491
2026-05-17 20:56:20.075,97,30,320,240,153600,1.47873,10.1003,1.64229,160.944,1.43832,0,0,0,0,0,1.47879,0,1.74911,0.133333,0,0,0,0,0,0,0,0,0,0,4,4,4,0,0,0,0,5.02965,0.852457,0,1.58229,0.0104491
2026-05-17 20:56:20.155,98,30,320,240,153600,0.904501,10.1206,1.63484,161.849,0.86424,0,0,0,0,0,0.904658,0,1.03971,0.133333,0,0,0,0,0,0,0,0,0,0,4,4,4,0,0,0,0,5.02121,0.851494,0,1.58306,0.0104491
2026-05-17 20:56:20.250,0,0,0,0,0,0,0,0,0,0,0,0,0,0,0,0,0,0,0,1952,1223,100,100,0,0,921,921,0,0,4,4,4,0,0,0,0,0,0,0,0,0
2026-05-17 20:56:20.307,100,30,320,240,153600,0.904761,10.1671,1.62505,164.13,0.86299,0,0,0,0,0,0.904814,0,1.04638,0.133333,0,0,0,0,0,0,0,0,0,0,4,4,4,0,0,0,0,5.02812,0.855989,0,1.58075,0.0104491
2026-05-17 20:56:20.387,101,30,320,240,153600,1.36269,10.1853,1.62248,165.493,1.32253,0,0,0,0,0,1.36274,0,1.48108,0.133333,0,0,0,0,0,0,0,0,0,0,4,4,4,0,0,0,0,5.01968,0.839936,0,1.58152,0.0104491
2026-05-17 20:56:20.463,102,30,320,240,153600,1.38389,10.2008,1.62016,166.877,1.34284,0,0,0,0,0,1.38399,0,8.26125,0.133333,0,0,0,0,0,0,0,0,0,0,4,4,4,0,0,0,0,5.01968,0.839936,0,1.58152,0.0104491
2026-05-17 20:56:20.619,104,30,320,240,153600,0.907366,10.2479,1.60656,168.688,0.866324,0,0,0,0,0,0.907367,0,1.07216,0.133333,0,0,0,0,0,0,0,0,0,0,4,4,4,0,0,0,0,5.03272,0.852778,0,1.5846,0.0104491
2026-05-17 20:56:20.753,0,0,0,0,0,0,0,0,0,0,0,0,0,0,0,0,0,0,0,1952,1223,98,98,0,0,921,921,0,0,4,4,4,0,0,0,0,0,0,0,0,0
2026-05-17 20:56:20.695,105,30,320,240,153600,0.865438,10.2692,1.59956,169.554,0.825281,0,0,0,0,0,0.86549,0,1.14206,0.133333,0,0,0,0,0,0,0,0,0,0,4,4,4,0,0,0,0,5.02812,0.85936,0,1.58383,0.0104491
2026-05-17 20:56:20.775,106,30,320,240,153600,1.35477,10.286,1.59728,170.909,1.31524,0,0,0,0,0,1.35482,0,1.47988,0.133333,0,0,0,0,0,0,0,0,0,0,4,4,4,0,0,0,0,5.02888,0.852618,0,1.58383,0.0104491
2026-05-17 20:56:20.857,107,30,320,240,153600,0.901376,10.3007,1.59083,171.81,0.860646,0,0,0,0,0,0.901429,0,1.04247,0.133333,0,0,0,0,0,0,0,0,0,0,4,4,4,0,0,0,0,5.02888,0.852618,0,1.58383,0.0104491
2026-05-17 20:56:20.931,108,30,320,240,153600,1.58905,10.323,1.59082,173.399,1.5367,0,0,0,0,0,1.5891,0,1.91447,0.133333,0,0,0,0,0,0,0,0,0,0,4,4,4,0,0,0,0,5.02888,0.852618,0,1.58383,0.0104491
2026-05-17 20:56:21.007,109,30,320,240,153600,1.48134,10.3435,1.58982,174.88,1.44066,0,0,0,0,0,1.48139,0,1.76385,0.133333,0,0,0,0,0,0,0,0,0,0,4,4,4,0,0,0,0,5.02735,0.880229,0,1.5846,0.0104491
2026-05-17 20:56:21.083,110,30,320,240,153600,1.08654,10.3639,1.58529,175.967,1.04716,0,0,0,0,0,1.08659,0,1.31456,0.133333,0,0,0,0,0,0,0,0,0,0,4,4,4,0,0,0,0,5.02735,0.880229,0,1.5846,0.0104491
2026-05-17 20:56:21.163,111,30,320,240,153600,1.07935,10.3798,1.58077,177.046,1.03726,0,0,0,0,0,1.0794,0,1.21868,0.133333,0,0,0,0,0,0,0,0,0,0,4,4,4,0,0,0,0,5.03042,0.879426,0,1.58768,0.0104491
2026-05-17 20:56:21.254,0,0,0,0,0,0,0,0,0,0,0,0,0,0,0,0,0,0,0,1952,1223,100,100,0,0,921,921,0,0,4,4,4,0,0,0,0,0,0,0,0,0
2026-05-17 20:56:21.239,112,30,320,240,153600,0.926586,10.3993,1.57498,177.973,0.885126,0,0,0,0,0,0.926638,0,1.17513,0.133333,0,0,0,0,0,0,0,0,0,0,4,4,4,0,0,0,0,5.03042,0.879426,0,1.58768,0.0104491
2026-05-17 20:56:21.319,113,30,320,240,153600,1.34894,10.4142,1.573,179.322,1.30831,0,0,0,0,0,1.34899,0,1.614,0.133333,0,0,0,0,0,0,0,0,0,0,4,4,4,0,0,0,0,5.03732,0.875252,0,1.58383,0.0104491
2026-05-17 20:56:21.395,114,30,320,240,153600,0.960284,10.4336,1.56767,180.282,0.920856,0,0,0,0,0,0.96044,0,1.08784,0.133333,0,0,0,0,0,0,0,0,0,0,4,4,4,0,0,0,0,5.03732,0.875252,0,1.58383,0.0104491
2026-05-17 20:56:21.475,115,30,320,240,153600,0.980858,10.4485,1.56261,181.263,0.913356,0,0,0,0,0,0.980857,0,1.1043,0.133333,0,0,0,0,0,0,0,0,0,0,4,4,4,0,0,0,0,5.03885,0.871881,0,1.58229,0.0104491
2026-05-17 20:56:21.551,116,30,320,240,153600,1.04034,10.4646,1.55815,182.303,0.920179,0,0,0,0,0,1.04039,0,3.60123,0.133333,0,0,0,0,0,0,0,0,0,0,4,4,4,0,0,0,0,5.04039,0.867065,0,1.5846,0.0104491
2026-05-17 20:56:21.627,117,30,320,240,153600,0.913721,10.485,1.55269,183.217,0.873407,0,0,0,0,0,0.913772,0,1.16873,0.133333,0,0,0,0,0,0,0,0,0,0,4,4,4,0,0,0,0,5.04806,0.8714,0,1.58614,0.0104491
2026-05-17 20:56:21.756,0,0,0,0,0,0,0,0,0,0,0,0,0,0,0,0,0,0,0,1952,1222,100,100,0,0,921,921,0,0,4,4,4,0,0,0,0,0,0,0,0,0
2026-05-17 20:56:21.709,118,30,320,240,153600,0.9057,10.4932,1.54725,184.123,0.863979,0,0,0,0,0,0.905804,0,5.01283,0.133333,0,0,0,0,0,0,0,0,0,0,4,4,4,0,0,0,0,5.04806,0.8714,0,1.58614,0.0104491
2026-05-17 20:56:21.783,119,30,320,240,153600,7.0334,10.5113,1.59297,191.156,6.9909,0,0,0,0,0,7.03351,0,7.27513,0.133333,0,0,0,0,0,0,0,0,0,0,4,4,4,0,0,0,0,5.03809,0.837688,0,1.58229,0.0104491
2026-05-17 20:56:21.863,120,30,320,240,153600,4.0088,10.5276,1.61293,195.165,3.94744,0,0,0,0,0,4.0089,0,4.09276,0.133333,0,0,0,0,0,0,0,0,0,0,4,4,4,0,0,0,0,5.03732,0.835602,0,1.5846,0.0104491
2026-05-17 20:56:21.939,121,30,320,240,153600,0.921064,10.548,1.60726,196.086,0.879658,0,0,0,0,0,0.921117,0,1.19269,0.133333,0,0,0,0,0,0,0,0,0,0,4,4,4,0,0,0,0,5.03732,0.834157,0,1.5846,0.0104491
2026-05-17 20:56:22.015,122,30,320,240,153600,1.51676,10.5645,1.60653,197.603,1.47733,0,0,0,0,0,1.51681,0,1.68645,0.133333,0,0,0,0,0,0,0,0,0,0,4,4,4,0,0,0,0,5.03732,0.834157,0,1.5846,0.0104491
2026-05-17 20:56:22.095,123,30,320,240,153600,0.920022,10.5724,1.60099,198.523,0.879761,0,0,0,0,0,0.920075,0,7.71785,0.133333,0,0,0,0,0,0,0,0,0,0,4,4,4,0,0,0,0,5.03425,0.833194,0,1.58306,0.0104491
2026-05-17 20:56:22.171,124,30,320,240,153600,0.987733,10.5949,1.59608,199.51,0.949398,0,0,0,0,0,0.987889,0,1.09815,0.133333,0,0,0,0,0,0,0,0,0,0,4,4,4,0,0,0,0,5.03425,0.833194,0,1.58306,0.0104491
2026-05-17 20:56:22.258,0,0,0,0,0,0,0,0,0,0,0,0,0,0,0,0,0,0,0,1952,1222,98,100,0,0,921,921,0,0,4,4,4,0,0,0,0,0,0,0,0,0
2026-05-17 20:56:22.251,125,30,320,240,153600,1.4304,10.6074,1.59477,200.941,1.38691,0,0,0,0,0,1.43045,0,1.55785,0.133333,0,0,0,0,0,0,0,0,0,0,4,4,4,0,0,0,0,5.03425,0.833033,0,1.58537,0.0104491
2026-05-17 20:56:22.327,126,30,320,240,153600,0.944815,10.624,1.58965,201.886,0.904241,0,0,0,0,0,0.944867,0,1.08482,0.133333,0,0,0,0,0,0,0,0,0,0,4,4,4,0,0,0,0,5.03425,0.833033,0,1.58537,0.0104491
2026-05-17 20:56:22.403,127,30,320,240,153600,0.90148,10.6401,1.58427,202.787,0.862574,0,0,0,0,0,0.901637,0,0.999973,0.133333,0,0,0,0,0,0,0,0,0,0,4,4,4,0,0,0,0,5.03195,0.83223,0,1.58229,0.0104491
2026-05-17 20:56:22.483,128,30,320,240,153600,0.947419,10.6522,1.57934,203.735,0.899449,0,0,0,0,0,0.947472,0,1.17394,0.133333,0,0,0,0,0,0,0,0,0,0,4,4,4,0,0,0,0,5.03195,0.83223,0,1.58229,0.0104491
2026-05-17 20:56:22.559,129,30,320,240,153600,0.928877,10.6678,1.57433,204.663,0.874917,0,0,0,0,0,0.929138,0,1.1881,0.133333,0,0,0,0,0,0,0,0,0,0,4,4,4,0,0,0,0,5.03502,0.832552,0,1.58614,0.0104491
2026-05-17 20:56:22.639,130,30,320,240,153600,0.922575,10.6799,1.56936,205.586,0.881689,0,0,0,0,0,0.922627,0,1.03117,0.133333,0,0,0,0,0,0,0,0,0,0,4,4,4,0,0,0,0,5.03272,0.838973,0,1.5846,0.0104491
2026-05-17 20:56:22.715,131,30,320,240,153600,0.912522,10.6951,1.56438,206.498,0.872782,0,0,0,0,0,0.912575,0,1.15388,0.133333,0,0,0,0,0,0,0,0,0,0,4,4,4,0,0,0,0,5.03272,0.838973,0,1.5846,0.0104491
2026-05-17 20:56:22.760,0,0,0,0,0,0,0,0,0,0,0,0,0,0,0,0,0,0,0,1952,1222,97,100,0,0,921,921,0,0,4,4,4,0,0,0,0,0,0,0,0,0
2026-05-17 20:56:22.791,132,30,320,240,153600,0.880803,10.7102,1.55924,207.379,0.842312,0,0,0,0,0,0.880803,0,1.00279,0.133333,0,0,0,0,0,0,0,0,0,0,4,4,4,0,0,0,0,5.03425,0.84106,0,1.5846,0.0104491
2026-05-17 20:56:22.871,133,30,320,240,153600,1.47415,10.7212,1.55861,208.853,1.43358,0,0,0,0,0,1.4742,0,1.59629,0.133333,0,0,0,0,0,0,0,0,0,0,4,4,4,0,0,0,0,5.03272,0.836083,0,1.58537,0.0104491
2026-05-17 20:56:22.947,134,30,320,240,153600,0.90747,10.7364,1.55378,209.761,0.866271,0,0,0,0,0,0.907471,0,1.00945,0.133333,0,0,0,0,0,0,0,0,0,0,4,4,4,0,0,0,0,5.03042,0.834157,0,1.58845,0.0104491
2026-05-17 20:56:23.027,135,30,320,240,153600,0.930075,10.7454,1.5492,210.691,0.88799,0,0,0,0,0,0.930179,0,3.64348,0.133333,0,0,0,0,0,0,0,0,0,0,4,4,4,0,0,0,0,5.03118,0.838491,0,1.5846,0.0104491
2026-05-17 20:56:23.103,136,30,320,240,153600,0.92096,10.762,1.54461,211.612,0.880699,0,0,0,0,0,0.921065,0,1.03596,0.133333,0,0,0,0,0,0,0,0,0,0,4,4,4,0,0,0,0,5.03118,0.838491,0,1.5846,0.0104491
2026-05-17 20:56:23.264,0,0,0,0,0,0,0,0,0,0,0,0,0,0,0,0,0,0,0,1952,1222,98,100,0,0,921,921,0,0,4,4,4,0,0,0,0,0,0,0,0,0
2026-05-17 20:56:23.181,137,30,320,240,153600,0.881063,10.7739,1.5398,212.493,0.842312,0,0,0,0,0,0.881116,0,1.00081,0.133333,0,0,0,0,0,0,0,0,0,0,4,4,4,0,0,0,0,5.02888,0.84106,0,1.58383,0.0104491
2026-05-17 20:56:23.259,138,30,320,240,153600,0.870646,10.7847,1.53499,213.364,0.830802,0,0,0,0,0,0.870647,0,3.68618,0.133333,0,0,0,0,0,0,0,0,0,0,4,4,4,0,0,0,0,5.03579,0.830465,0,1.58614,0.0104491
2026-05-17 20:56:23.337,139,30,320,240,153600,1.39321,10.7947,1.53398,214.757,1.3493,0,0,0,0,0,1.39326,0,5.67347,0.133333,0,0,0,0,0,0,0,0,0,0,4,4,4,0,0,0,0,5.03042,0.847641,0,1.58537,0.0104491
2026-05-17 20:56:23.415,140,30,320,240,153600,14.9264,10.7996,1.62896,229.683,14.8867,0,0,0,0,0,14.9264,0,15.0535,0.133333,0,0,0,0,0,0,0,0,0,0,4,4,4,0,0,0,0,5.03042,0.847641,0,1.58537,0.0104491
2026-05-17 20:56:23.491,141,30,320,240,153600,0.894449,10.8248,1.62379,230.578,0.854969,0,0,0,0,0,0.894501,0,1.02779,0.133333,0,0,0,0,0,0,0,0,0,0,4,4,4,0,0,0,0,5.02888,0.832873,0,1.5846,0.0104491
2026-05-17 20:56:23.567,142,30,320,240,153600,0.890855,10.8381,1.61866,231.469,0.850385,0,0,0,0,0,0.890907,0,1.0944,0.133333,0,0,0,0,0,0,0,0,0,0,4,4,4,0,0,0,0,5.02888,0.832873,0,1.5846,0.0104491
2026-05-17 20:56:23.647,143,30,320,240,153600,0.98143,10.8482,1.61424,232.45,0.939503,0,0,0,0,0,0.981587,0,1.10654,0.133333,0,0,0,0,0,0,0,0,0,0,4,4,4,0,0,0,0,5.02888,0.832873,0,1.5846,0.0104491
2026-05-17 20:56:23.797,0,0,0,0,0,0,0,0,0,0,0,0,0,0,0,0,0,0,0,1952,1224,98,98,0,0,921,921,921,921,4,4,4,0,0,0,0,0,0,0,0,0
2026-05-17 20:56:23.723,144,30,320,240,153600,1.1093,10.8611,1.61075,233.559,0.949033,0,0,0,0,0,1.1094,0,1.29665,0.133333,0,0,0,0,0,0,0,0,0,0,4,4,4,0,0,0,0,5.03195,0.83817,0,1.58537,0.0104491
2026-05-17 20:56:23.804,145,30,320,240,153600,1.72447,10.8692,1.61153,235.284,1.50035,0,0,0,0,0,1.72452,0,1.83317,0.133333,0,0,0,0,0,0,0,0,0,0,4,4,4,0,0,0,0,5.03195,0.83817,0,1.58537,0.0104491
2026-05-17 20:56:23.879,146,30,320,240,153600,3.05195,10.8822,1.62133,238.336,2.89715,0,0,0,0,0,3.052,0,3.18857,0.133333,0,0,0,0,0,0,0,0,0,0,4,4,4,0,0,0,0,5.03425,0.829983,0,1.5846,0.0104491
2026-05-17 20:56:23.955,147,30,320,240,153600,1.7902,10.896,1.62247,240.126,1.50228,0,0,0,0,0,1.79025,0,1.89703,0.133333,0,0,0,0,0,0,0,0,0,0,4,4,4,0,0,0,0,5.02965,0.830786,0,1.58614,0.0104491
2026-05-17 20:56:24.112,149,30,320,240,153600,2.51209,10.916,1.62732,244.098,2.3699,0,0,0,0,0,2.5122,0,3.14534,0.133333,0,0,0,0,0,0,0,0,0,0,4,4,4,0,0,0,0,5.03272,0.837367,0,1.58537,0.0104491
2026-05-17 20:56:24.191,150,30,320,240,153600,2.33365,10.9267,1.632,246.431,2.22526,0,0,0,0,0,2.3337,0,2.42345,0.133333,0,0,0,0,0,0,0,0,0,0,4,4,4,0,0,0,0,0,0,0,0,0
2026-05-17 20:56:24.318,0,0,0,0,0,0,0,0,0,0,0,0,0,0,0,0,0,0,0,1952,1224,96,92,100,100,1036,1036,1036,1036,4,4,4,0,0,0,0,0,0,0,0,0
2026-05-17 20:56:24.343,152,30,320,240,153600,2.45714,10.9507,1.64252,251.306,2.34303,0,0,0,0,0,2.45714,0,2.68673,0.133333,0,0,0,0,0,0,0,0,0,0,4,4,4,0,0,0,0,5.03502,0.839454,0,1.58537,0.0104491
2026-05-17 20:56:24.423,153,30,320,240,153600,0.986899,10.9607,1.63827,252.293,0.869865,0,0,0,0,0,0.987004,0,1.10831,0.133333,0,0,0,0,0,0,0,0,0,0,4,4,4,0,0,0,0,5.03502,0.839454,0,1.58537,0.0104491
2026-05-17 20:56:24.504,154,30,320,240,153600,0.877262,10.9666,1.63336,253.17,0.697726,0,0,0,0,0,0.877366,0,3.91046,0.133333,0,0,0,0,0,0,0,0,0,0,4,4,4,0,0,0,0,5.02275,0.876537,0,1.58075,0.0104491
2026-05-17 20:56:24.581,155,30,320,240,153600,4.07078,10.9767,1.64898,257.241,3.93812,0,0,0,0,0,4.07088,0,4.21359,0.133333,0,0,0,0,0,0,0,0,0,0,4,4,4,0,0,0,0,5.02965,0.880871,0,1.58229,0.0104491
2026-05-17 20:56:24.655,156,30,320,240,153600,2.40308,10.9877,1.65379,259.644,2.26969,0,0,0,0,0,2.40313,0,7.62566,0.133333,0,0,0,0,0,0,0,0,0,0,4,4,4,0,0,0,0,5.02428,0.878302,0,1.58229,0.0104491
2026-05-17 20:56:24.733,157,30,320,240,153600,2.71428,11.0007,1.6605,262.359,2.43938,0,0,0,0,0,2.71434,0,2.89189,0.133333,0,0,0,0,0,0,0,0,0,0,4,4,4,0,0,0,0,5.03042,0.875092,0,1.58152,0.0104491
2026-05-17 20:56:24.821,0,0,0,0,0,0,0,0,0,0,0,0,0,0,0,0,0,0,0,1952,1225,92,96,91,100,1479,1479,1479,1479,4,4,4,0,0,0,0,0,0,0,0,0
2026-05-17 20:56:24.812,158,30,320,240,153600,2.35344,11.0107,1.66486,264.712,2.25297,0,0,0,0,0,2.3535,0,2.42464,0.133333,0,0,0,0,0,0,0,0,0,0,4,4,4,0,0,0,0,5.03042,0.875092,0,1.58152,0.0104491
2026-05-17 20:56:24.887,159,30,320,240,153600,0.83101,11.0239,1.65964,265.543,0.740539,0,0,0,0,0,0.831062,0,0.932315,0.133333,0,0,0,0,0,0,0,0,0,0,4,4,4,0,0,0,0,5.02658,0.875573,0,1.58229,0.0104491
2026-05-17 20:56:24.967,160,30,320,240,153600,0.859396,11.032,1.65467,266.402,0.769238,0,0,0,0,0,0.859448,0,0.944502,0.133333,0,0,0,0,0,0,0,0,0,0,4,4,4,0,0,0,0,5.02965,0.872202,0,1.58152,0.0104491
2026-05-17 20:56:25.043,161,30,320,240,153600,0.828823,11.043,1.64958,267.231,0.732934,0,0,0,0,0,0.828927,0,0.924502,0.133333,0,0,0,0,0,0,0,0,0,0,4,4,4,0,0,0,0,5.02658,0.868189,0,1.58229,0.0104491
2026-05-17 20:56:25.119,162,30,320,240,153600,1.45467,11.0531,1.64838,268.686,1.29519,0,0,0,0,0,1.45472,0,1.82812,0.133333,0,0,0,0,0,0,0,0,0,0,4,4,4,0,0,0,0,5.02965,0.867868,0,1.58306,0.0104491
2026-05-17 20:56:25.199,163,30,320,240,153600,2.54923,11.0603,1.65387,271.235,2.39537,0,0,0,0,0,2.54933,0,2.69694,0.133333,0,0,0,0,0,0,0,0,0,0,4,4,4,0,0,0,0,5.02965,0.867868,0,1.58306,0.0104491
2026-05-17 20:56:25.358,0,0,0,0,0,0,0,0,0,0,0,0,0,0,0,0,0,0,0,1952,1225,92,100,107,100,921,921,921,921,4,4,4,0,0,0,0,0,0,0,0,0
2026-05-17 20:56:25.359,165,30,320,240,153600,2.93309,11.0755,1.69501,281.372,2.57558,0,0,0,0,0,2.93315,0,3.04226,0.133333,0,0,0,0,0,0,0,0,0,0,4,4,4,0,0,0,0,5.02735,0.867386,0,1.58306,0.0104491
2026-05-17 20:56:25.431,166,30,320,240,153600,0.823198,11.0905,1.68979,282.195,0.726633,0,0,0,0,0,0.82325,0,0.914398,0.133333,0,0,0,0,0,0,0,0,0,0,4,4,4,0,0,0,0,5.02735,0.867386,0,1.58306,0.0104491
2026-05-17 20:56:25.507,167,30,320,240,153600,0.897887,11.1008,1.68508,283.093,0.786217,0,0,0,0,0,0.897887,0,0.952628,0.133333,0,0,0,0,0,0,0,0,0,0,4,4,4,0,0,0,0,5.03272,0.873486,0,1.58075,0.0104491
2026-05-17 20:56:25.587,168,30,320,240,153600,0.763613,11.1083,1.67962,283.856,0.734862,0,0,0,0,0,0.763665,0,0.817364,0.133333,0,0,0,0,0,0,0,0,0,0,4,4,4,0,0,0,0,5.03425,0.867226,0,1.58229,0.0104491
2026-05-17 20:56:25.663,169,30,320,240,153600,1.02075,11.1183,1.67575,284.877,0,0,0,0,0,0,1.02081,0,1.11159,0.133333,0,0,0,0,0,0,0,0,0,0,4,4,4,0,0,0,0,5.03502,0.873326,0,1.58152,0.0104491
2026-05-17 20:56:25.743,170,30,320,240,153600,1.03341,11.1254,1.67199,285.911,0,0,0,0,0,0,1.03346,0,1.13711,0.133333,0,0,0,0,0,0,0,0,0,0,4,4,4,0,0,0,0,5.03502,0.873326,0,1.58152,0.0104491
2026-05-17 20:56:25.819,171,30,320,240,153600,1.03263,11.1355,1.66827,286.943,0,0,0,0,0,0,1.02471,0,1.11597,0.133333,0,0,0,0,0,0,0,0,0,0,4,4,4,0,0,0,0,5.03502,0.853099,0,1.58229,0.0104491
2026-05-17 20:56:25.859,0,0,0,0,0,0,0,0,0,0,0,0,0,0,0,0,0,0,0,1952,1227,81,60,66,96,1479,1479,1479,1479,4,4,4,0,0,0,0,0,0,0,0,0
2026-05-17 20:56:25.899,172,30,320,240,153600,1.13472,11.1424,1.66519,288.078,0,0,0,0,0,0,1.13477,0,1.21706,0.133333,0,0,0,0,0,0,0,0,0,0,4,4,4,0,0,0,0,5.03272,0.83817,0,1.58306,0.0104491
2026-05-17 20:56:25.977,173,30,320,240,153600,1.02909,11.1505,1.66153,289.107,0,0,0,0,0,0,1.02914,0,1.09383,0.133333,0,0,0,0,0,0,0,0,0,0,4,4,4,0,0,0,0,5.03348,0.851012,0,1.58383,0.0104491
2026-05-17 20:56:26.051,174,30,320,240,153600,1.43649,11.1611,1.66025,290.543,0,0,0,0,0,0,1.43649,0,2.04453,0.133333,0,0,0,0,0,0,0,0,0,0,4,4,4,0,0,0,0,5.02198,0.851976,0,1.58229,0.0104491
2026-05-17 20:56:26.131,175,30,320,240,153600,1.02919,11.1688,1.65666,291.573,0,0,0,0,0,0,1.0293,0,1.13909,0.133333,0,0,0,0,0,0,0,0,0,0,4,4,4,0,0,0,0,5.02198,0.851976,0,1.58229,0.0104491
2026-05-17 20:56:26.207,176,30,320,240,153600,1.0518,11.1783,1.65325,292.624,0,0,0,0,0,0,1.05185,0,1.13852,0.133333,0,0,0,0,0,0,0,0,0,0,4,4,4,0,0,0,0,5.03118,0.846999,0,1.58152,0.0104491
2026-05-17 20:56:26.287,177,30,320,240,153600,1.02633,11.185,1.64972,293.651,0,0,0,0,0,0,1.02628,0,1.09513,0.133333,0,0,0,0,0,0,0,0,0,0,4,4,4,0,0,0,0,5.02965,0.860163,0,1.57921,0.0104491
2026-05-17 20:56:26.359,0,0,0,0,0,0,0,0,0,0,0,0,0,0,0,0,0,0,0,1952,1232,98,86,83,82,1479,1479,1479,1479,4,4,4,0,0,0,0,0,0,0,0,0
2026-05-17 20:56:26.363,178,30,320,240,153600,1.02586,11.1944,1.64624,294.677,0,0,0,0,0,0,1.02581,0,1.10607,0.133333,0,0,0,0,0,0,0,0,0,0,4,4,4,0,0,0,0,5.02428,0.860323,0,1.58152,0.0104491
2026-05-17 20:56:26.439,179,30,320,240,153600,1.03081,11.2032,1.64282,295.707,0,0,0,0,0,0,1.03091,0,1.12701,0.133333,0,0,0,0,0,0,0,0,0,0,4,4,4,0,0,0,0,5.02965,0.852457,0,1.58229,0.0104491
2026-05-17 20:56:26.519,180,30,320,240,153600,1.13737,11.2099,1.64003,296.845,0,0,0,0,0,0,1.13737,0,1.25102,0.133333,0,0,0,0,0,0,0,0,0,0,4,4,4,0,0,0,0,5.02965,0.852457,0,1.58229,0.0104491
2026-05-17 20:56:26.595,181,30,320,240,153600,1.02284,11.2192,1.63664,297.868,0,0,0,0,0,0,1.02279,0,1.09758,0.133333,0,0,0,0,0,0,0,0,0,0,4,4,4,0,0,0,0,5.02121,0.851494,0,1.58306,0.0104491
2026-05-17 20:56:26.675,182,30,320,240,153600,1.03086,11.2255,1.63333,298.899,0,0,0,0,0,0,1.03086,0,1.12086,0.133333,0,0,0,0,0,0,0,0,0,0,4,4,4,0,0,0,0,5.02812,0.855989,0,1.58075,0.0104491
2026-05-17 20:56:26.751,183,30,320,240,153600,1.02226,11.2345,1.63,299.921,0,0,0,0,0,0,1.02232,0,1.09826,0.133333,0,0,0,0,0,0,0,0,0,0,4,4,4,0,0,0,0,5.02812,0.85647,0,1.58306,0.0104491
2026-05-17 20:56:26.861,0,0,0,0,0,0,0,0,0,0,0,0,0,0,0,0,0,0,0,1952,1231,57,93,64,58,1479,1479,1479,1479,4,4,4,0,0,0,0,0,0,0,0,0
2026-05-17 20:56:26.827,184,30,320,240,153600,1.02492,11.2433,1.62673,300.946,0,0,0,0,0,0,1.02492,0,1.09055,0.133333,0,0,0,0,0,0,0,0,0,0,4,4,4,0,0,0,0,5.02812,0.85647,0,1.58306,0.0104491
2026-05-17 20:56:26.907,185,30,320,240,153600,1.02799,11.2494,1.62351,301.974,0,0,0,0,0,0,1.02799,0,1.14612,0.133333,0,0,0,0,0,0,0,0,0,0,4,4,4,0,0,0,0,5.01968,0.839936,0,1.58152,0.0104491
2026-05-17 20:56:26.983,186,30,320,240,153600,1.03112,11.2582,1.62035,303.005,0,0,0,0,0,0,1.03112,0,1.11091,0.133333,0,0,0,0,0,0,0,0,0,0,4,4,4,0,0,0,0,5.03272,0.852778,0,1.5846,0.0104491
2026-05-17 20:56:27.063,187,30,320,240,153600,1.02148,11.2641,1.61716,304.026,0,0,0,0,0,0,1.02143,0,1.11383,0.133333,0,0,0,0,0,0,0,0,0,0,4,4,4,0,0,0,0,5.02812,0.85936,0,1.58383,0.0104491
2026-05-17 20:56:27.139,188,30,320,240,153600,1.16216,11.2726,1.61475,305.188,0,0,0,0,0,0,1.16211,0,1.25795,0.133333,0,0,0,0,0,0,0,0,0,0,4,4,4,0,0,0,0,5.02812,0.85936,0,1.58383,0.0104491
2026-05-17 20:56:27.215,189,30,320,240,153600,1.02419,11.2812,1.61165,306.213,0,0,0,0,0,0,1.02414,0,1.14492,0.133333,0,0,0,0,0,0,0,0,0,0,4,4,4,0,0,0,0,5.01968,0.866744,0,1.58306,0.0104491
2026-05-17 20:56:27.295,190,30,320,240,153600,1.02799,11.2866,1.60859,307.241,0,0,0,0,0,0,1.0281,0,1.13409,0.133333,0,0,0,0,0,0,0,0,0,0,4,4,4,0,0,0,0,5.02888,0.852618,0,1.58383,0.0104491
2026-05-17 20:56:27.363,0,0,0,0,0,0,0,0,0,0,0,0,0,0,0,0,0,0,0,1952,1232,68,66,55,96,1479,1479,1479,1479,4,4,4,0,0,0,0,0,0,0,0,0
2026-05-17 20:56:27.371,191,30,320,240,153600,1.20097,11.2952,1.60647,308.442,0,0,0,0,0,0,1.20097,0,1.31628,0.133333,0,0,0,0,0,0,0,0,0,0,4,4,4,0,0,0,0,5.02351,0.862731,0,1.5846,0.0104491
2026-05-17 20:56:27.451,192,30,320,240,153600,1.04544,11.3009,1.60356,309.487,0,0,0,0,0,0,1.0455,0,1.12576,0.133333,0,0,0,0,0,0,0,0,0,0,4,4,4,0,0,0,0,0.259881,0.0315111,0,0.25652,0.0519783
2026-05-17 20:56:27.527,193,30,320,240,153600,1.02487,11.3092,1.60058,310.512,0,0,0,0,0,0,1.02492,0,1.11367,0.133333,0,0,0,0,0,0,0,0,0,0,4,4,4,0,0,0,0,0.259881,0.0315111,0,0.25652,0.0519783
2026-05-17 20:56:27.603,194,30,320,240,153600,1.14258,11.3173,1.59823,311.655,0,0,0,0,0,0,1.14263,0,1.24138,0.133333,0,0,0,0,0,0,0,0,0,0,4,4,4,0,0,0,0,0.259881,0.0315111,0,0.25652,0.0519783
2026-05-17 20:56:27.683,195,30,320,240,153600,1.03252,11.3228,1.59534,312.687,0,0,0,0,0,0,1.03252,0,1.12232,0.133333,0,0,0,0,0,0,0,0,0,0,4,4,4,0,0,0,0,0.259881,0.0315111,0,0.25652,0.0519783
2026-05-17 20:56:27.759,196,30,320,240,153600,1.0482,11.3308,1.59256,313.735,0,0,0,0,0,0,1.04825,0,1.12847,0.133333,0,0,0,0,0,0,0,0,0,0,4,4,4,0,0,0,0,0.259881,0.0315111,0,0.25652,0.0519783
2026-05-17 20:56:27.839,197,30,320,240,153600,1.02326,11.3362,1.58969,314.759,0,0,0,0,0,0,1.02325,0,1.08227,0.133333,0,0,0,0,0,0,0,0,0,0,4,4,4,0,0,0,0,0.259881,0.0315111,0,0.25652,0.0519783
2026-05-17 20:56:27.864,0,0,0,0,0,0,0,0,0,0,0,0,0,0,0,0,0,0,0,1952,1231,80,64,76,57,1479,1479,1479,1479,4,4,4,0,0,0,0,0,0,0,0,0
2026-05-17 20:56:27.915,198,30,320,240,153600,1.02263,11.3441,1.58684,315.781,0,0,0,0,0,0,1.02268,0,1.12425,0.133333,0,0,0,0,0,0,0,0,0,0,4,4,4,0,0,0,0,0.259881,0.0315111,0,0.25652,0.0519783
2026-05-17 20:56:27.991,199,30,320,240,153600,1.02742,11.3518,1.58404,316.809,0,0,0,0,0,0,1.02768,0,1.2642,0.133333,0,0,0,0,0,0,0,0,0,0,4,4,4,0,0,0,0,0.259881,0.0315111,0,0.25652,0.0519783
2026-05-17 20:56:28.071,200,30,320,240,153600,1.02857,11.3571,1.58128,317.837,0,0,0,0,0,0,1.02851,0,1.11024,0.133333,0,0,0,0,0,0,0,0,0,0,4,4,4,0,0,0,0,0.259881,0.0315111,0,0.25652,0.0519783
2026-05-17 20:56:28.147,201,30,320,240,153600,1.02674,11.3648,1.57853,318.864,0,0,0,0,0,0,1.02674,0,1.1256,0.133333,0,0,0,0,0,0,0,0,0,0,4,4,4,0,0,0,0,0.259881,0.0315111,0,0.25652,0.0519783
2026-05-17 20:56:28.227,202,30,320,240,153600,1.02523,11.3699,1.57581,319.889,0,0,0,0,0,0,1.02529,0,1.12607,0.133333,0,0,0,0,0,0,0,0,0,0,4,4,4,0,0,0,0,0.259881,0.0315111,0,0.25652,0.0519783
2026-05-17 20:56:28.303,203,30,320,240,153600,1.03201,11.3774,1.57314,320.921,0,0,0,0,0,0,1.03211,0,1.11883,0.133333,0,0,0,0,0,0,0,0,0,0,4,4,4,0,0,0,0,0.259881,0.0315111,0,0.25652,0.0519783
2026-05-17 20:56:28.366,0,0,0,0,0,0,0,0,0,0,0,0,0,0,0,0,0,0,0,1952,1231,75,62,95,34,1479,1479,1479,1479,4,4,4,0,0,0,0,0,0,0,0,0
2026-05-17 20:56:28.379,204,30,320,240,153600,1.02888,11.385,1.57049,321.95,0,0,0,0,0,0,1.02898,0,1.09253,0.133333,0,0,0,0,0,0,0,0,0,0,4,4,4,0,0,0,0,0.259881,0.0315111,0,0.25652,0.0519783
2026-05-17 20:56:28.459,205,30,320,240,153600,1.02346,11.3899,1.56783,322.973,0,0,0,0,0,0,1.02341,0,1.09315,0.133333,0,0,0,0,0,0,0,0,0,0,4,4,4,0,0,0,0,0.259881,0.0315111,0,0.25652,0.0519783
2026-05-17 20:56:28.535,206,30,320,240,153600,1.03482,11.3973,1.56526,324.008,0,0,0,0,0,0,1.03487,0,1.1344,0.133333,0,0,0,0,0,0,0,0,0,0,4,4,4,0,0,0,0,0.259881,0.0315111,0,0.25652,0.0519783
2026-05-17 20:56:28.615,207,30,320,240,153600,1.02591,11.4021,1.56266,325.034,0,0,0,0,0,0,1.02591,0,1.12279,0.133333,0,0,0,0,0,0,0,0,0,0,4,4,4,0,0,0,0,0.259881,0.0315111,0,0.25652,0.0519783
2026-05-17 20:56:28.691,208,30,320,240,153600,1.26639,11.4092,1.56125,326.301,0,0,0,0,0,0,1.26644,0,1.38529,0.133333,0,0,0,0,0,0,0,0,0,0,4,4,4,0,0,0,0,0.259881,0.0315111,0,0.25652,0.0519783
2026-05-17 20:56:28.767,209,30,320,240,153600,1.0231,11.4166,1.55868,327.324,0,0,0,0,0,0,1.0231,0,1.11524,0.133333,0,0,0,0,0,0,0,0,0,0,4,4,4,0,0,0,0,0.259881,0.0315111,0,0.25652,0.0519783
2026-05-17 20:56:28.867,0,0,0,0,0,0,0,0,0,0,0,0,0,0,0,0,0,0,0,1952,1231,94,64,42,73,1479,1479,1479,1479,4,4,4,0,0,0,0,0,0,0,0,0
2026-05-17 20:56:28.847,210,30,320,240,153600,1.02685,11.4213,1.55616,328.351,0,0,0,0,0,0,1.0269,0,1.12555,0.133333,0,0,0,0,0,0,0,0,0,0,4,4,4,0,0,0,0,0.259881,0.0315111,0,0.25652,0.0519783
2026-05-17 20:56:28.923,211,30,320,240,153600,1.02523,11.4284,1.55366,329.376,0,0,0,0,0,0,1.02523,0,1.09164,0.133333,0,0,0,0,0,0,0,0,0,0,4,4,4,0,0,0,0,0.259881,0.0315111,0,0.25652,0.0519783
2026-05-17 20:56:29.003,212,30,320,240,153600,1.02607,11.433,1.55118,330.402,0,0,0,0,0,0,1.02601,0,1.12065,0.133333,0,0,0,0,0,0,0,0,0,0,4,4,4,0,0,0,0,0.259881,0.0315111,0,0.25652,0.0519783
2026-05-17 20:56:29.079,213,30,320,240,153600,1.16201,11.44,1.54936,331.564,0,0,0,0,0,0,1.16201,0,1.26034,0.133333,0,0,0,0,0,0,0,0,0,0,4,4,4,0,0,0,0,0.259881,0.0315111,0,0.25652,0.0519783
2026-05-17 20:56:29.155,214,30,320,240,153600,1.02299,11.447,1.54692,332.587,0,0,0,0,0,0,1.02299,0,1.12695,0.133333,0,0,0,0,0,0,0,0,0,0,4,4,4,0,0,0,0,0.259881,0.0315111,0,0.25652,0.0519783
2026-05-17 20:56:29.235,215,30,320,240,153600,1.02226,11.4515,1.54449,333.609,0,0,0,0,0,0,1.02232,0,1.1107,0.133333,0,0,0,0,0,0,0,0,0,0,4,4,4,0,0,0,0,0.259881,0.0315111,0,0.25652,0.0519783
2026-05-17 20:56:29.311,216,30,320,240,153600,1.0431,11.4582,1.54218,334.652,0,0,0,0,0,0,1.0432,0,1.26576,0.133333,0,0,0,0,0,0,0,0,0,0,4,4,4,0,0,0,0,0.259881,0.0315111,0,0.25652,0.0519783
2026-05-17 20:56:29.368,0,0,0,0,0,0,0,0,0,0,0,0,0,0,0,0,0,0,0,1952,1231,73,86,53,72,1479,1479,1479,1479,4,4,4,0,0,0,0,0,0,0,0,0
2026-05-17 20:56:29.391,217,30,320,240,153600,1.02341,11.4627,1.5398,335.676,0,0,0,0,0,0,1.02336,0,1.08779,0.133333,0,0,0,0,0,0,0,0,0,0,4,4,4,0,0,0,0,0.259881,0.0315111,0,0.25652,0.0519783
2026-05-17 20:56:29.467,218,30,320,240,153600,1.03456,11.4694,1.53749,336.71,0,0,0,0,0,0,1.03456,0,1.18748,0.133333,0,0,0,0,0,0,0,0,0,0,4,4,4,0,0,0,0,0.259881,0.0315111,0,0.25652,0.0519783
2026-05-17 20:56:29.545,219,30,320,240,153600,1.02841,11.4747,1.53518,337.739,0,0,0,0,0,0,1.02851,0,1.13925,0.133333,0,0,0,0,0,0,0,0,0,0,4,4,4,0,0,0,0,0.259881,0.0315111,0,0.25652,0.0519783
2026-05-17 20:56:29.623,220,30,320,240,153600,1.03336,11.4804,1.5329,338.772,0,0,0,0,0,0,1.03336,0,1.11065,0.133333,0,0,0,0,0,0,0,0,0,0,4,4,4,0,0,0,0,0.259881,0.0315111,0,0.25652,0.0519783
2026-05-17 20:56:29.699,221,30,320,240,153600,1.02612,11.487,1.53062,339.798,0,0,0,0,0,0,1.02612,0,1.1244,0.133333,0,0,0,0,0,0,0,0,0,0,4,4,4,0,0,0,0,0.259881,0.0315111,0,0.25652,0.0519783
2026-05-17 20:56:29.779,222,30,320,240,153600,1.02612,11.4911,1.52836,340.824,0,0,0,0,0,0,1.02633,0,1.12081,0.133333,0,0,0,0,0,0,0,0,0,0,4,4,4,0,0,0,0,0.259881,0.0315111,0,0.25652,0.0519783
2026-05-17 20:56:29.870,0,0,0,0,0,0,0,0,0,0,0,0,0,0,0,0,0,0,0,1952,1231,72,82,69,53,1479,1479,1479,1479,4,4,4,0,0,0,0,0,0,0,0,0
2026-05-17 20:56:29.855,223,30,320,240,153600,1.02013,11.4977,1.52609,341.844,0,0,0,0,0,0,1.02018,0,1.09122,0.133333,0,0,0,0,0,0,0,0,0,0,4,4,4,0,0,0,0,0.259881,0.0315111,0,0.25652,0.0519783
2026-05-17 20:56:29.931,224,30,320,240,153600,1.46103,11.5038,1.5258,343.305,0,0,0,0,0,0,1.46108,0,1.5391,0.133333,0,0,0,0,0,0,0,0,0,0,4,4,4,0,0,0,0,0.259881,0.0315111,0,0.25652,0.0519783
2026-05-17 20:56:30.011,225,30,320,240,153600,1.02706,11.5081,1.52359,344.332,0,0,0,0,0,0,1.027,0,1.12716,0.133333,0,0,0,0,0,0,0,0,0,0,4,4,4,0,0,0,0,0.259881,0.0315111,0,0.25652,0.0519783
2026-05-17 20:56:30.088,226,30,320,240,153600,1.03049,11.5139,1.52142,345.363,0,0,0,0,0,0,1.03055,0,1.1132,0.133333,0,0,0,0,0,0,0,0,0,0,4,4,4,0,0,0,0,0.259881,0.0315111,0,0.25652,0.0519783
2026-05-17 20:56:30.167,227,30,320,240,153600,1.03195,11.5184,1.51928,346.395,0,0,0,0,0,0,1.03195,0,1.13242,0.133333,0,0,0,0,0,0,0,0,0,0,4,4,4,0,0,0,0,0.259881,0.0315111,0,0.25652,0.0519783
2026-05-17 20:56:30.243,228,30,320,240,153600,1.42472,11.5244,1.51886,347.82,0,0,0,0,0,0,1.42472,0,1.49248,0.133333,0,0,0,0,0,0,0,0,0,0,4,4,4,0,0,0,0,0.259881,0.0315111,0,0.25652,0.0519783
2026-05-17 20:56:30.323,229,30,320,240,153600,1.02357,11.5287,1.51671,348.843,0,0,0,0,0,0,1.02351,0,1.12576,0.133333,0,0,0,0,0,0,0,0,0,0,4,4,4,0,0,0,0,0.259881,0.0315111,0,0.25652,0.0519783
2026-05-17 20:56:30.371,0,0,0,0,0,0,0,0,0,0,0,0,0,0,0,0,0,0,0,1952,1231,62,90,42,66,1479,1479,1479,1479,4,4,4,0,0,0,0,0,0,0,0,0
2026-05-17 20:56:30.399,230,30,320,240,153600,1.02476,11.5349,1.51458,349.868,0,0,0,0,0,0,1.02476,0,1.09039,0.133333,0,0,0,0,0,0,0,0,0,0,4,4,4,0,0,0,0,0.259881,0.0315111,0,0.25652,0.0519783
2026-05-17 20:56:30.475,231,30,320,240,153600,1.02664,11.541,1.51248,350.895,0,0,0,0,0,0,1.02664,0,1.12581,0.133333,0,0,0,0,0,0,0,0,0,0,4,4,4,0,0,0,0,5.0028,1.06452,0,1.58383,0.0104491
2026-05-17 20:56:30.555,232,30,320,240,153600,1.03138,11.5448,1.51041,351.926,0,0,0,0,0,0,1.03138,0,1.11289,0.133333,0,0,0,0,0,0,0,0,0,0,4,4,4,0,0,0,0,5.0028,1.06452,0,1.58383,0.0104491
2026-05-17 20:56:30.631,233,30,320,240,153600,1.05185,11.5508,1.50845,352.978,0,0,0,0,0,0,1.05195,0,1.15399,0.133333,0,0,0,0,0,0,0,0,0,0,4,4,4,0,0,0,0,4.99973,1.06002,0,1.5846,0.0104491
2026-05-17 20:56:30.712,234,30,320,240,153600,1.03476,11.5539,1.50644,354.012,0,0,0,0,0,0,1.03476,0,1.24555,0.133333,0,0,0,0,0,0,0,0,0,0,4,4,4,0,0,0,0,5.00434,1.06323,0,1.58383,0.0104491
2026-05-17 20:56:30.787,235,30,320,240,153600,1.0244,11.5605,1.50439,355.037,0,0,0,0,0,0,1.02445,0,1.24435,0.133333,0,0,0,0,0,0,0,0,0,0,4,4,4,0,0,0,0,5.00434,1.0642,0,1.58152,0.0104491
2026-05-17 20:56:30.873,0,0,0,0,0,0,0,0,0,0,0,0,0,0,0,0,0,0,0,1952,1231,74,57,85,57,1479,1479,1479,1479,4,4,4,0,0,0,0,0,0,0,0,0
2026-05-17 20:56:30.863,236,30,320,240,153600,1.0268,11.5665,1.50238,356.064,0,0,0,0,0,0,1.0269,0,1.11675,0.133333,0,0,0,0,0,0,0,0,0,0,4,4,4,0,0,0,0,5.00434,1.0642,0,1.58152,0.0104491
2026-05-17 20:56:30.943,237,30,320,240,153600,1.02206,11.5701,1.50036,357.086,0,0,0,0,0,0,1.02211,0,1.12831,0.133333,0,0,0,0,0,0,0,0,0,0,4,4,4,0,0,0,0,5.0028,1.06082,0,1.58075,0.0104491
2026-05-17 20:56:31.019,238,30,320,240,153600,1.02383,11.576,1.49837,358.11,0,0,0,0,0,0,1.02383,0,1.09378,0.133333,0,0,0,0,0,0,0,0,0,0,4,4,4,0,0,0,0,5.00434,1.06468,0,1.58383,0.0104491
2026-05-17 20:56:31.099,239,30,320,240,153600,1.02706,11.5795,1.4964,359.137,0,0,0,0,0,0,1.02706,0,1.1294,0.133333,0,0,0,0,0,0,0,0,0,0,4,4,4,0,0,0,0,5.0005,1.07383,0,1.58229,0.0104491
2026-05-17 20:56:31.175,240,30,320,240,153600,1.02805,11.5853,1.49446,360.165,0,0,0,0,0,0,1.02799,0,1.13216,0.133333,0,0,0,0,0,0,0,0,0,0,4,4,4,0,0,0,0,5.0005,1.07383,0,1.58229,0.0104491
2026-05-17 20:56:31.251,241,30,320,240,153600,1.02966,11.591,1.49254,361.194,0,0,0,0,0,0,1.02977,0,1.13555,0.133333,0,0,0,0,0,0,0,0,0,0,4,4,4,0,0,0,0,5.0005,1.07607,0,1.58306,0.0104491
2026-05-17 20:56:31.333,242,30,320,240,153600,1.02888,11.593,1.49063,362.223,0,0,0,0,0,0,1.02888,0,1.25352,0.133333,0,0,0,0,0,0,0,0,0,0,4,4,4,0,0,0,0,5.00357,1.07206,0,1.58306,0.0104491
2026-05-17 20:56:31.379,0,0,0,0,0,0,0,0,0,0,0,0,0,0,0,0,0,0,0,1952,1231,92,74,50,73,1479,1479,1479,1479,4,4,4,0,0,0,0,0,0,0,0,0
2026-05-17 20:56:31.407,243,30,320,240,153600,1.02977,11.6001,1.48874,363.253,0,0,0,0,0,0,1.02977,0,1.11185,0.133333,0,0,0,0,0,0,0,0,0,0,4,4,4,0,0,0,0,4.99897,1.07222,0,1.58383,0.0104491
2026-05-17 20:56:31.487,244,30,320,240,153600,1.0281,11.6035,1.48686,364.281,0,0,0,0,0,0,1.02815,0,1.10503,0.133333,0,0,0,0,0,0,0,0,0,0,4,4,4,0,0,0,0,4.99897,1.07222,0,1.58383,0.0104491
2026-05-17 20:56:31.563,245,30,320,240,153600,1.02716,11.6091,1.48499,365.308,0,0,0,0,0,0,1.02721,0,1.13315,0.133333,0,0,0,0,0,0,0,0,0,0,4,4,4,0,0,0,0,5.0005,1.07591,0,1.58152,0.0104491
2026-05-17 20:56:31.639,246,30,320,240,153600,1.02971,11.6146,1.48315,366.338,0,0,0,0,0,0,1.02971,0,1.11107,0.133333,0,0,0,0,0,0,0,0,0,0,4,4,4,0,0,0,0,5.0028,1.07479,0,1.58306,0.0104491
2026-05-17 20:56:31.719,247,30,320,240,153600,1.02747,11.618,1.48131,367.365,0,0,0,0,0,0,1.02742,0,1.10107,0.133333,0,0,0,0,0,0,0,0,0,0,4,4,4,0,0,0,0,5.00587,1.06179,0,1.58229,0.0104491
2026-05-17 20:56:31.795,248,30,320,240,153600,1.02476,11.6234,1.47948,368.39,0,0,0,0,0,0,1.02476,0,1.1206,0.133333,0,0,0,0,0,0,0,0,0,0,4,4,4,0,0,0,0,5.00203,1.06034,0,1.58229,0.0104491
2026-05-17 20:56:31.881,0,0,0,0,0,0,0,0,0,0,0,0,0,0,0,0,0,0,0,1952,1231,70,71,79,52,1479,1479,1479,1479,4,4,4,0,0,0,0,0,0,0,0,0
2026-05-17 20:56:31.875,249,30,320,240,153600,1.02377,11.6267,1.47766,369.414,0,0,0,0,0,0,1.02383,0,1.08695,0.133333,0,0,0,0,0,0,0,0,0,0,4,4,4,0,0,0,0,5.00203,1.06034,0,1.58229,0.0104491
2026-05-17 20:56:31.951,250,30,320,240,153600,1.02779,11.632,1.47586,370.442,0,0,0,0,0,0,1.02779,0,1.12763,0.133333,0,0,0,0,0,0,0,0,0,0,4,4,4,0,0,0,0,5.00203,1.06468,0,1.58306,0.0104491
2026-05-17 20:56:32.027,251,30,320,240,153600,1.03753,11.6374,1.47412,371.479,0,0,0,0,0,0,1.03753,0,1.11758,0.133333,0,0,0,0,0,0,0,0,0,0,4,4,4,0,0,0,0,0,0,0,0,0
2026-05-17 20:56:32.107,252,30,320,240,153600,1.03029,11.6406,1.47237,372.51,0,0,0,0,0,0,1.03023,0,1.10753,0.133333,0,0,0,0,0,0,0,0,0,0,4,4,4,0,0,0,0,5.00203,1.06115,0,1.58383,0.0104491
2026-05-17 20:56:32.183,253,30,320,240,153600,1.12992,11.6455,1.47102,373.639,0,0,0,0,0,0,1.12992,0,1.25482,0.133333,0,0,0,0,0,0,0,0,0,0,4,4,4,0,0,0,0,5.00203,1.06115,0,1.58383,0.0104491
2026-05-17 20:56:32.263,254,30,320,240,153600,1.02299,11.649,1.46926,374.662,0,0,0,0,0,0,1.02299,0,1.09201,0.133333,0,0,0,0,0,0,0,0,0,0,4,4,4,0,0,0,0,5.0028,1.06211,0,1.58383,0.0104491
2026-05-17 20:56:32.339,255,30,320,240,153600,1.03539,11.6541,1.46757,375.698,0,0,0,0,0,0,1.03534,0,1.26258,0.133333,0,0,0,0,0,0,0,0,0,0,4,4,4,0,0,0,0,5.00434,1.06259,0,1.58537,0.0104491
2026-05-17 20:56:32.382,0,0,0,0,0,0,0,0,0,0,0,0,0,0,0,0,0,0,0,1952,1231,46,96,76,72,1479,1479,1479,1479,4,4,4,0,0,0,0,0,0,0,0,0
2026-05-17 20:56:32.415,256,30,320,240,153600,1.02414,11.6594,1.46584,376.722,0,0,0,0,0,0,1.02414,0,1.08831,0.133333,0,0,0,0,0,0,0,0,0,0,4,4,4,0,0,0,0,5.00434,1.05729,0,1.58229,0.0104491
2026-05-17 20:56:32.495,257,30,320,240,153600,1.02549,11.6624,1.46414,377.748,0,0,0,0,0,0,1.02549,0,1.10628,0.133333,0,0,0,0,0,0,0,0,0,0,4,4,4,0,0,0,0,5.0005,1.06227,0,1.5846,0.0104491
2026-05-17 20:56:32.571,258,30,320,240,153600,1.02935,11.6675,1.46246,378.777,0,0,0,0,0,0,1.02935,0,1.13242,0.133333,0,0,0,0,0,0,0,0,0,0,4,4,4,0,0,0,0,5.0005,1.06227,0,1.5846,0.0104491
2026-05-17 20:56:32.651,259,30,320,240,153600,1.02398,11.6705,1.46077,379.801,0,0,0,0,0,0,1.02398,0,1.12935,0.133333,0,0,0,0,0,0,0,0,0,0,4,4,4,0,0,0,0,5.0051,1.05826,0,1.58306,0.0104491
2026-05-17 20:56:32.727,260,30,320,240,153600,1.02242,11.6756,1.45909,380.823,0,0,0,0,0,0,1.02242,0,1.11602,0.133333,0,0,0,0,0,0,0,0,0,0,4,4,4,0,0,0,0,0,0,0,0,0
2026-05-17 20:56:32.803,261,30,320,240,153600,1.0243,11.6806,1.45743,381.848,0,0,0,0,0,0,1.0243,0,1.14206,0.133333,0,0,0,0,0,0,0,0,0,0,4,4,4,0,0,0,0,4.99743,1.06901,0,1.58383,0.0104491
2026-05-17 20:56:32.883,0,0,0,0,0,0,0,0,0,0,0,0,0,0,0,0,0,0,0,1952,1231,96,68,44,70,1479,1479,1479,1479,4,4,4,0,0,0,0,0,0,0,0,0
2026-05-17 20:56:32.883,262,30,320,240,153600,1.03388,11.6835,1.45582,382.881,0,0,0,0,0,0,1.03388,0,1.13617,0.133333,0,0,0,0,0,0,0,0,0,0,4,4,4,0,0,0,0,5.00127,1.08266,0,1.58075,0.0104491
2026-05-17 20:56:32.959,263,30,320,240,153600,1.08893,11.6876,1.45443,383.97,0,0,0,0,0,0,1.08898,0,2.63423,0.133333,0,0,0,0,0,0,0,0,0,0,4,4,4,0,0,0,0,5.00127,1.08266,0,1.58075,0.0104491
2026-05-17 20:56:33.039,264,30,320,240,153600,1.0281,11.6914,1.45282,384.998,0,0,0,0,0,0,1.0282,0,1.12414,0.133333,0,0,0,0,0,0,0,0,0,0,4,4,4,0,0,0,0,5.00203,1.08185,0,1.58075,0.0104491
2026-05-17 20:56:33.115,265,30,320,240,153600,1.02211,11.6963,1.45121,386.021,0,0,0,0,0,0,1.02216,0,1.10175,0.133333,0,0,0,0,0,0,0,0,0,0,4,4,4,0,0,0,0,5.0028,1.06564,0,1.58306,0.0104491
2026-05-17 20:56:33.191,266,30,320,240,153600,1.02378,11.7011,1.4496,387.044,0,0,0,0,0,0,1.02377,0,1.12628,0.133333,0,0,0,0,0,0,0,0,0,0,4,4,4,0,0,0,0,5.0028,1.06564,0,1.58306,0.0104491
2026-05-17 20:56:33.271,267,30,320,240,153600,1.02622,11.7037,1.44802,388.071,0,0,0,0,0,0,1.02622,0,1.41811,0.133333,0,0,0,0,0,0,0,0,0,0,4,4,4,0,0,0,0,5.0028,1.06516,0,1.58537,0.0104491
2026-05-17 20:56:33.347,268,30,320,240,153600,1.02263,11.7087,1.44644,389.093,0,0,0,0,0,0,1.02263,0,1.12925,0.133333,0,0,0,0,0,0,0,0,0,0,4,4,4,0,0,0,0,5.00587,1.06997,0,1.58229,0.0104491
2026-05-17 20:56:33.385,0,0,0,0,0,0,0,0,0,0,0,0,0,0,0,0,0,0,0,1952,1231,95,54,38,81,1479,1479,1479,1479,4,4,4,0,0,0,0,0,0,0,0,0
2026-05-17 20:56:33.427,269,30,320,240,153600,1.03878,11.7115,1.44493,390.132,0,0,0,0,0,0,1.03878,0,1.1157,0.133333,0,0,0,0,0,0,0,0,0,0,4,4,4,0,0,0,0,5.00357,1.06195,0,1.58383,0.0104491
2026-05-17 20:56:33.503,270,30,320,240,153600,1.02685,11.7162,1.44339,391.159,0,0,0,0,0,0,1.0269,0,1.31357,0.133333,0,0,0,0,0,0,0,0,0,0,4,4,4,0,0,0,0,5.00357,1.06195,0,1.58383,0.0104491
2026-05-17 20:56:33.579,271,30,320,240,153600,1.02414,11.7209,1.44185,392.183,0,0,0,0,0,0,1.02409,0,1.08852,0.133333,0,0,0,0,0,0,0,0,0,0,4,4,4,0,0,0,0,5.00587,1.05826,0,1.57998,0.0104491
2026-05-17 20:56:33.659,272,30,320,240,153600,1.03857,11.7236,1.44037,393.222,0,0,0,0,0,0,1.03862,0,1.09555,0.133333,0,0,0,0,0,0,0,0,0,0,4,4,4,0,0,0,0,5.00203,1.0589,0,1.58306,0.0104491
2026-05-17 20:56:33.735,273,30,320,240,153600,1.02357,11.7283,1.43885,394.245,0,0,0,0,0,0,1.02362,0,1.10122,0.133333,0,0,0,0,0,0,0,0,0,0,4,4,4,0,0,0,0,5.00203,1.05986,0,1.5846,0.0104491
2026-05-17 20:56:33.815,274,30,320,240,153600,1.03117,11.7309,1.43737,395.276,0,0,0,0,0,0,1.03122,0,1.11445,0.133333,0,0,0,0,0,0,0,0,0,0,4,4,4,0,0,0,0,5.00664,1.05472,0,1.58537,0.0104491
2026-05-17 20:56:33.886,0,0,0,0,0,0,0,0,0,0,0,0,0,0,0,0,0,0,0,1952,1231,54,72,67,84,1479,1479,1479,1479,4,4,4,0,0,0,0,0,0,0,0,0
2026-05-17 20:56:33.891,275,30,320,240,153600,1.02305,11.7355,1.43587,396.299,0,0,0,0,0,0,1.02305,0,1.13763,0.133333,0,0,0,0,0,0,0,0,0,0,4,4,4,0,0,0,0,5.00664,1.05472,0,1.58537,0.0104491
2026-05-17 20:56:33.968,276,30,320,240,153600,1.02945,11.7396,1.4344,397.329,0,0,0,0,0,0,1.0295,0,1.12555,0.133333,0,0,0,0,0,0,0,0,0,0,4,4,4,0,0,0,0,5.0028,1.0544,0,1.58306,0.0104491
2026-05-17 20:56:34.047,277,30,320,240,153600,1.02169,11.7427,1.43292,398.35,0,0,0,0,0,0,1.02169,0,1.1205,0.133333,0,0,0,0,0,0,0,0,0,0,4,4,4,0,0,0,0,5.00127,1.05681,0,1.58383,0.0104491
2026-05-17 20:56:34.123,278,30,320,240,153600,1.02763,11.7472,1.43146,399.378,0,0,0,0,0,0,1.02768,0,1.12992,0.133333,0,0,0,0,0,0,0,0,0,0,4,4,4,0,0,0,0,5.0051,1.04734,0,1.5846,0.0104491
2026-05-17 20:56:34.203,279,30,320,240,153600,1.02388,11.7497,1.43001,400.402,0,0,0,0,0,0,1.02388,0,1.09096,0.133333,0,0,0,0,0,0,0,0,0,0,4,4,4,0,0,0,0,5.0051,1.05023,0,1.5846,0.0104491
2026-05-17 20:56:34.279,280,30,320,240,153600,1.03451,11.7542,1.4286,401.436,0,0,0,0,0,0,1.03451,0,1.11451,0.133333,0,0,0,0,0,0,0,0,0,0,4,4,4,0,0,0,0,5.0051,1.05023,0,1.5846,0.0104491
2026-05-17 20:56:34.359,281,30,320,240,153600,1.02654,11.7566,1.42717,402.463,0,0,0,0,0,0,1.02659,0,1.2456,0.133333,0,0,0,0,0,0,0,0,0,0,4,4,4,0,0,0,0,5.0028,1.05392,0,1.58306,0.0104491
2026-05-17 20:56:34.388,0,0,0,0,0,0,0,0,0,0,0,0,0,0,0,0,0,0,0,1952,1232,96,67,51,68,1479,1479,1479,1479,4,4,4,0,0,0,0,0,0,0,0,0
2026-05-17 20:56:34.435,282,30,320,240,153600,1.02253,11.7611,1.42574,403.486,0,0,0,0,0,0,1.02252,0,1.08784,0.133333,0,0,0,0,0,0,0,0,0,0,4,4,4,0,0,0,0,5.0074,1.05745,0,1.58229,0.0104491
2026-05-17 20:56:34.511,283,30,320,240,153600,1.02534,11.7655,1.42433,404.511,0,0,0,0,0,0,1.02539,0,1.08456,0.133333,0,0,0,0,0,0,0,0,0,0,4,4,4,0,0,0,0,5.0074,1.05745,0,1.58229,0.0104491
2026-05-17 20:56:34.591,284,30,320,240,153600,1.14388,11.7678,1.42335,405.655,0,0,0,0,0,0,1.14404,0,1.25862,0.133333,0,0,0,0,0,0,0,0,0,0,4,4,4,0,0,0,0,5.00434,1.06147,0,1.58152,0.0104491
2026-05-17 20:56:34.667,285,30,320,240,153600,1.02081,11.7723,1.42194,406.676,0,0,0,0,0,0,1.02081,0,1.09836,0.133333,0,0,0,0,0,0,0,0,0,0,4,4,4,0,0,0,0,4.9959,1.09646,0,1.58152,0.0104491
2026-05-17 20:56:34.747,286,30,320,240,153600,1.02888,11.7746,1.42057,407.704,0,0,0,0,0,0,1.02888,0,1.09024,0.133333,0,0,0,0,0,0,0,0,0,0,4,4,4,0,0,0,0,4.9959,1.12279,0,1.58229,0.0104491
2026-05-17 20:56:34.823,287,30,320,240,153600,1.15571,11.7789,1.41965,408.86,0,0,0,0,0,0,1.15576,0,1.26654,0.133333,0,0,0,0,0,0,0,0,0,0,4,4,4,0,0,0,0,4.99666,1.15971,0,1.58229,0.0104491
2026-05-17 20:56:34.889,0,0,0,0,0,0,0,0,0,0,0,0,0,0,0,0,0,0,0,1952,1231,58,80,92,52,1479,1479,1479,1479,4,4,4,0,0,0,0,0,0,0,0,0
2026-05-17 20:56:34.899,288,30,320,240,153600,1.02341,11.7832,1.41828,409.884,0,0,0,0,0,0,1.02341,0,1.10112,0.133333,0,0,0,0,0,0,0,0,0,0,4,4,4,0,0,0,0,4.9936,1.19438,0,1.58152,0.0104491
2026-05-17 20:56:34.979,289,30,320,240,153600,1.02753,11.7856,1.41693,410.911,0,0,0,0,0,0,1.02753,0,1.11873,0.133333,0,0,0,0,0,0,0,0,0,0,4,4,4,0,0,0,0,4.9936,1.19438,0,1.58152,0.0104491
2026-05-17 20:56:35.055,290,30,320,240,153600,1.02601,11.7898,1.41559,411.937,0,0,0,0,0,0,1.02601,0,1.12466,0.133333,0,0,0,0,0,0,0,0,0,0,4,4,4,0,0,0,0,4.99206,1.21975,0,1.58075,0.0104491
2026-05-17 20:56:35.135,291,30,320,240,153600,1.02601,11.7921,1.41426,412.963,0,0,0,0,0,0,1.02607,0,1.11029,0.133333,0,0,0,0,0,0,0,0,0,0,4,4,4,0,0,0,0,4.99129,1.24511,0,1.58152,0.0104491
2026-05-17 20:56:35.211,292,30,320,240,153600,1.02862,11.7962,1.41294,413.992,0,0,0,0,0,0,1.02862,0,1.13133,0.133333,0,0,0,0,0,0,0,0,0,0,4,4,4,0,0,0,0,4.99053,1.25924,0,1.58229,0.0104491
2026-05-17 20:56:35.287,293,30,320,240,153600,1.0256,11.8004,1.41162,415.017,0,0,0,0,0,0,1.0256,0,1.12841,0.133333,0,0,0,0,0,0,0,0,0,0,4,4,4,0,0,0,0,4.99053,1.26903,0,1.58229,0.0104491
2026-05-17 20:56:35.391,0,0,0,0,0,0,0,0,0,0,0,0,0,0,0,0,0,0,0,1952,1232,67,50,93,60,1479,1479,1479,1479,4,4,4,0,0,0,0,0,0,0,0,0
2026-05-17 20:56:35.367,294,30,320,240,153600,1.02346,11.8026,1.41031,416.041,0,0,0,0,0,0,1.02346,0,1.08846,0.133333,0,0,0,0,0,0,0,0,0,0,4,4,4,0,0,0,0,4.98823,1.28235,0,1.58383,0.0104491
2026-05-17 20:56:35.448,295,30,320,240,153600,1.02841,11.8043,1.40902,417.069,0,0,0,0,0,0,1.02841,0,1.12336,0.133333,0,0,0,0,0,0,0,0,0,0,4,4,4,0,0,0,0,4.98823,1.28235,0,1.58383,0.0104491
2026-05-17 20:56:35.523,296,30,320,240,153600,1.0318,11.8089,1.40775,418.101,0,0,0,0,0,0,1.0318,0,1.11154,0.133333,0,0,0,0,0,0,0,0,0,0,4,4,4,0,0,0,0,4.99053,1.27112,0,1.58229,0.0104491
2026-05-17 20:56:35.599,297,30,320,240,153600,1.54019,11.8128,1.40819,419.641,0,0,0,0,0,0,1.54025,0,1.63848,0.133333,0,0,0,0,0,0,0,0,0,0,4,4,4,0,0,0,0,4.99206,1.25956,0,1.58537,0.0104491
2026-05-17 20:56:35.675,298,30,320,240,153600,1.0282,11.8171,1.40692,420.669,0,0,0,0,0,0,1.02825,0,1.11987,0.133333,0,0,0,0,0,0,0,0,0,0,4,4,4,0,0,0,0,4.99206,1.25956,0,1.58537,0.0104491
2026-05-17 20:56:35.755,299,30,320,240,153600,1.02721,11.8192,1.40566,421.697,0,0,0,0,0,0,1.02721,0,1.12852,0.133333,0,0,0,0,0,0,0,0,0,0,4,4,4,0,0,0,0,4.99129,1.26116,0,1.58383,0.0104491
2026-05-17 20:56:35.892,0,0,0,0,0,0,0,0,0,0,0,0,0,0,0,0,0,0,0,1952,1232,56,72,83,74,1479,1479,1479,1479,4,4,4,0,0,0,0,0,0,0,0,0
2026-05-17 20:56:35.831,300,30,320,240,153600,1.02695,11.8232,1.4044,422.724,0,0,0,0,0,0,1.02695,0,1.12529,0.133333,0,0,0,0,0,0,0,0,0,0,4,4,4,0,0,0,0,4.99129,1.24768,0,1.58229,0.0104491
2026-05-17 20:56:35.911,301,30,320,240,153600,1.02601,11.8253,1.40314,423.75,0,0,0,0,0,0,1.02601,0,1.11867,0.133333,0,0,0,0,0,0,0,0,0,0,4,4,4,0,0,0,0,4.99053,1.24591,0,1.58306,0.0104491
2026-05-17 20:56:35.989,302,30,320,240,153600,1.027,11.8282,1.4019,424.777,0,0,0,0,0,0,1.027,0,1.08945,0.133333,0,0,0,0,0,0,0,0,0,0,4,4,4,0,0,0,0,4.99053,1.24688,0,1.58306,0.0104491
2026-05-17 20:56:36.063,303,30,320,240,153600,1.43108,11.833,1.402,426.208,0,0,0,0,0,0,1.43113,0,1.52842,0.133333,0,0,0,0,0,0,0,0,0,0,4,4,4,0,0,0,0,4.98823,1.27144,0,1.57998,0.0104491
2026-05-17 20:56:36.143,304,30,320,240,153600,1.03372,11.8353,1.40079,427.241,0,0,0,0,0,0,1.03383,0,1.11081,0.133333,0,0,0,0,0,0,0,0,0,0,4,4,4,0,0,0,0,4.98823,1.27144,0,1.57998,0.0104491
2026-05-17 20:56:36.221,305,30,320,240,153600,1.08737,11.8382,1.39977,428.329,0,0,0,0,0,0,1.08737,0,1.18774,0.133333,0,0,0,0,0,0,0,0,0,0,4,4,4,0,0,0,0,4.98899,1.27128,0,1.57998,0.0104491
2026-05-17 20:56:36.299,306,30,320,240,153600,1.51431,11.8409,1.40014,429.843,0,0,0,0,0,0,1.51436,0,1.63113,0.133333,0,0,0,0,0,0,0,0,0,0,4,4,4,0,0,0,0,4.98823,1.26919,0,1.58306,0.0104491
2026-05-17 20:56:36.393,0,0,0,0,0,0,0,0,0,0,0,0,0,0,0,0,0,0,0,1952,1231,78,41,63,94,1479,1479,1479,1479,4,4,4,0,0,0,0,0,0,0,0,0
2026-05-17 20:56:36.375,307,30,320,240,153600,1.02502,11.8451,1.39892,430.868,0,0,0,0,0,0,1.02503,0,1.11972,0.133333,0,0,0,0,0,0,0,0,0,0,4,4,4,0,0,0,0,4.9936,1.26999,0,1.58306,0.0104491
2026-05-17 20:56:36.451,308,30,320,240,153600,1.03279,11.8489,1.39774,431.901,0,0,0,0,0,0,1.03279,0,1.09498,0.133333,0,0,0,0,0,0,0,0,0,0,4,4,4,0,0,0,0,4.9936,1.26999,0,1.58306,0.0104491
2026-05-17 20:56:36.531,309,30,320,240,153600,1.0269,11.8509,1.39654,432.928,0,0,0,0,0,0,1.0269,0,1.08992,0.133333,0,0,0,0,0,0,0,0,0,0,4,4,4,0,0,0,0,4.99053,1.27979,0,1.58306,0.0104491
2026-05-17 20:56:36.607,310,30,320,240,153600,1.02456,11.8546,1.39535,433.952,0,0,0,0,0,0,1.02456,0,1.10201,0.133333,0,0,0,0,0,0,0,0,0,0,4,4,4,0,0,0,0,4.99053,1.3159,0,1.58306,0.0104491
2026-05-17 20:56:36.687,311,30,320,240,153600,1.13487,11.8565,1.39451,435.087,0,0,0,0,0,0,1.13492,0,1.24873,0.133333,0,0,0,0,0,0,0,0,0,0,4,4,4,0,0,0,0,4.98746,1.29038,0,1.58306,0.0104491
2026-05-17 20:56:36.763,312,30,320,240,153600,1.0207,11.8604,1.39332,436.108,0,0,0,0,0,0,1.02065,0,1.09987,0.133333,0,0,0,0,0,0,0,0,0,0,4,4,4,0,0,0,0,4.98746,1.29038,0,1.58306,0.0104491
2026-05-17 20:56:36.839,313,30,320,240,153600,1.02341,11.8641,1.39214,437.131,0,0,0,0,0,0,1.02351,0,1.098,0.133333,0,0,0,0,0,0,0,0,0,0,4,4,4,0,0,0,0,4.98976,1.27914,0,1.5846,0.0104491
2026-05-17 20:56:36.895,0,0,0,0,0,0,0,0,0,0,0,0,0,0,0,0,0,0,0,1952,1232,47,46,86,94,1479,1479,1479,1479,4,4,4,0,0,0,0,0,0,0,0,0
2026-05-17 20:56:36.919,314,30,320,240,153600,1.02685,11.866,1.39098,438.158,0,0,0,0,0,0,1.02685,0,1.12612,0.133333,0,0,0,0,0,0,0,0,0,0,4,4,4,0,0,0,0,4.98899,1.28011,0,1.58229,0.0104491
2026-05-17 20:56:36.995,315,30,320,240,153600,1.06081,11.8697,1.38993,439.219,0,0,0,0,0,0,1.06081,0,1.12498,0.133333,0,0,0,0,0,0,0,0,0,0,4,4,4,0,0,0,0,4.9936,1.28428,0,1.58383,0.0104491
2026-05-17 20:56:37.075,316,30,320,240,153600,1.02263,11.8716,1.38877,440.242,0,0,0,0,0,0,1.02268,0,1.09826,0.133333,0,0,0,0,0,0,0,0,0,0,4,4,4,0,0,0,0,4.99129,1.26919,0,1.5846,0.0104491
2026-05-17 20:56:37.151,317,30,320,240,153600,1.02096,11.8752,1.38762,441.263,0,0,0,0,0,0,1.02096,0,1.09925,0.133333,0,0,0,0,0,0,0,0,0,0,4,4,4,0,0,0,0,4.99129,1.26919,0,1.5846,0.0104491
2026-05-17 20:56:37.227,318,30,320,240,153600,1.04383,11.8789,1.38654,442.306,0,0,0,0,0,0,1.04383,0,1.13341,0.133333,0,0,0,0,0,0,0,0,0,0,4,4,4,0,0,0,0,0,0,0,0,0
2026-05-17 20:56:37.307,319,30,320,240,153600,1.04044,11.8807,1.38546,443.347,0,0,0,0,0,0,1.04049,0,1.1243,0.133333,0,0,0,0,0,0,0,0,0,0,4,4,4,0,0,0,0,4.99206,1.25539,0,1.5846,0.0104491
2026-05-17 20:56:37.397,0,0,0,0,0,0,0,0,0,0,0,0,0,0,0,0,0,0,0,1952,1232,76,48,96,67,1479,1479,1479,1479,4,4,4,0,0,0,0,0,0,0,0,0
2026-05-17 20:56:37.383,320,30,320,240,153600,1.0256,11.8843,1.38434,444.372,0,0,0,0,0,0,1.02565,0,1.11513,0.133333,0,0,0,0,0,0,0,0,0,0,4,4,4,0,0,0,0,4.99206,1.25426,0,1.58383,0.0104491
2026-05-17 20:56:37.463,321,30,320,240,153600,1.02492,11.8861,1.38322,445.397,0,0,0,0,0,0,1.02497,0,1.1294,0.133333,0,0,0,0,0,0,0,0,0,0,4,4,4,0,0,0,0,4.99206,1.25426,0,1.58383,0.0104491
2026-05-17 20:56:37.539,322,30,320,240,153600,1.02893,11.8896,1.38212,446.426,0,0,0,0,0,0,1.02888,0,1.123,0.133333,0,0,0,0,0,0,0,0,0,0,4,4,4,0,0,0,0,4.99206,1.2533,0,1.57998,0.0104491
2026-05-17 20:56:37.615,323,30,320,240,153600,1.16071,11.8931,1.38144,447.587,0,0,0,0,0,0,1.16065,0,1.25868,0.133333,0,0,0,0,0,0,0,0,0,0,4,4,4,0,0,0,0,4.99206,1.25185,0,1.58229,0.0104491
2026-05-17 20:56:37.695,324,30,320,240,153600,1.02659,11.8949,1.38035,448.614,0,0,0,0,0,0,1.02654,0,1.10638,0.133333,0,0,0,0,0,0,0,0,0,0,4,4,4,0,0,0,0,4.99053,1.2464,0,1.58306,0.0104491
2026-05-17 20:56:37.851,326,30,320,240,153600,1.02341,11.9002,1.37818,450.665,0,0,0,0,0,0,1.02341,0,1.12508,0.133333,0,0,0,0,0,0,0,0,0,0,4,4,4,0,0,0,0,4.99129,1.24993,0,1.58383,0.0104491
2026-05-17 20:56:37.898,0,0,0,0,0,0,0,0,0,0,0,0,0,0,0,0,0,0,0,1952,1232,43,77,94,66,1479,1479,1479,1479,4,4,4,0,0,0,0,0,0,0,0,0
2026-05-17 20:56:37.927,327,30,320,240,153600,1.03096,11.9037,1.37712,451.696,0,0,0,0,0,0,1.03096,0,1.18883,0.133333,0,0,0,0,0,0,0,0,0,0,4,4,4,0,0,0,0,0,0,0,0,0
2026-05-17 20:56:38.003,328,30,320,240,153600,1.02326,11.9071,1.37605,452.719,0,0,0,0,0,0,1.02326,0,1.11972,0.133333,0,0,0,0,0,0,0,0,0,0,4,4,4,0,0,0,0,4.99053,1.25378,0,1.58691,0.0104491
2026-05-17 20:56:38.083,329,30,320,240,153600,1.02336,11.9089,1.37498,453.743,0,0,0,0,0,0,1.02336,0,1.08951,0.133333,0,0,0,0,0,0,0,0,0,0,4,4,4,0,0,0,0,4.98976,1.26437,0,1.58306,0.0104491
2026-05-17 20:56:38.159,330,30,320,240,153600,1.03841,11.9122,1.37396,454.781,0,0,0,0,0,0,1.03841,0,1.11909,0.133333,0,0,0,0,0,0,0,0,0,0,4,4,4,0,0,0,0,4.99129,1.26309,0,1.58383,0.0104491
2026-05-17 20:56:38.239,331,30,320,240,153600,1.03643,11.9127,1.37294,455.817,0,0,0,0,0,0,1.03648,0,4.18594,0.133333,0,0,0,0,0,0,0,0,0,0,4,4,4,0,0,0,0,4.99206,1.26197,0,1.58306,0.0104491
2026-05-17 20:56:38.315,332,30,320,240,153600,1.02159,11.9174,1.37189,456.839,0,0,0,0,0,0,1.02159,0,1.10091,0.133333,0,0,0,0,0,0,0,0,0,0,4,4,4,0,0,0,0,4.99283,1.26454,0,1.58306,0.0104491
2026-05-17 20:56:38.400,0,0,0,0,0,0,0,0,0,0,0,0,0,0,0,0,0,0,0,1952,1232,92,58,68,50,1479,1479,1479,1479,4,4,4,0,0,0,0,0,0,0,0,0
2026-05-17 20:56:38.391,333,30,320,240,153600,1.02586,11.9207,1.37085,457.865,0,0,0,0,0,0,1.02591,0,1.14451,0.133333,0,0,0,0,0,0,0,0,0,0,4,4,4,0,0,0,0,4.98976,1.26775,0,1.58383,0.0104491
2026-05-17 20:56:38.471,334,30,320,240,153600,1.02242,11.9224,1.36981,458.887,0,0,0,0,0,0,1.02237,0,1.0944,0.133333,0,0,0,0,0,0,0,0,0,0,4,4,4,0,0,0,0,4.98976,1.26775,0,1.58383,0.0104491
2026-05-17 20:56:38.547,335,30,320,240,153600,1.0206,11.9257,1.36877,459.908,0,0,0,0,0,0,1.0206,0,1.10508,0.133333,0,0,0,0,0,0,0,0,0,0,4,4,4,0,0,0,0,4.99053,1.26614,0,1.58152,0.0104491
2026-05-17 20:56:38.627,336,30,320,240,153600,1.13086,11.9272,1.36807,461.039,0,0,0,0,0,0,1.13091,0,1.2292,0.133333,0,0,0,0,0,0,0,0,0,0,4,4,4,0,0,0,0,0,0,0,0,0
2026-05-17 20:56:38.703,337,30,320,240,153600,1.02409,11.9306,1.36705,462.063,0,0,0,0,0,0,1.02409,0,1.1019,0.133333,0,0,0,0,0,0,0,0,0,0,4,4,4,0,0,0,0,4.99206,1.25009,0,1.58537,0.0104491
2026-05-17 20:56:38.783,338,30,320,240,153600,1.02195,11.9322,1.36603,463.085,0,0,0,0,0,0,1.0219,0,1.09711,0.133333,0,0,0,0,0,0,0,0,0,0,4,4,4,0,0,0,0,4.99206,1.25009,0,1.58537,0.0104491
2026-05-17 20:56:38.859,339,30,320,240,153600,1.46759,11.9351,1.36633,464.552,0,0,0,0,0,0,1.46764,0,1.74556,0.133333,0,0,0,0,0,0,0,0,0,0,4,4,4,0,0,0,0,4.99129,1.25346,0,1.58306,0.0104491
2026-05-17 20:56:38.901,0,0,0,0,0,0,0,0,0,0,0,0,0,0,0,0,0,0,0,1952,1232,73,73,92,52,1479,1479,1479,1479,4,4,4,0,0,0,0,0,0,0,0,0
2026-05-17 20:56:38.935,340,30,320,240,153600,1.0219,11.9387,1.36532,465.574,0,0,0,0,0,0,1.0219,0,1.09456,0.133333,0,0,0,0,0,0,0,0,0,0,4,4,4,0,0,0,0,4.98823,1.26726,0,1.58383,0.0104491
2026-05-17 20:56:39.015,341,30,320,240,153600,1.02471,11.9403,1.36432,466.599,0,0,0,0,0,0,1.02466,0,1.0982,0.133333,0,0,0,0,0,0,0,0,0,0,4,4,4,0,0,0,0,4.98516,1.29327,0,1.58383,0.0104491
2026-05-17 20:56:39.091,342,30,320,240,153600,1.02726,11.9435,1.36334,467.626,0,0,0,0,0,0,1.02732,0,1.12425,0.133333,0,0,0,0,0,0,0,0,0,0,4,4,4,0,0,0,0,4.98746,1.3098,0,1.5846,0.0104491
2026-05-17 20:56:39.171,343,30,320,240,153600,1.02508,11.9451,1.36236,468.651,0,0,0,0,0,0,1.02502,0,1.09612,0.133333,0,0,0,0,0,0,0,0,0,0,4,4,4,0,0,0,0,4.98746,1.3098,0,1.5846,0.0104491
2026-05-17 20:56:39.247,344,30,320,240,153600,1.04159,11.9483,1.36143,469.693,0,0,0,0,0,0,1.04169,0,1.11518,0.133333,0,0,0,0,0,0,0,0,0,0,4,4,4,0,0,0,0,4.98746,1.30435,0,1.58537,0.0104491
2026-05-17 20:56:39.323,345,30,320,240,153600,1.02966,11.9514,1.36047,470.723,0,0,0,0,0,0,1.02966,0,1.14534,0.133333,0,0,0,0,0,0,0,0,0,0,4,4,4,0,0,0,0,4.98669,1.28926,0,1.58537,0.0104491
2026-05-17 20:56:39.402,0,0,0,0,0,0,0,0,0,0,0,0,0,0,0,0,0,0,0,1952,1232,76,60,62,74,1479,1479,1479,1479,4,4,4,0,0,0,0,0,0,0,0,0
2026-05-17 20:56:39.403,346,30,320,240,153600,1.02534,11.953,1.3595,471.748,0,0,0,0,0,0,1.02529,0,1.12279,0.133333,0,0,0,0,0,0,0,0,0,0,4,4,4,0,0,0,0,4.99053,1.28701,0,1.58383,0.0104491
2026-05-17 20:56:39.484,347,30,320,240,153600,1.04372,11.9534,1.3586,472.792,0,0,0,0,0,0,1.04383,0,2.53923,0.133333,0,0,0,0,0,0,0,0,0,0,4,4,4,0,0,0,0,4.99053,1.28701,0,1.58383,0.0104491
2026-05-17 20:56:39.559,348,30,320,240,153600,1.02216,11.9576,1.35763,473.814,0,0,0,0,0,0,1.02221,0,1.10482,0.133333,0,0,0,0,0,0,0,0,0,0,4,4,4,0,0,0,0,4.99283,1.2793,0,1.58306,0.0104491
2026-05-17 20:56:39.635,349,30,320,240,153600,1.0295,11.9607,1.35669,474.843,0,0,0,0,0,0,1.02961,0,1.12669,0.133333,0,0,0,0,0,0,0,0,0,0,4,4,4,0,0,0,0,4.98823,1.27802,0,1.58152,0.0104491
2026-05-17 20:56:39.711,350,30,320,240,153600,1.15367,11.9637,1.35612,475.997,0,0,0,0,0,0,1.15373,0,1.25571,0.133333,0,0,0,0,0,0,0,0,0,0,4,4,4,0,0,0,0,4.98669,1.30724,0,1.58306,0.0104491
2026-05-17 20:56:39.791,351,30,320,240,153600,1.03013,11.9653,1.35519,477.027,0,0,0,0,0,0,1.03018,0,1.12966,0.133333,0,0,0,0,0,0,0,0,0,0,4,4,4,0,0,0,0,4.98669,1.30724,0,1.58306,0.0104491
2026-05-17 20:56:39.867,352,30,320,240,153600,1.02956,11.9683,1.35427,478.057,0,0,0,0,0,0,1.02956,0,1.10935,0.133333,0,0,0,0,0,0,0,0,0,0,4,4,4,0,0,0,0,5.00357,1.08651,0,1.5846,0.0104491
2026-05-17 20:56:39.907,0,0,0,0,0,0,0,0,0,0,0,0,0,0,0,0,0,0,0,1952,1232,54,68,85,74,1479,1479,1479,1479,4,4,4,0,0,0,0,0,0,0,0,0
2026-05-17 20:56:39.947,353,30,320,240,153600,1.0232,11.9698,1.35333,479.08,0,0,0,0,0,0,1.0232,0,1.13008,0.133333,0,0,0,0,0,0,0,0,0,0,4,4,4,0,0,0,0,5.0028,1.10561,0,1.58537,0.0104491
2026-05-17 20:56:40.023,354,30,320,240,153600,1.02164,11.9728,1.3524,480.101,0,0,0,0,0,0,1.02164,0,1.12247,0.133333,0,0,0,0,0,0,0,0,0,0,4,4,4,0,0,0,0,5.00127,1.10176,0,1.58075,0.0104491
2026-05-17 20:56:40.099,355,30,320,240,153600,1.02367,11.9759,1.35148,481.125,0,0,0,0,0,0,1.02367,0,1.09086,0.133333,0,0,0,0,0,0,0,0,0,0,4,4,4,0,0,0,0,5.00127,1.10176,0,1.58075,0.0104491
2026-05-17 20:56:40.179,356,30,320,240,153600,1.02357,11.9773,1.35056,482.149,0,0,0,0,0,0,1.02362,0,1.11409,0.133333,0,0,0,0,0,0,0,0,0,0,4,4,4,0,0,0,0,5.00357,1.10609,0,1.58383,0.0104491
2026-05-17 20:56:40.255,357,30,320,240,153600,1.02497,11.9802,1.34965,483.174,0,0,0,0,0,0,1.02503,0,1.12727,0.133333,0,0,0,0,0,0,0,0,0,0,4,4,4,0,0,0,0,5.00434,1.08715,0,1.58306,0.0104491
2026-05-17 20:56:40.335,358,30,320,240,153600,1.03977,11.9816,1.34878,484.213,0,0,0,0,0,0,1.03982,0,1.11154,0.133333,0,0,0,0,0,0,0,0,0,0,4,4,4,0,0,0,0,5.0028,1.07623,0,1.58306,0.0104491
2026-05-17 20:56:40.408,0,0,0,0,0,0,0,0,0,0,0,0,0,0,0,0,0,0,0,1952,1233,91,74,46,70,1479,1479,1479,1479,4,4,4,0,0,0,0,0,0,0,0,0
2026-05-17 20:56:40.411,359,30,320,240,153600,1.02628,11.9846,1.34789,485.24,0,0,0,0,0,0,1.02628,0,1.24451,0.133333,0,0,0,0,0,0,0,0,0,0,4,4,4,0,0,0,0,5.00434,1.06853,0,1.5846,0.0104491
2026-05-17 20:56:40.488,360,30,320,240,153600,1.07784,11.9871,1.34714,486.318,0,0,0,0,0,0,1.07794,0,1.17055,0.133333,0,0,0,0,0,0,0,0,0,0,4,4,4,0,0,0,0,5.00587,1.06243,0,1.58537,0.0104491
2026-05-17 20:56:40.643,362,30,320,240,153600,1.02487,11.9919,1.34537,488.369,0,0,0,0,0,0,1.02487,0,1.13164,0.133333,0,0,0,0,0,0,0,0,0,0,4,4,4,0,0,0,0,5.00127,1.09293,0,1.5846,0.0104491
2026-05-17 20:56:40.726,363,30,320,240,153600,1.03164,11.992,1.34451,489.401,0,0,0,0,0,0,1.03169,0,1.10784,0.133333,0,0,0,0,0,0,0,0,0,0,4,4,4,0,0,0,0,4.99666,1.14013,0,1.5846,0.0104491
2026-05-17 20:56:40.799,364,30,320,240,153600,1.36285,11.9959,1.34456,490.764,0,0,0,0,0,0,1.36285,0,1.56587,0.133333,0,0,0,0,0,0,0,0,0,0,4,4,4,0,0,0,0,4.9982,1.16982,0,1.5846,0.0104491
2026-05-17 20:56:40.909,0,0,0,0,0,0,0,0,0,0,0,0,0,0,0,0,0,0,0,1952,1232,69,74,65,66,1479,1479,1479,1479,4,4,4,0,0,0,0,0,0,0,0,0
2026-05-17 20:56:40.875,365,30,320,240,153600,1.02216,11.999,1.34368,491.786,0,0,0,0,0,0,1.02221,0,1.12534,0.133333,0,0,0,0,0,0,0,0,0,0,4,4,4,0,0,0,0,4.9982,1.16982,0,1.5846,0.0104491
2026-05-17 20:56:40.955,366,30,320,240,153600,1.03721,12.0003,1.34284,492.823,0,0,0,0,0,0,1.03716,0,1.09982,0.133333,0,0,0,0,0,0,0,0,0,0,4,4,4,0,0,0,0,4.99436,1.18475,0,1.5846,0.0104491
2026-05-17 20:56:41.031,367,30,320,240,153600,1.02487,12.0032,1.34198,493.848,0,0,0,0,0,0,1.02482,0,1.12498,0.133333,0,0,0,0,0,0,0,0,0,0,4,4,4,0,0,0,0,4.99436,1.19599,0,1.58152,0.0104491
2026-05-17 20:56:41.111,368,30,320,240,153600,1.02596,12.0045,1.34112,494.874,0,0,0,0,0,0,1.02601,0,1.10247,0.133333,0,0,0,0,0,0,0,0,0,0,4,4,4,0,0,0,0,4.9936,1.20626,0,1.58537,0.0104491
2026-05-17 20:56:41.187,369,30,320,240,153600,1.03445,12.0073,1.34029,495.908,0,0,0,0,0,0,1.03451,0,1.09576,0.133333,0,0,0,0,0,0,0,0,0,0,4,4,4,0,0,0,0,4.99513,1.21204,0,1.58537,0.0104491
2026-05-17 20:56:41.263,370,30,320,240,153600,1.02643,12.0101,1.33945,496.935,0,0,0,0,0,0,1.02643,0,1.11779,0.133333,0,0,0,0,0,0,0,0,0,0,4,4,4,0,0,0,0,4.99513,1.21204,0,1.58537,0.0104491
2026-05-17 20:56:41.343,371,30,320,240,153600,1.0219,12.0114,1.33859,497.957,0,0,0,0,0,0,1.0219,0,1.0969,0.133333,0,0,0,0,0,0,0,0,0,0,4,4,4,0,0,0,0,4.9959,1.21766,0,1.58306,0.0104491
2026-05-17 20:56:41.411,0,0,0,0,0,0,0,0,0,0,0,0,0,0,0,0,0,0,0,1952,1232,69,92,69,46,1479,1479,1479,1479,4,4,4,0,0,0,0,0,0,0,0,0
2026-05-17 20:56:41.419,372,30,320,240,153600,1.60478,12.014,1.33931,499.561,0,0,0,0,0,0,1.60488,0,1.71895,0.133333,0,0,0,0,0,0,0,0,0,0,4,4,4,0,0,0,0,4.98976,1.21188,0,1.58229,0.0104491
2026-05-17 20:56:41.499,373,30,320,240,153600,1.0281,12.0155,1.33847,500.59,0,0,0,0,0,0,1.02815,0,1.11383,0.133333,0,0,0,0,0,0,0,0,0,0,4,4,4,0,0,0,0,4.99513,1.21573,0,1.58306,0.0104491
2026-05-17 20:56:41.575,374,30,320,240,153600,1.02211,12.0183,1.33763,501.612,0,0,0,0,0,0,1.02216,0,1.09919,0.133333,0,0,0,0,0,0,0,0,0,0,4,4,4,0,0,0,0,4.99513,1.21573,0,1.58306,0.0104491
2026-05-17 20:56:41.651,375,30,320,240,153600,1.02492,12.021,1.3368,502.637,0,0,0,0,0,0,1.02497,0,1.12711,0.133333,0,0,0,0,0,0,0,0,0,0,4,4,4,0,0,0,0,4.99436,1.21798,0,1.58383,0.0104491
2026-05-17 20:56:41.731,376,30,320,240,153600,1.02669,12.0222,1.33598,503.663,0,0,0,0,0,0,1.02669,0,1.12393,0.133333,0,0,0,0,0,0,0,0,0,0,4,4,4,0,0,0,0,4.9936,1.22055,0,1.58383,0.0104491
2026-05-17 20:56:41.807,377,30,320,240,153600,1.03086,12.025,1.33517,504.694,0,0,0,0,0,0,1.03096,0,1.11534,0.133333,0,0,0,0,0,0,0,0,0,0,4,4,4,0,0,0,0,4.99129,1.21782,0,1.58383,0.0104491
2026-05-17 20:56:41.914,0,0,0,0,0,0,0,0,0,0,0,0,0,0,0,0,0,0,0,1952,1233,74,70,71,69,1479,1479,1479,1479,4,4,4,0,0,0,0,0,0,0,0,0
2026-05-17 20:56:41.887,378,30,320,240,153600,1.03216,12.0261,1.33437,505.726,0,0,0,0,0,0,1.03226,0,1.15633,0.133333,0,0,0,0,0,0,0,0,0,0,4,4,4,0,0,0,0,4.99129,1.21782,0,1.58383,0.0104491
2026-05-17 20:56:41.963,379,30,320,240,153600,1.0231,12.0289,1.33355,506.749,0,0,0,0,0,0,1.0231,0,1.11508,0.133333,0,0,0,0,0,0,0,0,0,0,4,4,4,0,0,0,0,4.99206,1.2305,0,1.58306,0.0104491
2026-05-17 20:56:42.039,380,30,320,240,153600,1.02216,12.0316,1.33273,507.772,0,0,0,0,0,0,1.02221,0,1.10122,0.133333,0,0,0,0,0,0,0,0,0,0,4,4,4,0,0,0,0,4.99283,1.2403,0,1.58383,0.0104491
2026-05-17 20:56:42.119,381,30,320,240,153600,1.02445,12.0328,1.33193,508.796,0,0,0,0,0,0,1.02445,0,1.1331,0.133333,0,0,0,0,0,0,0,0,0,0,4,4,4,0,0,0,0,4.99283,1.25346,0,1.58614,0.0104491
2026-05-17 20:56:42.195,382,30,320,240,153600,1.04867,12.0355,1.33119,509.845,0,0,0,0,0,0,1.03904,0,1.10492,0.133333,0,0,0,0,0,0,0,0,0,0,4,4,4,0,0,0,0,4.99053,1.25635,0,1.5846,0.0104491
2026-05-17 20:56:42.275,383,30,320,240,153600,1.02122,12.0366,1.33038,510.866,0,0,0,0,0,0,1.02122,0,1.14565,0.133333,0,0,0,0,0,0,0,0,0,0,4,4,4,0,0,0,0,4.99053,1.25635,0,1.5846,0.0104491
2026-05-17 20:56:42.351,384,30,320,240,153600,1.02654,12.0393,1.32959,511.892,0,0,0,0,0,0,1.02654,0,1.12711,0.133333,0,0,0,0,0,0,0,0,0,0,4,4,4,0,0,0,0,4.99129,1.25747,0,1.58229,0.0104491
2026-05-17 20:56:42.415,0,0,0,0,0,0,0,0,0,0,0,0,0,0,0,0,0,0,0,1952,1232,63,54,96,62,1479,1479,1479,1479,4,4,4,0,0,0,0,0,0,0,0,0
2026-05-17 20:56:42.427,385,30,320,240,153600,1.02154,12.042,1.32879,512.914,0,0,0,0,0,0,1.02153,0,1.12039,0.133333,0,0,0,0,0,0,0,0,0,0,4,4,4,0,0,0,0,4.98976,1.26646,0,1.58229,0.0104491
2026-05-17 20:56:42.507,386,30,320,240,153600,1.02612,12.0431,1.32801,513.94,0,0,0,0,0,0,1.02607,0,1.12529,0.133333,0,0,0,0,0,0,0,0,0,0,4,4,4,0,0,0,0,4.99283,1.26855,0,1.58383,0.0104491
2026-05-17 20:56:42.583,387,30,320,240,153600,1.02409,12.0457,1.32723,514.964,0,0,0,0,0,0,1.02414,0,1.12539,0.133333,0,0,0,0,0,0,0,0,0,0,4,4,4,0,0,0,0,4.99129,1.26951,0,1.58383,0.0104491
2026-05-17 20:56:42.663,388,30,320,240,153600,1.02362,12.0469,1.32645,515.988,0,0,0,0,0,0,1.02357,0,1.1006,0.133333,0,0,0,0,0,0,0,0,0,0,4,4,4,0,0,0,0,4.99129,1.26951,0,1.58383,0.0104491
2026-05-17 20:56:42.741,389,30,320,240,153600,1.03716,12.0486,1.3257,517.025,0,0,0,0,0,0,1.03721,0,1.1693,0.133333,0,0,0,0,0,0,0,0,0,0,4,4,4,0,0,0,0,4.98976,1.26534,0,1.58229,0.0104491
2026-05-17 20:56:42.815,390,30,320,240,153600,1.02362,12.0521,1.32493,518.049,0,0,0,0,0,0,1.02357,0,1.10091,0.133333,0,0,0,0,0,0,0,0,0,0,4,4,4,0,0,0,0,4.98976,1.27192,0,1.5846,0.0104491
2026-05-17 20:56:42.916,0,0,0,0,0,0,0,0,0,0,0,0,0,0,0,0,0,0,0,1952,1232,48,74,92,62,1479,1479,1479,1479,4,4,4,0,0,0,0,0,0,0,0,0
2026-05-17 20:56:42.895,391,30,320,240,153600,1.04476,12.0532,1.32422,519.093,0,0,0,0,0,0,1.04497,0,1.12003,0.133333,0,0,0,0,0,0,0,0,0,0,4,4,4,0,0,0,0,4.98823,1.30033,0,1.5846,0.0104491
2026-05-17 20:56:42.971,392,30,320,240,153600,1.03013,12.0557,1.32347,520.123,0,0,0,0,0,0,1.03018,0,1.13227,0.133333,0,0,0,0,0,0,0,0,0,0,4,4,4,0,0,0,0,4.98823,1.30033,0,1.5846,0.0104491
2026-05-17 20:56:43.051,393,30,320,240,153600,1.02435,12.0568,1.32271,521.148,0,0,0,0,0,0,1.0243,0,1.10076,0.133333,0,0,0,0,0,0,0,0,0,0,4,4,4,0,0,0,0,4.98823,1.30033,0,1.5846,0.0104491
2026-05-17 20:56:43.127,394,30,320,240,153600,1.02732,12.0594,1.32196,522.175,0,0,0,0,0,0,1.02742,0,1.11185,0.133333,0,0,0,0,0,0,0,0,0,0,4,4,4,0,0,0,0,4.98823,1.30033,0,1.5846,0.0104491
2026-05-17 20:56:43.207,395,30,320,240,153600,1.53978,12.0602,1.32251,523.715,0,0,0,0,0,0,1.53983,0,1.64712,0.133333,0,0,0,0,0,0,0,0,0,0,4,4,4,0,0,0,0,4.98976,1.27914,0,1.5846,0.0104491
2026-05-17 20:56:43.283,396,30,320,240,153600,1.02023,12.063,1.32175,524.735,0,0,0,0,0,0,1.02034,0,1.12742,0.133333,0,0,0,0,0,0,0,0,0,0,4,4,4,0,0,0,0,4.98899,1.28011,0,1.58229,0.0104491
2026-05-17 20:56:43.359,397,30,320,240,153600,1.02581,12.0655,1.32101,525.761,0,0,0,0,0,0,1.02581,0,1.12196,0.133333,0,0,0,0,0,0,0,0,0,0,4,4,4,0,0,0,0,4.98899,1.28011,0,1.58229,0.0104491
2026-05-17 20:56:43.420,0,0,0,0,0,0,0,0,0,0,0,0,0,0,0,0,0,0,0,1952,1233,73,58,66,88,1479,1479,1479,1479,4,4,4,0,0,0,0,0,0,0,0,0
2026-05-17 20:56:43.439,398,30,320,240,153600,1.19451,12.0665,1.32069,526.955,0,0,0,0,0,0,1.19456,0,1.26159,0.133333,0,0,0,0,0,0,0,0,0,0,4,4,4,0,0,0,0,4.9936,1.28428,0,1.58383,0.0104491
2026-05-17 20:56:43.515,399,30,320,240,153600,1.02148,12.069,1.31994,527.977,0,0,0,0,0,0,1.02148,0,1.2043,0.133333,0,0,0,0,0,0,0,0,0,0,4,4,4,0,0,0,0,4.99129,1.26919,0,1.5846,0.0104491
2026-05-17 20:56:43.605,400,30,320,240,153600,1.19295,12.0663,1.31963,529.17,0,0,0,0,0,0,1.19295,0,1.28998,0.133333,0,0,0,0,0,0,0,0,0,0,4,4,4,0,0,0,0,4.99053,1.26213,0,1.58229,0.0104491
2026-05-17 20:56:43.671,401,30,320,240,153600,1.02258,12.0726,1.31889,530.192,0,0,0,0,0,0,1.02252,0,1.08492,0.133333,0,0,0,0,0,0,0,0,0,0,4,4,4,0,0,0,0,4.99053,1.26213,0,1.58229,0.0104491
2026-05-17 20:56:43.747,402,30,320,240,153600,1.03815,12.075,1.31819,531.231,0,0,0,0,0,0,1.0382,0,1.10091,0.133333,0,0,0,0,0,0,0,0,0,0,4,4,4,0,0,0,0,4.99206,1.25539,0,1.5846,0.0104491
2026-05-17 20:56:43.827,403,30,320,240,153600,1.03148,12.076,1.31748,532.262,0,0,0,0,0,0,1.03148,0,1.12878,0.133333,0,0,0,0,0,0,0,0,0,0,4,4,4,0,0,0,0,4.99206,1.25426,0,1.58383,0.0104491
2026-05-17 20:56:43.922,0,0,0,0,0,0,0,0,0,0,0,0,0,0,0,0,0,0,0,1952,1232,62,78,55,81,1479,1479,1479,1479,4,4,4,0,0,0,0,0,0,0,0,0
2026-05-17 20:56:43.903,404,30,320,240,153600,1.03721,12.0785,1.31679,533.299,0,0,0,0,0,0,1.03726,0,1.11086,0.133333,0,0,0,0,0,0,0,0,0,0,4,4,4,0,0,0,0,4.99206,1.2533,0,1.57998,0.0104491
2026-05-17 20:56:43.983,405,30,320,240,153600,1.02383,12.0795,1.31607,534.323,0,0,0,0,0,0,1.02383,0,1.09768,0.133333,0,0,0,0,0,0,0,0,0,0,4,4,4,0,0,0,0,4.99206,1.25185,0,1.58229,0.0104491
2026-05-17 20:56:44.059,406,30,320,240,153600,1.02846,12.0819,1.31536,535.352,0,0,0,0,0,0,1.02851,0,1.25066,0.133333,0,0,0,0,0,0,0,0,0,0,4,4,4,0,0,0,0,4.99206,1.25185,0,1.58229,0.0104491
2026-05-17 20:56:44.135,407,30,320,240,153600,1.02143,12.0844,1.31464,536.373,0,0,0,0,0,0,1.02148,0,1.12373,0.133333,0,0,0,0,0,0,0,0,0,0,4,4,4,0,0,0,0,4.99053,1.2464,0,1.58306,0.0104491
2026-05-17 20:56:44.215,408,30,320,240,153600,1.02789,12.0853,1.31394,537.401,0,0,0,0,0,0,1.02789,0,1.11675,0.133333,0,0,0,0,0,0,0,0,0,0,4,4,4,0,0,0,0,4.99129,1.24993,0,1.58383,0.0104491
2026-05-17 20:56:44.291,409,30,320,240,153600,1.02497,12.0878,1.31323,538.426,0,0,0,0,0,0,1.02497,0,1.08977,0.133333,0,0,0,0,0,0,0,0,0,0,4,4,4,0,0,0,0,4.99053,1.25378,0,1.58691,0.0104491
2026-05-17 20:56:44.371,410,30,320,240,153600,1.02544,12.0887,1.31253,539.451,0,0,0,0,0,0,1.02544,0,1.09456,0.133333,0,0,0,0,0,0,0,0,0,0,4,4,4,0,0,0,0,4.99053,1.25378,0,1.58691,0.0104491
2026-05-17 20:56:44.423,0,0,0,0,0,0,0,0,0,0,0,0,0,0,0,0,0,0,0,1952,1233,80,88,49,58,1479,1479,1479,1479,4,4,4,0,0,0,0,0,0,0,0,0
2026-05-17 20:56:44.447,411,30,320,240,153600,1.03055,12.0911,1.31185,540.482,0,0,0,0,0,0,1.03055,0,1.12357,0.133333,0,0,0,0,0,0,0,0,0,0,4,4,4,0,0,0,0,4.98976,1.26437,0,1.58306,0.0104491
2026-05-17 20:56:44.523,412,30,320,240,153600,1.02336,12.0935,1.31115,541.505,0,0,0,0,0,0,1.02336,0,1.09914,0.133333,0,0,0,0,0,0,0,0,0,0,4,4,4,0,0,0,0,4.99129,1.26309,0,1.58383,0.0104491
2026-05-17 20:56:44.603,413,30,320,240,153600,1.02945,12.0944,1.31047,542.535,0,0,0,0,0,0,1.02945,0,1.09331,0.133333,0,0,0,0,0,0,0,0,0,0,4,4,4,0,0,0,0,4.99206,1.26197,0,1.58306,0.0104491
2026-05-17 20:56:44.679,414,30,320,240,153600,1.03128,12.0967,1.3098,543.566,0,0,0,0,0,0,1.03143,0,1.29769,0.133333,0,0,0,0,0,0,0,0,0,0,4,4,4,0,0,0,0,4.99283,1.26454,0,1.58306,0.0104491
2026-05-17 20:56:44.759,415,30,320,240,153600,1.02185,12.0977,1.30911,544.588,0,0,0,0,0,0,1.02185,0,1.11972,0.133333,0,0,0,0,0,0,0,0,0,0,4,4,4,0,0,0,0,4.99283,1.26454,0,1.58306,0.0104491
2026-05-17 20:56:44.835,416,30,320,240,153600,1.02367,12.1001,1.30842,545.611,0,0,0,0,0,0,1.02367,0,1.10628,0.133333,0,0,0,0,0,0,0,0,0,0,4,4,4,0,0,0,0,4.98976,1.26775,0,1.58383,0.0104491
2026-05-17 20:56:44.924,0,0,0,0,0,0,0,0,0,0,0,0,0,0,0,0,0,0,0,1952,1233,72,93,50,66,1479,1479,1479,1479,4,4,4,0,0,0,0,0,0,0,0,0
2026-05-17 20:56:44.911,417,30,320,240,153600,1.02628,12.1024,1.30775,546.638,0,0,0,0,0,0,1.02633,0,1.10539,0.133333,0,0,0,0,0,0,0,0,0,0,4,4,4,0,0,0,0,4.99053,1.26614,0,1.58152,0.0104491
2026-05-17 20:56:44.991,418,30,320,240,153600,1.02742,12.1033,1.30708,547.665,0,0,0,0,0,0,1.02742,0,1.12336,0.133333,0,0,0,0,0,0,0,0,0,0,4,4,4,0,0,0,0,4.99129,1.24864,0,1.58383,0.0104491
2026-05-17 20:56:45.067,419,30,320,240,153600,1.04518,12.1056,1.30645,548.71,0,0,0,0,0,0,1.04513,0,1.12982,0.133333,0,0,0,0,0,0,0,0,0,0,4,4,4,0,0,0,0,4.99206,1.25009,0,1.58537,0.0104491
2026-05-17 20:56:45.147,420,30,320,240,153600,1.02435,12.1065,1.30578,549.735,0,0,0,0,0,0,1.0244,0,1.12096,0.133333,0,0,0,0,0,0,0,0,0,0,4,4,4,0,0,0,0,4.99206,1.25009,0,1.58537,0.0104491
2026-05-17 20:56:45.223,421,30,320,240,153600,1.02674,12.1088,1.30512,550.761,0,0,0,0,0,0,1.0268,0,1.12685,0.133333,0,0,0,0,0,0,0,0,0,0,4,4,4,0,0,0,0,4.99129,1.25346,0,1.58306,0.0104491
2026-05-17 20:56:45.300,422,30,320,240,153600,1.02638,12.1108,1.30446,551.788,0,0,0,0,0,0,1.02638,0,1.61082,0.133333,0,0,0,0,0,0,0,0,0,0,4,4,4,0,0,0,0,4.98823,1.26726,0,1.58383,0.0104491
2026-05-17 20:56:45.379,423,30,320,240,153600,1.02346,12.112,1.3038,552.811,0,0,0,0,0,0,1.02341,0,1.09857,0.133333,0,0,0,0,0,0,0,0,0,0,4,4,4,0,0,0,0,4.98823,1.26726,0,1.58383,0.0104491
2026-05-17 20:56:45.426,0,0,0,0,0,0,0,0,0,0,0,0,0,0,0,0,0,0,0,1952,1233,62,57,84,75,1479,1479,1479,1479,4,4,4,0,0,0,0,0,0,0,0,0
2026-05-17 20:56:45.455,424,30,320,240,153600,1.02153,12.1143,1.30314,553.833,0,0,0,0,0,0,1.02153,0,1.10779,0.133333,0,0,0,0,0,0,0,0,0,0,4,4,4,0,0,0,0,4.98516,1.29327,0,1.58383,0.0104491
2026-05-17 20:56:45.535,425,30,320,240,153600,1.02492,12.1151,1.30248,554.858,0,0,0,0,0,0,1.02492,0,1.12461,0.133333,0,0,0,0,0,0,0,0,0,0,4,4,4,0,0,0,0,4.98746,1.3098,0,1.5846,0.0104491
2026-05-17 20:56:45.611,426,30,320,240,153600,1.02242,12.1174,1.30183,555.88,0,0,0,0,0,0,1.02237,0,1.11237,0.133333,0,0,0,0,0,0,0,0,0,0,4,4,4,0,0,0,0,4.98746,1.30435,0,1.58537,0.0104491
2026-05-17 20:56:45.687,427,30,320,240,153600,1.02216,12.1196,1.30117,556.902,0,0,0,0,0,0,1.02221,0,1.10482,0.133333,0,0,0,0,0,0,0,0,0,0,4,4,4,0,0,0,0,4.98746,1.30435,0,1.58537,0.0104491
2026-05-17 20:56:45.767,428,30,320,240,153600,1.15065,12.1204,1.30082,558.053,0,0,0,0,0,0,1.15065,0,1.28904,0.133333,0,0,0,0,0,0,0,0,0,0,4,4,4,0,0,0,0,4.98669,1.28926,0,1.58537,0.0104491
2026-05-17 20:56:45.843,429,30,320,240,153600,1.13472,12.1227,1.30044,559.188,0,0,0,0,0,0,1.13466,0,1.20597,0.133333,0,0,0,0,0,0,0,0,0,0,4,4,4,0,0,0,0,4.99053,1.28701,0,1.58383,0.0104491
2026-05-17 20:56:45.927,0,0,0,0,0,0,0,0,0,0,0,0,0,0,0,0,0,0,0,1952,1233,68,46,60,92,1479,1479,1479,1479,4,4,4,0,0,0,0,0,0,0,0,0
2026-05-17 20:56:45.923,430,30,320,240,153600,1.04628,12.1235,1.29985,560.234,0,0,0,0,0,0,1.04622,0,1.13117,0.133333,0,0,0,0,0,0,0,0,0,0,4,4,4,0,0,0,0,4.99283,1.2793,0,1.58306,0.0104491
2026-05-17 20:56:45.999,431,30,320,240,153600,1.13044,12.1257,1.29945,561.364,0,0,0,0,0,0,1.13044,0,1.21638,0.133333,0,0,0,0,0,0,0,0,0,0,4,4,4,0,0,0,0,4.99283,1.2793,0,1.58306,0.0104491
2026-05-17 20:56:46.075,432,30,320,240,153600,1.02633,12.1279,1.29882,562.391,0,0,0,0,0,0,1.02628,0,1.10398,0.133333,0,0,0,0,0,0,0,0,0,0,4,4,4,0,0,0,0,4.98823,1.27802,0,1.58152,0.0104491
2026-05-17 20:56:46.231,434,30,320,240,153600,1.02226,12.131,1.29756,564.439,0,0,0,0,0,0,1.02232,0,1.11925,0.133333,0,0,0,0,0,0,0,0,0,0,4,4,4,0,0,0,0,4.98669,1.30724,0,1.58306,0.0104491
2026-05-17 20:56:46.311,435,30,320,240,153600,1.02612,12.1318,1.29694,565.465,0,0,0,0,0,0,1.02607,0,1.11419,0.133333,0,0,0,0,0,0,0,0,0,0,4,4,4,0,0,0,0,5.0028,1.07479,0,1.58383,0.0104491
2026-05-17 20:56:46.429,0,0,0,0,0,0,0,0,0,0,0,0,0,0,0,0,0,0,0,1952,1233,48,75,66,92,1479,1479,1479,1479,4,4,4,0,0,0,0,0,0,0,0,0
2026-05-17 20:56:46.387,436,30,320,240,153600,1.0269,12.1339,1.29632,566.492,0,0,0,0,0,0,1.0269,0,1.11206,0.133333,0,0,0,0,0,0,0,0,0,0,4,4,4,0,0,0,0,5.00203,1.07495,0,1.58075,0.0104491
2026-05-17 20:56:46.463,437,30,320,240,153600,1.02825,12.1361,1.29571,567.52,0,0,0,0,0,0,1.02825,0,1.13117,0.133333,0,0,0,0,0,0,0,0,0,0,4,4,4,0,0,0,0,5.00203,1.07495,0,1.58075,0.0104491
2026-05-17 20:56:46.546,438,30,320,240,153600,1.02841,12.1359,1.2951,568.549,0,0,0,0,0,0,1.02841,0,1.12992,0.133333,0,0,0,0,0,0,0,0,0,0,4,4,4,0,0,0,0,5.00127,1.07318,0,1.58152,0.0104491
2026-05-17 20:56:46.619,439,30,320,240,153600,1.11701,12.1389,1.2947,569.666,0,0,0,0,0,0,1.11706,0,1.35321,0.133333,0,0,0,0,0,0,0,0,0,0,4,4,4,0,0,0,0,5.00357,1.06548,0,1.5846,0.0104491
2026-05-17 20:56:46.699,440,30,320,240,153600,1.11399,12.1398,1.29429,570.78,0,0,0,0,0,0,1.11404,0,1.22482,0.133333,0,0,0,0,0,0,0,0,0,0,4,4,4,0,0,0,0,5.0028,1.0658,0,1.58152,0.0104491
2026-05-17 20:56:46.775,441,30,320,240,153600,1.05737,12.1419,1.29375,571.837,0,0,0,0,0,0,1.05753,0,1.13425,0.133333,0,0,0,0,0,0,0,0,0,0,4,4,4,0,0,0,0,4.99973,1.06323,0,1.58229,0.0104491
2026-05-17 20:56:46.852,442,30,320,240,153600,1.15315,12.1438,1.29343,572.99,0,0,0,0,0,0,1.15315,0,1.25925,0.133333,0,0,0,0,0,0,0,0,0,0,4,4,4,0,0,0,0,4.99973,1.06323,0,1.58229,0.0104491
2026-05-17 20:56:46.930,0,0,0,0,0,0,0,0,0,0,0,0,0,0,0,0,0,0,0,1952,1233,67,84,80,47,1479,1479,1479,1479,4,4,4,0,0,0,0,0,0,0,0,0
2026-05-17 20:56:46.931,443,30,320,240,153600,1.0257,12.1449,1.29283,574.016,0,0,0,0,0,0,1.0257,0,1.11513,0.133333,0,0,0,0,0,0,0,0,0,0,4,4,4,0,0,0,0,5.00203,1.06339,0,1.58229,0.0104491
2026-05-17 20:56:47.087,445,30,320,240,153600,1.02836,12.1477,1.29164,576.073,0,0,0,0,0,0,1.02841,0,1.10841,0.133333,0,0,0,0,0,0,0,0,0,0,4,4,4,0,0,0,0,5.00357,1.07013,0,1.58306,0.0104491
2026-05-17 20:56:47.163,446,30,320,240,153600,1.02992,12.1497,1.29106,577.103,0,0,0,0,0,0,1.02992,0,1.2405,0.133333,0,0,0,0,0,0,0,0,0,0,4,4,4,0,0,0,0,5.00203,1.06949,0,1.58152,0.0104491
2026-05-17 20:56:47.243,447,30,320,240,153600,1.03565,12.1505,1.29049,578.138,0,0,0,0,0,0,1.0357,0,1.27779,0.133333,0,0,0,0,0,0,0,0,0,0,4,4,4,0,0,0,0,5.00357,1.06484,0,1.58075,0.0104491
2026-05-17 20:56:47.395,449,30,320,240,153600,1.4842,12.1545,1.2905,580.723,0,0,0,0,0,0,1.48431,0,1.74728,0.133333,0,0,0,0,0,0,0,0,0,0,4,4,4,0,0,0,0,5.00357,1.0711,0,1.58306,0.0104491
2026-05-17 20:56:47.431,0,0,0,0,0,0,0,0,0,0,0,0,0,0,0,0,0,0,0,1952,1234,90,92,97,98,1479,1479,1479,1479,4,4,4,0,0,0,0,0,0,0,0,0
2026-05-17 20:56:47.475,450,30,320,240,153600,1.02872,12.1554,1.28991,581.752,0,0,0,0,0,0,1.02883,0,1.12774,0.133333,0,0,0,0,0,0,0,0,0,0,4,4,4,0,0,0,0,5.00127,1.06612,0,1.58229,0.0104491
2026-05-17 20:56:47.551,451,30,320,240,153600,1.03237,12.1575,1.28935,582.784,0,0,0,0,0,0,1.03232,0,1.14857,0.133333,0,0,0,0,0,0,0,0,0,0,4,4,4,0,0,0,0,4.99973,1.06901,0,1.58152,0.0104491
2026-05-17 20:56:47.631,452,30,320,240,153600,1.02367,12.1583,1.28876,583.808,0,0,0,0,0,0,1.02372,0,1.09451,0.133333,0,0,0,0,0,0,0,0,0,0,4,4,4,0,0,0,0,5.00203,1.07094,0,1.58229,0.0104491
2026-05-17 20:56:47.707,453,30,320,240,153600,1.02529,12.1603,1.28818,584.833,0,0,0,0,0,0,1.02529,0,1.09284,0.133333,0,0,0,0,0,0,0,0,0,0,4,4,4,0,0,0,0,5.00203,1.06564,0,1.58152,0.0104491
2026-05-17 20:56:47.783,454,30,320,240,153600,1.34446,12.1622,1.2883,586.177,0,0,0,0,0,0,1.34451,0,1.44602,0.133333,0,0,0,0,0,0,0,0,0,0,4,4,4,0,0,0,0,5.00203,1.06564,0,1.58152,0.0104491
2026-05-17 20:56:47.863,455,30,320,240,153600,1.02586,12.163,1.28773,587.203,0,0,0,0,0,0,1.02586,0,1.11529,0.133333,0,0,0,0,0,0,0,0,0,0,4,4,4,0,0,0,0,4.99897,1.06115,0,1.58306,0.0104491
2026-05-17 20:56:47.933,0,0,0,0,0,0,0,0,0,0,0,0,0,0,0,0,0,0,0,1952,1225,56,61,98,98,1479,1479,1479,1479,4,4,4,0,0,0,0,0,0,0,0,0
2026-05-17 20:56:47.939,456,30,320,240,153600,1.02383,12.165,1.28715,588.227,0,0,0,0,0,0,1.02388,0,1.09831,0.133333,0,0,0,0,0,0,0,0,0,0,4,4,4,0,0,0,0,5.00127,1.07142,0,1.58152,0.0104491
2026-05-17 20:56:48.020,457,30,320,240,153600,1.1307,12.1655,1.28681,589.358,0,0,0,0,0,0,1.13081,0,1.40524,0.133333,0,0,0,0,0,0,0,0,0,0,4,4,4,0,0,0,0,5.00203,1.07238,0,1.58306,0.0104491
2026-05-17 20:56:48.095,458,30,320,240,153600,1.02117,12.1677,1.28623,590.379,0,0,0,0,0,0,1.02117,0,1.09602,0.133333,0,0,0,0,0,0,0,0,0,0,4,4,4,0,0,0,0,5.00203,1.07238,0,1.58306,0.0104491
2026-05-17 20:56:48.171,459,30,320,240,153600,1.03607,12.1697,1.28568,591.415,0,0,0,0,0,0,1.03633,0,1.09253,0.133333,0,0,0,0,0,0,0,0,0,0,4,4,4,0,0,0,0,5.00203,1.06901,0,1.58229,0.0104491
2026-05-17 20:56:48.251,460,30,320,240,153600,1.02258,12.1704,1.28511,592.438,0,0,0,0,0,0,1.02258,0,1.10034,0.133333,0,0,0,0,0,0,0,0,0,0,4,4,4,0,0,0,0,5.00203,1.06901,0,1.58229,0.0104491
2026-05-17 20:56:48.327,461,30,320,240,153600,1.02305,12.1724,1.28455,593.461,0,0,0,0,0,0,1.02305,0,1.09294,0.133333,0,0,0,0,0,0,0,0,0,0,4,4,4,0,0,0,0,0,0,0,0,0
2026-05-17 20:56:48.434,0,0,0,0,0,0,0,0,0,0,0,0,0,0,0,0,0,0,0,1952,1225,68,39,92,70,1479,1479,1479,1479,4,4,4,0,0,0,0,0,0,0,0,0
2026-05-17 20:56:48.407,462,30,320,240,153600,1.02768,12.1731,1.28399,594.488,0,0,0,0,0,0,1.02768,0,1.1093,0.133333,0,0,0,0,0,0,0,0,0,0,4,4,4,0,0,0,0,5.0005,1.0666,0,1.58229,0.0104491
2026-05-17 20:56:48.483,463,30,320,240,153600,1.03997,12.175,1.28347,595.528,0,0,0,0,0,0,1.03992,0,1.12805,0.133333,0,0,0,0,0,0,0,0,0,0,4,4,4,0,0,0,0,5.00357,1.05569,0,1.58383,0.0104491
2026-05-17 20:56:48.559,464,30,320,240,153600,1.02164,12.177,1.2829,596.55,0,0,0,0,0,0,1.02164,0,1.12435,0.133333,0,0,0,0,0,0,0,0,0,0,4,4,4,0,0,0,0,5.00357,1.05569,0,1.58383,0.0104491
2026-05-17 20:56:48.639,465,30,320,240,153600,1.02966,12.1777,1.28236,597.58,0,0,0,0,0,0,1.02977,0,1.12362,0.133333,0,0,0,0,0,0,0,0,0,0,4,4,4,0,0,0,0,5.0051,1.05264,0,1.58152,0.0104491
2026-05-17 20:56:48.715,466,30,320,240,153600,1.02706,12.1796,1.28181,598.607,0,0,0,0,0,0,1.02711,0,1.11987,0.133333,0,0,0,0,0,0,0,0,0,0,4,4,4,0,0,0,0,5.0028,1.04766,0,1.58383,0.0104491
2026-05-17 20:56:48.795,467,30,320,240,153600,1.02544,12.1803,1.28127,599.632,0,0,0,0,0,0,1.02555,0,1.08487,0.133333,0,0,0,0,0,0,0,0,0,0,4,4,4,0,0,0,0,5.00357,1.05151,0,1.58229,0.0104491
2026-05-17 20:56:48.871,468,30,320,240,153600,1.41566,12.1821,1.28155,601.048,0,0,0,0,0,0,1.41571,0,1.53327,0.133333,0,0,0,0,0,0,0,0,0,0,4,4,4,0,0,0,0,5.00357,1.05151,0,1.58229,0.0104491
2026-05-17 20:56:48.935,0,0,0,0,0,0,0,0,0,0,0,0,0,0,0,0,0,0,0,1952,1225,90,51,95,48,1479,1479,1479,1479,4,4,4,0,0,0,0,0,0,0,0,0
2026-05-17 20:56:48.947,469,30,320,240,153600,1.02409,12.1842,1.281,602.072,0,0,0,0,0,0,1.02409,0,1.08555,0.133333,0,0,0,0,0,0,0,0,0,0,4,4,4,0,0,0,0,5.00434,1.05151,0,1.58229,0.0104491
2026-05-17 20:56:49.027,470,30,320,240,153600,1.02315,12.1848,1.28046,603.095,0,0,0,0,0,0,1.0231,0,1.09737,0.133333,0,0,0,0,0,0,0,0,0,0,4,4,4,0,0,0,0,0,0,0,0,0
2026-05-17 20:56:49.104,471,30,320,240,153600,1.14237,12.1866,1.28016,604.237,0,0,0,0,0,0,1.14232,0,1.26368,0.133333,0,0,0,0,0,0,0,0,0,0,4,4,4,0,0,0,0,4.9982,1.10882,0,1.58229,0.0104491
2026-05-17 20:56:49.183,472,30,320,240,153600,1.03492,12.1873,1.27965,605.272,0,0,0,0,0,0,1.03487,0,1.13763,0.133333,0,0,0,0,0,0,0,0,0,0,4,4,4,0,0,0,0,4.9982,1.10882,0,1.58229,0.0104491
2026-05-17 20:56:49.259,473,30,320,240,153600,1.03049,12.1892,1.27912,606.303,0,0,0,0,0,0,1.03081,0,1.19539,0.133333,0,0,0,0,0,0,0,0,0,0,4,4,4,0,0,0,0,4.9959,1.16035,0,1.58229,0.0104491
2026-05-17 20:56:49.335,474,30,320,240,153600,1.02107,12.1911,1.27858,607.324,0,0,0,0,0,0,1.02102,0,1.10393,0.133333,0,0,0,0,0,0,0,0,0,0,4,4,4,0,0,0,0,4.99513,1.17962,0,1.58229,0.0104491
2026-05-17 20:56:49.437,0,0,0,0,0,0,0,0,0,0,0,0,0,0,0,0,0,0,0,1952,1224,59,60,76,80,1479,1479,1479,1479,4,4,4,0,0,0,0,0,0,0,0,0
2026-05-17 20:56:49.415,475,30,320,240,153600,1.02372,12.1918,1.27804,608.348,0,0,0,0,0,0,1.02377,0,1.10117,0.133333,0,0,0,0,0,0,0,0,0,0,4,4,4,0,0,0,0,4.99436,1.17962,0,1.58383,0.0104491
2026-05-17 20:56:49.491,476,30,320,240,153600,1.02643,12.1936,1.27751,609.374,0,0,0,0,0,0,1.02643,0,1.13529,0.133333,0,0,0,0,0,0,0,0,0,0,4,4,4,0,0,0,0,4.99436,1.17962,0,1.58383,0.0104491
2026-05-17 20:56:49.571,477,30,320,240,153600,1.02299,12.1943,1.27698,610.397,0,0,0,0,0,0,1.02299,0,1.10544,0.133333,0,0,0,0,0,0,0,0,0,0,4,4,4,0,0,0,0,4.9936,1.19535,0,1.58229,0.0104491
2026-05-17 20:56:49.647,478,30,320,240,153600,1.02133,12.1961,1.27645,611.418,0,0,0,0,0,0,1.02138,0,1.09586,0.133333,0,0,0,0,0,0,0,0,0,0,4,4,4,0,0,0,0,4.99513,1.21541,0,1.58383,0.0104491
2026-05-17 20:56:49.723,479,30,320,240,153600,1.02549,12.198,1.27592,612.444,0,0,0,0,0,0,1.02549,0,1.12461,0.133333,0,0,0,0,0,0,0,0,0,0,4,4,4,0,0,0,0,4.99129,1.22007,0,1.58229,0.0104491
2026-05-17 20:56:49.803,480,30,320,240,153600,1.02549,12.1986,1.2754,613.469,0,0,0,0,0,0,1.02544,0,1.10919,0.133333,0,0,0,0,0,0,0,0,0,0,4,4,4,0,0,0,0,4.99129,1.22681,0,1.58075,0.0104491
2026-05-17 20:56:49.879,481,30,320,240,153600,1.02747,12.2004,1.27489,614.497,0,0,0,0,0,0,1.02747,0,1.08789,0.133333,0,0,0,0,0,0,0,0,0,0,4,4,4,0,0,0,0,4.99129,1.22681,0,1.58075,0.0104491
2026-05-17 20:56:49.938,0,0,0,0,0,0,0,0,0,0,0,0,0,0,0,0,0,0,0,1952,1224,50,44,84,90,1479,1479,1479,1479,4,4,4,0,0,0,0,0,0,0,0,0
2026-05-17 20:56:49.959,482,30,320,240,153600,1.02497,12.2011,1.27437,615.522,0,0,0,0,0,0,1.02497,0,1.12623,0.133333,0,0,0,0,0,0,0,0,0,0,4,4,4,0,0,0,0,4.99129,1.23532,0,1.58229,0.0104491
2026-05-17 20:56:50.035,483,30,320,240,153600,1.02372,12.2029,1.27385,616.545,0,0,0,0,0,0,1.02367,0,1.08888,0.133333,0,0,0,0,0,0,0,0,0,0,4,4,4,0,0,0,0,4.99283,1.23644,0,1.58075,0.0104491
2026-05-17 20:56:50.111,484,30,320,240,153600,1.02315,12.2047,1.27334,617.569,0,0,0,0,0,0,1.0231,0,1.08128,0.133333,0,0,0,0,0,0,0,0,0,0,4,4,4,0,0,0,0,4.99283,1.23981,0,1.58229,0.0104491
2026-05-17 20:56:50.191,485,30,320,240,153600,1.02779,12.2053,1.27283,618.596,0,0,0,0,0,0,1.02773,0,1.13039,0.133333,0,0,0,0,0,0,0,0,0,0,4,4,4,0,0,0,0,4.99283,1.23981,0,1.58229,0.0104491
2026-05-17 20:56:50.267,486,30,320,240,153600,1.02221,12.2071,1.27232,619.619,0,0,0,0,0,0,1.02226,0,1.08362,0.133333,0,0,0,0,0,0,0,0,0,0,4,4,4,0,0,0,0,4.99053,1.24286,0,1.58229,0.0104491
2026-05-17 20:56:50.347,487,30,320,240,153600,1.04154,12.2077,1.27184,620.66,0,0,0,0,0,0,1.04159,0,1.10185,0.133333,0,0,0,0,0,0,0,0,0,0,4,4,4,0,0,0,0,4.99206,1.24399,0,1.58229,0.0104491
2026-05-17 20:56:50.439,0,0,0,0,0,0,0,0,0,0,0,0,0,0,0,0,0,0,0,1952,1225,75,64,70,72,1479,1479,1479,1479,4,4,4,0,0,0,0,0,0,0,0,0
2026-05-17 20:56:50.423,488,30,320,240,153600,1.02331,12.2095,1.27134,621.683,0,0,0,0,0,0,1.02331,0,1.09706,0.133333,0,0,0,0,0,0,0,0,0,0,4,4,4,0,0,0,0,4.9936,1.21525,0,1.58152,0.0104491
2026-05-17 20:56:50.499,489,30,320,240,153600,1.01992,12.2113,1.27082,622.703,0,0,0,0,0,0,1.01987,0,1.1307,0.133333,0,0,0,0,0,0,0,0,0,0,4,4,4,0,0,0,0,4.9936,1.21525,0,1.58152,0.0104491
2026-05-17 20:56:50.579,490,30,320,240,153600,1.02258,12.2119,1.27032,623.726,0,0,0,0,0,0,1.02258,0,1.13414,0.133333,0,0,0,0,0,0,0,0,0,0,4,4,4,0,0,0,0,4.99666,1.17801,0,1.58229,0.0104491
2026-05-17 20:56:50.655,491,30,320,240,153600,1.02252,12.2137,1.26981,624.748,0,0,0,0,0,0,1.02268,0,1.10232,0.133333,0,0,0,0,0,0,0,0,0,0,4,4,4,0,0,0,0,4.9982,1.14944,0,1.58537,0.0104491
2026-05-17 20:56:50.735,492,30,320,240,153600,1.022,12.2142,1.26931,625.77,0,0,0,0,0,0,1.02195,0,1.10102,0.133333,0,0,0,0,0,0,0,0,0,0,4,4,4,0,0,0,0,4.99666,1.13194,0,1.58383,0.0104491
2026-05-17 20:56:50.811,493,30,320,240,153600,1.02732,12.216,1.26882,626.798,0,0,0,0,0,0,1.02737,0,1.12419,0.133333,0,0,0,0,0,0,0,0,0,0,4,4,4,0,0,0,0,5.0005,1.11942,0,1.58152,0.0104491
2026-05-17 20:56:50.887,494,30,320,240,153600,1.01997,12.2178,1.26832,627.818,0,0,0,0,0,0,1.01992,0,1.09623,0.133333,0,0,0,0,0,0,0,0,0,0,4,4,4,0,0,0,0,5.0005,1.11942,0,1.58152,0.0104491
2026-05-17 20:56:50.941,0,0,0,0,0,0,0,0,0,0,0,0,0,0,0,0,0,0,0,1952,1224,94,45,94,38,1479,1479,1479,1479,4,4,4,0,0,0,0,0,0,0,0,0
2026-05-17 20:56:50.967,495,30,320,240,153600,1.02341,12.2183,1.26782,628.841,0,0,0,0,0,0,1.02346,0,1.10362,0.133333,0,0,0,0,0,0,0,0,0,0,4,4,4,0,0,0,0,4.99897,1.10754,0,1.58306,0.0104491
2026-05-17 20:56:51.043,496,30,320,240,153600,1.02638,12.2201,1.26734,629.868,0,0,0,0,0,0,1.02648,0,1.13138,0.133333,0,0,0,0,0,0,0,0,0,0,4,4,4,0,0,0,0,5.0005,1.09935,0,1.58383,0.0104491
2026-05-17 20:56:51.123,497,30,320,240,153600,1.02461,12.2206,1.26685,630.892,0,0,0,0,0,0,1.02461,0,1.10565,0.133333,0,0,0,0,0,0,0,0,0,0,4,4,4,0,0,0,0,5.00127,1.10112,0,1.58152,0.0104491
2026-05-17 20:56:51.199,498,30,320,240,153600,1.04326,12.2224,1.2664,631.935,0,0,0,0,0,0,1.04326,0,1.08732,0.133333,0,0,0,0,0,0,0,0,0,0,4,4,4,0,0,0,0,5.0005,1.09325,0,1.5846,0.0104491
2026-05-17 20:56:51.275,499,30,320,240,153600,1.02956,12.2224,1.26593,632.965,0,0,0,0,0,0,1.0295,0,6.95116,0.133333,0,0,0,0,0,0,0,0,0,0,4,4,4,0,0,0,0,5.0005,1.09325,0,1.5846,0.0104491
2026-05-17 20:56:51.355,500,30,320,240,153600,1.02169,12.2247,1.26544,633.987,0,0,0,0,0,0,1.02169,0,1.10003,0.133333,0,0,0,0,0,0,0,0,0,0,4,4,4,0,0,0,0,4.99897,1.08956,0,1.58306,0.0104491
2026-05-17 20:56:51.443,0,0,0,0,0,0,0,0,0,0,0,0,0,0,0,0,0,0,0,1952,1224,73,64,48,83,1479,1479,1479,1479,4,4,4,0,0,0,0,0,0,0,0,0
2026-05-17 20:56:51.431,501,30,320,240,153600,1.04377,12.2263,1.265,635.03,0,0,0,0,0,0,1.04383,0,1.12159,0.133333,0,0,0,0,0,0,0,0,0,0,4,4,4,0,0,0,0,5.00434,1.10112,0,1.58229,0.0104491
2026-05-17 20:56:51.511,502,30,320,240,153600,1.02419,12.2269,1.26452,636.055,0,0,0,0,0,0,1.02424,0,1.1005,0.133333,0,0,0,0,0,0,0,0,0,0,4,4,4,0,0,0,0,5.0005,1.09534,0,1.58152,0.0104491
2026-05-17 20:56:51.587,503,30,320,240,153600,1.02299,12.2286,1.26404,637.078,0,0,0,0,0,0,1.02299,0,1.08727,0.133333,0,0,0,0,0,0,0,0,0,0,4,4,4,0,0,0,0,5.00203,1.0841,0,1.58306,0.0104491
2026-05-17 20:56:51.667,504,30,320,240,153600,1.02628,12.2291,1.26357,638.104,0,0,0,0,0,0,1.02628,0,1.11445,0.133333,0,0,0,0,0,0,0,0,0,0,4,4,4,0,0,0,0,5.00203,1.0841,0,1.58306,0.0104491
2026-05-17 20:56:51.744,505,30,320,240,153600,1.51827,12.2307,1.26408,639.622,0,0,0,0,0,0,1.51827,0,1.64978,0.133333,0,0,0,0,0,0,0,0,0,0,4,4,4,0,0,0,0,4.99897,1.08041,0,1.58383,0.0104491
2026-05-17 20:56:51.819,506,30,320,240,153600,1.02117,12.2325,1.2636,640.643,0,0,0,0,0,0,1.02127,0,1.12274,0.133333,0,0,0,0,0,0,0,0,0,0,4,4,4,0,0,0,0,5.00203,1.08378,0,1.58306,0.0104491
2026-05-17 20:56:51.899,507,30,320,240,153600,1.02674,12.2331,1.26313,641.67,0,0,0,0,0,0,1.02674,0,1.13128,0.133333,0,0,0,0,0,0,0,0,0,0,4,4,4,0,0,0,0,5.0005,1.0825,0,1.58306,0.0104491
2026-05-17 20:56:51.944,0,0,0,0,0,0,0,0,0,0,0,0,0,0,0,0,0,0,0,1952,1224,74,73,47,92,1479,1479,1479,1479,4,4,4,0,0,0,0,0,0,0,0,0
2026-05-17 20:56:51.975,508,30,320,240,153600,1.02237,12.2348,1.26266,642.692,0,0,0,0,0,0,1.02242,0,1.12477,0.133333,0,0,0,0,0,0,0,0,0,0,4,4,4,0,0,0,0,5.0005,1.0825,0,1.58306,0.0104491
2026-05-17 20:56:52.055,509,30,320,240,153600,1.02502,12.2353,1.26219,643.717,0,0,0,0,0,0,1.02502,0,1.08732,0.133333,0,0,0,0,0,0,0,0,0,0,4,4,4,0,0,0,0,5.00127,1.0727,0,1.5846,0.0104491
2026-05-17 20:56:52.131,510,30,320,240,153600,1.03888,12.2369,1.26175,644.756,0,0,0,0,0,0,1.03893,0,1.16706,0.133333,0,0,0,0,0,0,0,0,0,0,4,4,4,0,0,0,0,5.0028,1.08153,0,1.5846,0.0104491
2026-05-17 20:56:52.207,511,30,320,240,153600,1.03956,12.2386,1.26132,645.796,0,0,0,0,0,0,1.03956,0,1.12643,0.133333,0,0,0,0,0,0,0,0,0,0,4,4,4,0,0,0,0,4.99973,1.08394,0,1.58229,0.0104491
2026-05-17 20:56:52.287,512,30,320,240,153600,1.04294,12.2391,1.26089,646.839,0,0,0,0,0,0,1.04305,0,1.12544,0.133333,0,0,0,0,0,0,0,0,0,0,4,4,4,0,0,0,0,5.00127,1.07784,0,1.58306,0.0104491
2026-05-17 20:56:52.363,513,30,320,240,153600,1.02497,12.2408,1.26044,647.864,0,0,0,0,0,0,1.02497,0,1.08982,0.133333,0,0,0,0,0,0,0,0,0,0,4,4,4,0,0,0,0,5.00127,1.07784,0,1.58306,0.0104491
2026-05-17 20:56:52.446,0,0,0,0,0,0,0,0,0,0,0,0,0,0,0,0,0,0,0,1952,1225,61,56,83,76,1479,1479,1479,1479,4,4,4,0,0,0,0,0,0,0,0,0
2026-05-17 20:56:52.443,514,30,320,240,153600,1.02185,12.2413,1.25997,648.886,0,0,0,0,0,0,1.02185,0,1.09461,0.133333,0,0,0,0,0,0,0,0,0,0,4,4,4,0,0,0,0,5.00203,1.07046,0,1.58229,0.0104491
2026-05-17 20:56:52.519,515,30,320,240,153600,1.02794,12.2429,1.25952,649.914,0,0,0,0,0,0,1.02794,0,1.25769,0.133333,0,0,0,0,0,0,0,0,0,0,4,4,4,0,0,0,0,5.00203,1.07126,0,1.58229,0.0104491
2026-05-17 20:56:52.595,516,30,320,240,153600,1.02549,12.2446,1.25907,650.939,0,0,0,0,0,0,1.02549,0,1.11071,0.133333,0,0,0,0,0,0,0,0,0,0,4,4,4,0,0,0,0,4.99973,1.06933,0,1.58229,0.0104491
2026-05-17 20:56:52.675,517,30,320,240,153600,1.02331,12.2451,1.25861,651.962,0,0,0,0,0,0,1.02336,0,1.11727,0.133333,0,0,0,0,0,0,0,0,0,0,4,4,4,0,0,0,0,4.99973,1.06933,0,1.58229,0.0104491
2026-05-17 20:56:52.751,518,30,320,240,153600,1.03555,12.2467,1.25818,652.998,0,0,0,0,0,0,1.0356,0,1.09899,0.133333,0,0,0,0,0,0,0,0,0,0,4,4,4,0,0,0,0,4.99973,1.0833,0,1.57998,0.0104491
2026-05-17 20:56:52.831,519,30,320,240,153600,1.0245,12.2472,1.25774,654.022,0,0,0,0,0,0,1.02456,0,1.07565,0.133333,0,0,0,0,0,0,0,0,0,0,4,4,4,0,0,0,0,5.0005,1.10818,0,1.58229,0.0104491
2026-05-17 20:56:52.907,520,30,320,240,153600,1.02237,12.2488,1.25728,655.045,0,0,0,0,0,0,1.02237,0,1.10206,0.133333,0,0,0,0,0,0,0,0,0,0,4,4,4,0,0,0,0,5.00203,1.10176,0,1.58306,0.0104491
2026-05-17 20:56:52.948,0,0,0,0,0,0,0,0,0,0,0,0,0,0,0,0,0,0,0,1952,1225,76,64,86,40,1479,1479,1479,1479,4,4,4,0,0,0,0,0,0,0,0,0
2026-05-17 20:56:52.983,521,30,320,240,153600,1.02383,12.2504,1.25684,656.069,0,0,0,0,0,0,1.02378,0,1.23409,0.133333,0,0,0,0,0,0,0,0,0,0,4,4,4,0,0,0,0,5.00203,1.10176,0,1.58306,0.0104491
2026-05-17 20:56:53.063,522,30,320,240,153600,1.02404,12.2509,1.25639,657.093,0,0,0,0,0,0,1.02404,0,1.10065,0.133333,0,0,0,0,0,0,0,0,0,0,4,4,4,0,0,0,0,4.99973,1.09855,0,1.58075,0.0104491
2026-05-17 20:56:53.139,523,30,320,240,153600,1.02544,12.2525,1.25595,658.118,0,0,0,0,0,0,1.02544,0,1.08576,0.133333,0,0,0,0,0,0,0,0,0,0,4,4,4,0,0,0,0,4.99743,1.08474,0,1.57998,0.0104491
2026-05-17 20:56:53.219,524,30,320,240,153600,1.02747,12.2529,1.25552,659.146,0,0,0,0,0,0,1.02747,0,1.12414,0.133333,0,0,0,0,0,0,0,0,0,0,4,4,4,0,0,0,0,5.0005,1.08314,0,1.58306,0.0104491
2026-05-17 20:56:53.295,525,30,320,240,153600,1.02482,12.2546,1.25508,660.17,0,0,0,0,0,0,1.02482,0,1.08951,0.133333,0,0,0,0,0,0,0,0,0,0,4,4,4,0,0,0,0,5.0005,1.08314,0,1.58306,0.0104491
2026-05-17 20:56:53.371,526,30,320,240,153600,1.02039,12.2561,1.25463,661.191,0,0,0,0,0,0,1.02044,0,1.21258,0.133333,0,0,0,0,0,0,0,0,0,0,4,4,4,0,0,0,0,5.00203,1.08169,0,1.57998,0.0104491
2026-05-17 20:56:53.449,0,0,0,0,0,0,0,0,0,0,0,0,0,0,0,0,0,0,0,1952,1225,76,50,70,90,1479,1479,1479,1479,4,4,4,0,0,0,0,0,0,0,0,0
2026-05-17 20:56:53.451,527,30,320,240,153600,1.0218,12.2566,1.25419,662.213,0,0,0,0,0,0,1.0218,0,1.118,0.133333,0,0,0,0,0,0,0,0,0,0,4,4,4,0,0,0,0,5.00357,1.07623,0,1.58152,0.0104491
2026-05-17 20:56:53.527,528,30,320,240,153600,1.0268,12.2582,1.25376,663.239,0,0,0,0,0,0,1.02685,0,1.10576,0.133333,0,0,0,0,0,0,0,0,0,0,4,4,4,0,0,0,0,0,0,0,0,0
2026-05-17 20:56:53.609,529,30,320,240,153600,1.03154,12.258,1.25334,664.271,0,0,0,0,0,0,1.03159,0,1.25977,0.133333,0,0,0,0,0,0,0,0,0,0,4,4,4,0,0,0,0,5.00357,1.07399,0,1.58306,0.0104491
2026-05-17 20:56:53.683,530,30,320,240,153600,1.02263,12.2602,1.25291,665.294,0,0,0,0,0,0,1.02263,0,1.09961,0.133333,0,0,0,0,0,0,0,0,0,0,4,4,4,0,0,0,0,5.00357,1.06275,0,1.58306,0.0104491
2026-05-17 20:56:53.759,531,30,320,240,153600,1.03362,12.2618,1.25249,666.327,0,0,0,0,0,0,1.03357,0,1.09961,0.133333,0,0,0,0,0,0,0,0,0,0,4,4,4,0,0,0,0,5.00357,1.06275,0,1.58306,0.0104491
2026-05-17 20:56:53.840,532,30,320,240,153600,1.1232,12.2622,1.25225,667.45,0,0,0,0,0,0,1.12321,0,1.24352,0.133333,0,0,0,0,0,0,0,0,0,0,4,4,4,0,0,0,0,5.00357,1.05697,0,1.58229,0.0104491
2026-05-17 20:56:53.950,0,0,0,0,0,0,0,0,0,0,0,0,0,0,0,0,0,0,0,1952,1225,40,76,81,76,1479,1479,1479,1479,4,4,4,0,0,0,0,0,0,0,0,0
2026-05-17 20:56:53.915,533,30,320,240,153600,1.0231,12.2638,1.25182,668.474,0,0,0,0,0,0,1.0231,0,1.10195,0.133333,0,0,0,0,0,0,0,0,0,0,4,4,4,0,0,0,0,5.00357,1.05312,0,1.58229,0.0104491
2026-05-17 20:56:53.995,534,30,320,240,153600,1.02206,12.2642,1.25139,669.496,0,0,0,0,0,0,1.02206,0,1.123,0.133333,0,0,0,0,0,0,0,0,0,0,4,4,4,0,0,0,0,5.00357,1.0597,0,1.58306,0.0104491
2026-05-17 20:56:54.071,535,30,320,240,153600,1.02753,12.2658,1.25098,670.523,0,0,0,0,0,0,1.02758,0,1.12451,0.133333,0,0,0,0,0,0,0,0,0,0,4,4,4,0,0,0,0,5.00203,1.05745,0,1.58229,0.0104491
2026-05-17 20:56:54.147,536,30,320,240,153600,1.02612,12.2673,1.25056,671.549,0,0,0,0,0,0,1.02607,0,1.09602,0.133333,0,0,0,0,0,0,0,0,0,0,4,4,4,0,0,0,0,5.00203,1.05745,0,1.58229,0.0104491
2026-05-17 20:56:54.227,537,30,320,240,153600,1.03055,12.2677,1.25015,672.58,0,0,0,0,0,0,1.03065,0,1.26102,0.133333,0,0,0,0,0,0,0,0,0,0,4,4,4,0,0,0,0,5.00357,1.05858,0,1.58306,0.0104491
2026-05-17 20:56:54.303,538,30,320,240,153600,1.02325,12.2693,1.24973,673.603,0,0,0,0,0,0,1.02325,0,1.09919,0.133333,0,0,0,0,0,0,0,0,0,0,4,4,4,0,0,0,0,5.00357,1.05681,0,1.58306,0.0104491
2026-05-17 20:56:54.383,539,30,320,240,153600,1.02476,12.2697,1.24931,674.628,0,0,0,0,0,0,1.02482,0,1.1305,0.133333,0,0,0,0,0,0,0,0,0,0,4,4,4,0,0,0,0,5.00357,1.05681,0,1.58306,0.0104491
2026-05-17 20:56:54.453,0,0,0,0,0,0,0,0,0,0,0,0,0,0,0,0,0,0,0,1952,1225,62,72,49,93,1479,1479,1479,1479,4,4,4,0,0,0,0,0,0,0,0,0
2026-05-17 20:56:54.459,540,30,320,240,153600,1.02862,12.2712,1.2489,675.656,0,0,0,0,0,0,1.02867,0,1.12164,0.133333,0,0,0,0,0,0,0,0,0,0,4,4,4,0,0,0,0,5.00203,1.04927,0,1.58383,0.0104491
2026-05-17 20:56:54.536,541,30,320,240,153600,1.02815,12.2727,1.2485,676.685,0,0,0,0,0,0,1.02841,0,1.13425,0.133333,0,0,0,0,0,0,0,0,0,0,4,4,4,0,0,0,0,5.00587,1.0544,0,1.5846,0.0104491
2026-05-17 20:56:54.615,542,30,320,240,153600,1.02331,12.2732,1.24808,677.708,0,0,0,0,0,0,1.02326,0,1.08789,0.133333,0,0,0,0,0,0,0,0,0,0,4,4,4,0,0,0,0,5.0051,1.05986,0,1.58306,0.0104491
2026-05-17 20:56:54.691,543,30,320,240,153600,1.02482,12.2747,1.24767,678.733,0,0,0,0,0,0,1.02482,0,1.11872,0.133333,0,0,0,0,0,0,0,0,0,0,4,4,4,0,0,0,0,5.0051,1.05986,0,1.58306,0.0104491
2026-05-17 20:56:54.771,544,30,320,240,153600,1.02263,12.2751,1.24726,679.755,0,0,0,0,0,0,1.02263,0,1.08451,0.133333,0,0,0,0,0,0,0,0,0,0,4,4,4,0,0,0,0,4.99973,1.07656,0,1.58229,0.0104491
2026-05-17 20:56:54.847,545,30,320,240,153600,1.02372,12.2766,1.24685,680.779,0,0,0,0,0,0,1.02372,0,1.08326,0.133333,0,0,0,0,0,0,0,0,0,0,4,4,4,0,0,0,0,5.00127,1.07784,0,1.58075,0.0104491
2026-05-17 20:56:54.957,0,0,0,0,0,0,0,0,0,0,0,0,0,0,0,0,0,0,0,1952,1225,93,65,70,52,1479,1479,1479,1479,4,4,4,0,0,0,0,0,0,0,0,0
2026-05-17 20:56:54.923,546,30,320,240,153600,1.02638,12.2781,1.24644,681.805,0,0,0,0,0,0,1.02638,0,1.12159,0.133333,0,0,0,0,0,0,0,0,0,0,4,4,4,0,0,0,0,5.0028,1.06917,0,1.5846,0.0104491
2026-05-17 20:56:55.003,547,30,320,240,153600,1.02753,12.2785,1.24605,682.833,0,0,0,0,0,0,1.02758,0,1.12289,0.133333,0,0,0,0,0,0,0,0,0,0,4,4,4,0,0,0,0,5.0028,1.06917,0,1.5846,0.0104491
2026-05-17 20:56:55.079,548,30,320,240,153600,1.0245,12.28,1.24564,683.857,0,0,0,0,0,0,1.0245,0,1.0981,0.133333,0,0,0,0,0,0,0,0,0,0,4,4,4,0,0,0,0,5.00434,1.06725,0,1.5846,0.0104491
2026-05-17 20:56:55.159,549,30,320,240,153600,1.02586,12.2804,1.24524,684.883,0,0,0,0,0,0,1.02586,0,1.1268,0.133333,0,0,0,0,0,0,0,0,0,0,4,4,4,0,0,0,0,5.0005,1.06548,0,1.58152,0.0104491
2026-05-17 20:56:55.235,550,30,320,240,153600,1.02565,12.2819,1.24484,685.909,0,0,0,0,0,0,1.02575,0,1.10513,0.133333,0,0,0,0,0,0,0,0,0,0,4,4,4,0,0,0,0,5.00357,1.06339,0,1.58306,0.0104491
2026-05-17 20:56:55.312,551,30,320,240,153600,1.04695,12.2833,1.24449,686.956,0,0,0,0,0,0,1.04695,0,1.16571,0.133333,0,0,0,0,0,0,0,0,0,0,4,4,4,0,0,0,0,5.00434,1.06179,0,1.58075,0.0104491
2026-05-17 20:56:55.391,552,30,320,240,153600,1.02544,12.2837,1.24409,687.981,0,0,0,0,0,0,1.02539,0,1.10013,0.133333,0,0,0,0,0,0,0,0,0,0,4,4,4,0,0,0,0,5.0005,1.05617,0,1.58229,0.0104491
2026-05-17 20:56:55.458,0,0,0,0,0,0,0,0,0,0,0,0,0,0,0,0,0,0,0,1952,1225,75,63,66,73,1479,1479,1479,1479,4,4,4,0,0,0,0,0,0,0,0,0
2026-05-17 20:56:55.467,553,30,320,240,153600,1.02133,12.2852,1.24369,689.003,0,0,0,0,0,0,1.02133,0,1.12555,0.133333,0,0,0,0,0,0,0,0,0,0,4,4,4,0,0,0,0,5.0005,1.05617,0,1.58229,0.0104491
2026-05-17 20:56:55.547,554,30,320,240,153600,1.03367,12.2856,1.24331,690.036,0,0,0,0,0,0,1.03372,0,1.12638,0.133333,0,0,0,0,0,0,0,0,0,0,4,4,4,0,0,0,0,5.00127,1.06115,0,1.58306,0.0104491
2026-05-17 20:56:55.623,555,30,320,240,153600,1.02315,12.2871,1.24291,691.059,0,0,0,0,0,0,1.0232,0,1.09018,0.133333,0,0,0,0,0,0,0,0,0,0,4,4,4,0,0,0,0,5.0051,1.0536,0,1.5846,0.0104491
2026-05-17 20:56:55.703,556,30,320,240,153600,1.02221,12.2874,1.24252,692.082,0,0,0,0,0,0,1.02226,0,1.11242,0.133333,0,0,0,0,0,0,0,0,0,0,4,4,4,0,0,0,0,5.0005,1.05216,0,1.58229,0.0104491
2026-05-17 20:56:55.779,557,30,320,240,153600,1.0269,12.2889,1.24213,693.109,0,0,0,0,0,0,1.0269,0,1.12346,0.133333,0,0,0,0,0,0,0,0,0,0,4,4,4,0,0,0,0,5.0005,1.05216,0,1.58229,0.0104491
2026-05-17 20:56:55.855,558,30,320,240,153600,1.02211,12.2903,1.24174,694.131,0,0,0,0,0,0,1.02216,0,1.09607,0.133333,0,0,0,0,0,0,0,0,0,0,4,4,4,0,0,0,0,5.0051,1.05842,0,1.58152,0.0104491
2026-05-17 20:56:55.958,0,0,0,0,0,0,0,0,0,0,0,0,0,0,0,0,0,0,0,1952,1225,88,38,42,96,1479,1479,1479,1479,4,4,4,0,0,0,0,0,0,0,0,0
2026-05-17 20:56:55.935,559,30,320,240,153600,1.02279,12.2907,1.24135,695.153,0,0,0,0,0,0,1.02279,0,1.09383,0.133333,0,0,0,0,0,0,0,0,0,0,4,4,4,0,0,0,0,4.97595,1.44866,0,1.58306,0.0104491
2026-05-17 20:56:56.011,560,30,320,240,153600,1.02586,12.2921,1.24096,696.179,0,0,0,0,0,0,1.02591,0,1.13399,0.133333,0,0,0,0,0,0,0,0,0,0,4,4,4,0,0,0,0,4.97519,1.44577,0,1.58229,0.0104491
2026-05-17 20:56:56.091,561,30,320,240,153600,1.02492,12.2925,1.24058,697.204,0,0,0,0,0,0,1.02482,0,1.11737,0.133333,0,0,0,0,0,0,0,0,0,0,4,4,4,0,0,0,0,4.97519,1.44577,0,1.58229,0.0104491
2026-05-17 20:56:56.167,562,30,320,240,153600,1.02404,12.294,1.24019,698.228,0,0,0,0,0,0,1.02404,0,1.09216,0.133333,0,0,0,0,0,0,0,0,0,0,4,4,4,0,0,0,0,4.97288,1.45203,0,1.5846,0.0104491
2026-05-17 20:56:56.243,563,30,320,240,153600,1.02742,12.2954,1.23982,699.256,0,0,0,0,0,0,1.02747,0,1.13253,0.133333,0,0,0,0,0,0,0,0,0,0,4,4,4,0,0,0,0,4.97672,1.44738,0,1.58152,0.0104491
2026-05-17 20:56:56.323,564,30,320,240,153600,1.02305,12.2957,1.23943,700.279,0,0,0,0,0,0,1.02299,0,1.10195,0.133333,0,0,0,0,0,0,0,0,0,0,4,4,4,0,0,0,0,4.97519,1.44144,0,1.58229,0.0104491
2026-05-17 20:56:56.458,0,0,0,0,0,0,0,0,0,0,0,0,0,0,0,0,0,0,0,1952,1225,94,67,68,50,1479,1479,1479,1479,4,4,4,0,0,0,0,0,0,0,0,0
2026-05-17 20:56:56.400,565,30,320,240,153600,1.03674,12.2971,1.23907,701.316,0,0,0,0,0,0,1.03674,0,1.10883,0.133333,0,0,0,0,0,0,0,0,0,0,4,4,4,0,0,0,0,4.97672,1.44481,0,1.58152,0.0104491
2026-05-17 20:56:56.480,566,30,320,240,153600,1.02581,12.2975,1.2387,702.341,0,0,0,0,0,0,1.02581,0,1.11998,0.133333,0,0,0,0,0,0,0,0,0,0,4,4,4,0,0,0,0,4.97595,1.43951,0,1.58229,0.0104491
2026-05-17 20:56:56.555,567,30,320,240,153600,1.02601,12.2989,1.23832,703.367,0,0,0,0,0,0,1.02601,0,1.13659,0.133333,0,0,0,0,0,0,0,0,0,0,4,4,4,0,0,0,0,4.97595,1.43951,0,1.58229,0.0104491
2026-05-17 20:56:56.632,568,30,320,240,153600,1.02956,12.3003,1.23796,704.397,0,0,0,0,0,0,1.0295,0,1.10956,0.133333,0,0,0,0,0,0,0,0,0,0,4,4,4,0,0,0,0,4.97135,1.44304,0,1.5846,0.0104491
2026-05-17 20:56:56.711,569,30,320,240,153600,1.02456,12.3007,1.23758,705.421,0,0,0,0,0,0,1.0245,0,1.08357,0.133333,0,0,0,0,0,0,0,0,0,0,4,4,4,0,0,0,0,4.97135,1.44304,0,1.5846,0.0104491
2026-05-17 20:56:56.787,570,30,320,240,153600,1.02247,12.3021,1.2372,706.444,0,0,0,0,